-- MySQL dump 10.13  Distrib 5.7.17, for Win64 (x86_64)
--
-- Host: localhost    Database: football_main
-- ------------------------------------------------------
-- Server version	5.7.21-log

/*!40101 SET @OLD_CHARACTER_SET_CLIENT=@@CHARACTER_SET_CLIENT */;
/*!40101 SET @OLD_CHARACTER_SET_RESULTS=@@CHARACTER_SET_RESULTS */;
/*!40101 SET @OLD_COLLATION_CONNECTION=@@COLLATION_CONNECTION */;
/*!40101 SET NAMES utf8 */;
/*!40103 SET @OLD_TIME_ZONE=@@TIME_ZONE */;
/*!40103 SET TIME_ZONE='+00:00' */;
/*!40014 SET @OLD_UNIQUE_CHECKS=@@UNIQUE_CHECKS, UNIQUE_CHECKS=0 */;
/*!40014 SET @OLD_FOREIGN_KEY_CHECKS=@@FOREIGN_KEY_CHECKS, FOREIGN_KEY_CHECKS=0 */;
/*!40101 SET @OLD_SQL_MODE=@@SQL_MODE, SQL_MODE='NO_AUTO_VALUE_ON_ZERO' */;
/*!40111 SET @OLD_SQL_NOTES=@@SQL_NOTES, SQL_NOTES=0 */;

--
-- Table structure for table `amplua`
--

DROP TABLE IF EXISTS `amplua`;
/*!40101 SET @saved_cs_client     = @@character_set_client */;
/*!40101 SET character_set_client = utf8 */;
CREATE TABLE `amplua` (
  `id_amplua` int(11) NOT NULL AUTO_INCREMENT,
  `name_amplua` varchar(45) NOT NULL,
  PRIMARY KEY (`id_amplua`)
) ENGINE=InnoDB AUTO_INCREMENT=5 DEFAULT CHARSET=utf8;
/*!40101 SET character_set_client = @saved_cs_client */;

--
-- Dumping data for table `amplua`
--

LOCK TABLES `amplua` WRITE;
/*!40000 ALTER TABLE `amplua` DISABLE KEYS */;
INSERT INTO `amplua` VALUES (1,'Вратарь'),(2,'Защитник'),(3,'Полузащитник'),(4,'Нападающий');
/*!40000 ALTER TABLE `amplua` ENABLE KEYS */;
UNLOCK TABLES;

--
-- Table structure for table `divisions`
--

DROP TABLE IF EXISTS `divisions`;
/*!40101 SET @saved_cs_client     = @@character_set_client */;
/*!40101 SET character_set_client = utf8 */;
CREATE TABLE `divisions` (
  `id_division` int(11) NOT NULL,
  `name_division` varchar(45) NOT NULL,
  PRIMARY KEY (`id_division`)
) ENGINE=InnoDB DEFAULT CHARSET=utf8;
/*!40101 SET character_set_client = @saved_cs_client */;

--
-- Dumping data for table `divisions`
--

LOCK TABLES `divisions` WRITE;
/*!40000 ALTER TABLE `divisions` DISABLE KEYS */;
INSERT INTO `divisions` VALUES (1,'Высший дивизион'),(2,'Первый дивизион'),(3,'Второй дивизион A'),(4,'Второй дивизион B'),(5,'Третий дивизион A'),(6,'Третий дивизион B');
/*!40000 ALTER TABLE `divisions` ENABLE KEYS */;
UNLOCK TABLES;

--
-- Table structure for table `matches`
--

DROP TABLE IF EXISTS `matches`;
/*!40101 SET @saved_cs_client     = @@character_set_client */;
/*!40101 SET character_set_client = utf8 */;
CREATE TABLE `matches` (
  `id_match` int(11) NOT NULL AUTO_INCREMENT,
  `id_season` int(11) NOT NULL,
  `id_division` int(11) NOT NULL,
  `id_tour` int(11) NOT NULL,
  `team_home` int(11) NOT NULL,
  `goal_home` int(11) DEFAULT NULL,
  `goal_guest` int(11) DEFAULT NULL,
  `team_guest` int(11) NOT NULL,
  `m_date` datetime DEFAULT NULL,
  `id_stadium` int(11) DEFAULT NULL,
  `id_referee` int(11) DEFAULT NULL,
  `transfer` varchar(100) DEFAULT NULL,
  PRIMARY KEY (`id_match`,`id_season`,`id_division`,`id_tour`),
  KEY `fk_matches_teams1_idx` (`team_home`),
  KEY `fk_matches_teams2_idx` (`team_guest`),
  KEY `fk_matches_sesons1_idx` (`id_season`),
  KEY `fk_matches_stadiums1_idx` (`id_stadium`),
  KEY `fk_matches_divisions1_idx` (`id_division`),
  KEY `fk_matches_staff1_idx` (`id_referee`),
  CONSTRAINT `fk_matches_divisions1` FOREIGN KEY (`id_division`) REFERENCES `divisions` (`id_division`) ON DELETE NO ACTION ON UPDATE NO ACTION,
  CONSTRAINT `fk_matches_sesons1` FOREIGN KEY (`id_season`) REFERENCES `sesons` (`id_season`) ON DELETE NO ACTION ON UPDATE NO ACTION,
  CONSTRAINT `fk_matches_stadiums1` FOREIGN KEY (`id_stadium`) REFERENCES `stadiums` (`id_stadium`) ON DELETE NO ACTION ON UPDATE NO ACTION,
  CONSTRAINT `fk_matches_staff1` FOREIGN KEY (`id_referee`) REFERENCES `staff` (`id_staff`) ON DELETE NO ACTION ON UPDATE NO ACTION,
  CONSTRAINT `fk_matches_teams1` FOREIGN KEY (`team_home`) REFERENCES `teams` (`id_team`) ON DELETE NO ACTION ON UPDATE NO ACTION,
  CONSTRAINT `fk_matches_teams2` FOREIGN KEY (`team_guest`) REFERENCES `teams` (`id_team`) ON DELETE NO ACTION ON UPDATE NO ACTION
) ENGINE=InnoDB AUTO_INCREMENT=313 DEFAULT CHARSET=utf8;
/*!40101 SET character_set_client = @saved_cs_client */;

--
-- Dumping data for table `matches`
--

LOCK TABLES `matches` WRITE;
/*!40000 ALTER TABLE `matches` DISABLE KEYS */;
INSERT INTO `matches` VALUES (1,1,1,1,6,4,0,15,'2018-08-25 10:00:00',1,1,NULL),(2,1,1,1,2,14,0,11,'2018-08-25 13:30:00',1,1,NULL),(3,1,1,1,4,5,3,5,'2018-09-15 19:20:00',1,2,'Перенос Нижгары'),(4,1,1,1,9,2,2,10,'2018-08-26 15:50:00',1,3,NULL),(5,1,1,1,7,4,4,3,'2018-08-26 14:40:00',1,3,NULL),(6,1,1,1,13,3,4,14,'2018-08-26 13:30:00',1,4,NULL),(7,1,1,1,12,2,3,8,'2018-08-25 19:20:00',1,5,NULL),(8,1,1,1,38,0,8,1,'2018-08-26 18:10:00',1,5,NULL),(9,1,1,2,1,5,1,15,'2018-09-01 15:50:00',3,1,NULL),(10,1,1,2,8,2,4,38,'2018-09-02 20:30:00',1,5,NULL),(11,1,1,2,14,2,3,12,'2018-09-01 17:00:00',3,1,NULL),(12,1,1,2,3,8,0,13,'2018-09-02 17:00:00',1,5,NULL),(13,1,1,2,10,2,1,7,'2018-09-01 15:50:00',4,3,NULL),(14,1,1,2,5,5,3,9,'2018-09-02 15:50:00',1,5,NULL),(15,1,1,2,11,0,2,4,'2018-09-02 19:20:00',1,5,NULL),(16,1,1,2,6,2,2,2,'2018-09-01 20:30:00',3,4,NULL),(17,1,1,3,15,0,11,2,'2018-09-09 15:50:00',2,3,NULL),(18,1,1,3,4,5,1,6,'2018-09-08 19:20:00',1,3,NULL),(19,1,1,3,9,3,2,11,'2018-09-09 17:00:00',2,6,NULL),(20,1,1,3,7,7,2,5,'2018-09-09 18:10:00',1,6,NULL),(21,1,1,3,13,5,7,10,'2018-09-09 20:30:00',1,3,NULL),(22,1,1,3,12,2,5,3,'2018-09-09 17:00:00',1,1,NULL),(23,1,1,3,38,4,3,14,'2018-09-09 15:50:00',1,1,NULL),(24,1,1,3,1,12,1,8,'2018-10-13 19:20:00',1,4,'Перенос Альбасете'),(25,1,1,4,8,3,1,15,'2018-09-23 12:20:00',1,3,NULL),(26,1,1,4,14,2,9,1,'2018-09-23 13:30:00',1,4,NULL),(27,1,1,4,3,11,1,38,'2018-09-23 18:10:00',1,2,NULL),(28,1,1,4,10,6,10,12,'2018-09-23 17:00:00',1,1,NULL),(29,1,1,4,5,3,4,13,'2018-09-23 19:20:00',1,2,NULL),(30,1,1,4,11,3,2,7,'2018-11-05 20:30:00',1,5,'Перенос СКА'),(31,1,1,4,6,2,2,9,'2018-09-23 11:10:00',1,3,NULL),(32,1,1,4,2,1,0,4,'2018-12-09 14:40:00',1,1,'Перенос Селтик-2'),(33,1,1,5,15,1,12,4,'2018-10-07 17:00:00',1,3,NULL),(34,1,1,5,9,1,3,2,'2018-10-07 15:50:00',1,1,NULL),(35,1,1,5,7,2,3,6,'2018-10-07 19:20:00',1,5,NULL),(36,1,1,5,13,0,4,11,'2018-10-07 20:30:00',1,5,NULL),(37,1,1,5,12,5,6,5,'2018-10-07 18:10:00',1,3,NULL),(38,1,1,5,38,4,1,10,'2018-10-06 13:30:00',1,1,NULL),(39,1,1,5,1,1,1,3,'2018-10-07 14:40:00',1,2,NULL),(40,1,1,5,8,4,2,14,'2018-10-07 13:30:00',1,2,NULL),(41,1,1,6,14,1,2,15,'2018-10-21 17:00:00',1,1,NULL),(42,1,1,6,3,8,1,8,'2018-10-20 19:20:00',1,3,NULL),(43,1,1,6,10,1,10,1,'2019-01-12 13:30:00',1,1,'Перенос Лиги'),(44,1,1,6,5,3,2,38,'2018-10-21 20:30:00',1,5,NULL),(45,1,1,6,11,5,8,12,'2018-10-21 18:10:00',1,5,NULL),(46,1,1,6,6,3,1,13,'2018-10-21 14:40:00',1,4,NULL),(47,1,1,6,2,2,1,7,'2018-10-21 11:10:00',1,1,NULL),(48,1,1,6,4,4,2,9,'2018-10-21 15:50:00',1,3,NULL),(49,1,1,7,15,0,2,9,'2018-11-05 18:10:00',1,5,NULL),(50,1,1,7,7,2,2,4,'2018-11-03 12:20:00',1,3,NULL),(51,1,1,7,13,3,5,2,'2018-11-04 14:40:00',1,1,NULL),(52,1,1,7,12,3,4,6,'2018-11-04 18:10:00',1,4,NULL),(53,1,1,7,38,0,4,11,'2018-11-03 18:10:00',1,2,NULL),(54,1,1,7,1,2,0,5,'2018-11-03 14:40:00',1,2,NULL),(55,1,1,7,8,4,3,10,'2018-11-04 17:00:00',1,3,NULL),(56,1,1,7,14,1,6,3,'2018-11-05 14:40:00',1,1,NULL),(57,1,1,8,3,6,2,15,'2018-11-17 17:00:00',1,5,NULL),(58,1,1,8,10,2,0,14,'2018-11-18 18:10:00',1,5,NULL),(59,1,1,8,5,4,3,8,'2018-11-18 15:50:00',1,3,NULL),(60,1,1,8,11,1,9,1,'2018-11-18 19:20:00',1,5,NULL),(61,1,1,8,6,1,5,38,'2018-11-17 18:10:00',1,3,NULL),(62,1,1,8,2,3,0,12,'2018-11-17 14:40:00',1,1,NULL),(63,1,1,8,4,5,2,13,'2018-11-17 13:30:00',1,1,NULL),(64,1,1,8,9,2,4,7,'2018-11-18 15:50:00',2,2,NULL),(65,1,1,9,15,2,7,7,'2018-12-01 14:40:00',1,1,NULL),(66,1,1,9,13,1,3,9,'2018-12-02 14:40:00',2,4,NULL),(67,1,1,9,12,2,5,4,'2018-12-02 17:00:00',1,2,NULL),(68,1,1,9,38,0,5,2,NULL,NULL,NULL,'Техническое поражение'),(69,1,1,9,1,1,0,6,'2018-12-02 14:40:00',1,2,NULL),(70,1,1,9,8,3,2,11,'2018-12-01 20:30:00',1,2,NULL),(71,1,1,9,14,3,11,5,'2018-12-02 15:50:00',1,2,NULL),(72,1,1,9,3,9,1,10,'2018-12-02 18:10:00',2,5,NULL),(73,1,1,10,10,4,3,15,'2018-12-09 19:20:00',2,2,NULL),(74,1,1,10,5,3,3,3,'2018-12-09 17:00:00',1,5,NULL),(75,1,1,10,11,1,2,14,'2018-12-09 19:20:00',1,5,NULL),(76,1,1,10,6,3,1,8,'2018-12-08 20:30:00',1,5,NULL),(77,1,1,10,2,NULL,NULL,1,NULL,NULL,NULL,'Перенос Лиги'),(78,1,1,10,4,6,2,38,'2018-12-08 17:00:00',1,4,NULL),(79,1,1,10,9,2,2,12,'2018-12-09 18:10:00',1,5,NULL),(80,1,1,10,7,3,3,13,'2018-12-08 13:30:00',1,1,NULL),(81,1,1,11,15,2,1,13,'2019-01-26 12:20:00',1,2,'Перенос Титан'),(82,1,1,11,12,2,3,7,'2018-12-15 17:00:00',1,2,NULL),(83,1,1,11,38,4,4,9,'2018-12-15 18:10:00',1,2,NULL),(84,1,1,11,1,3,2,4,'2018-11-24 13:30:00',1,1,NULL),(85,1,1,11,8,1,5,2,'2018-12-16 11:10:00',1,2,NULL),(86,1,1,11,14,3,7,6,'2018-12-16 15:50:00',1,1,NULL),(87,1,1,11,3,5,4,11,'2018-12-16 18:10:00',1,5,NULL),(88,1,1,11,10,1,5,5,'2018-12-16 20:30:00',1,9,NULL),(89,1,1,12,5,6,3,15,'2018-12-23 15:50:00',2,2,NULL),(90,1,1,12,11,4,3,10,'2018-12-23 17:00:00',1,1,NULL),(91,1,1,12,6,1,2,3,'2018-12-23 11:10:00',1,1,NULL),(92,1,1,12,2,7,1,14,'2018-12-22 12:20:00',1,3,NULL),(93,1,1,12,4,5,2,8,'2018-12-22 13:30:00',1,3,NULL),(94,1,1,12,9,1,4,1,'2018-12-23 12:20:00',1,2,NULL),(95,1,1,12,7,NULL,NULL,38,NULL,NULL,NULL,'Перенос РМА'),(96,1,1,12,13,8,2,12,'2018-12-23 18:10:00',1,5,NULL),(97,1,1,13,15,0,3,12,'2019-01-13 13:30:00',1,3,NULL),(98,1,1,13,38,NULL,NULL,13,NULL,NULL,NULL,''),(99,1,1,13,1,2,2,7,'2018-12-22 18:10:00',1,5,NULL),(100,1,1,13,8,5,2,9,'2019-01-13 19:20:00',1,5,NULL),(101,1,1,13,14,2,9,4,'2019-01-13 14:40:00',1,4,NULL),(102,1,1,13,3,3,2,2,'2019-01-13 17:00:00',1,9,NULL),(103,1,1,13,10,3,6,6,'2019-01-13 18:10:00',1,3,NULL),(104,1,1,13,5,11,3,11,'2019-01-13 15:50:00',1,1,NULL),(105,1,1,14,11,3,1,15,'2019-01-20 19:20:00',1,5,NULL),(106,1,1,14,6,1,3,5,'2019-01-20 20:30:00',1,5,NULL),(107,1,1,14,2,9,0,10,'2019-01-19 13:30:00',1,3,NULL),(108,1,1,14,4,4,1,3,'2019-01-20 15:50:00',1,2,NULL),(109,1,1,14,9,6,2,14,'2019-01-20 14:40:00',2,1,NULL),(110,1,1,14,7,5,1,8,'2019-01-20 17:00:00',1,2,NULL),(111,1,1,14,13,2,5,1,'2019-01-20 13:30:00',2,4,NULL),(112,1,1,15,15,NULL,NULL,38,NULL,NULL,NULL,''),(113,1,1,15,1,5,2,12,'2019-01-27 15:10:00',1,2,NULL),(114,1,1,15,8,3,8,13,'2019-01-27 21:00:00',1,3,NULL),(115,1,1,15,14,1,3,7,'2019-01-27 16:20:00',1,1,NULL),(116,1,1,15,3,9,1,9,'2019-01-27 18:40:00',1,3,NULL),(117,1,1,15,10,2,4,4,'2019-01-27 14:00:00',1,2,NULL),(118,1,1,15,5,0,5,2,'2019-01-27 17:30:00',1,9,NULL),(119,1,1,15,11,2,4,6,'2019-01-27 19:50:00',1,3,NULL),(120,1,2,1,17,1,2,19,'2018-08-18 18:30:00',3,3,NULL),(121,1,2,1,22,0,3,24,'2018-09-16 14:40:00',1,4,'Перенос Атлетик'),(122,1,2,1,34,2,3,30,'2018-08-19 19:20:00',1,5,NULL),(123,1,2,1,33,0,1,18,'2018-08-19 19:40:00',3,3,NULL),(124,1,2,1,29,0,6,21,'2018-08-19 18:10:00',1,5,NULL),(125,1,2,1,16,3,1,28,'2018-08-19 20:30:00',1,5,NULL),(126,1,2,1,26,3,3,35,'2018-08-18 11:50:00',1,4,NULL),(127,1,2,1,27,5,1,20,'2018-08-18 10:40:00',1,4,NULL),(128,1,2,1,25,6,3,31,'2018-09-15 14:40:00',1,14,'Перенос Зубр'),(129,1,2,1,32,3,6,23,'2018-08-19 20:30:00',2,4,NULL),(130,1,2,2,23,3,1,19,'2019-01-13 13:30:00',2,4,'Перенос Эрствак'),(131,1,2,2,31,3,11,32,'2018-08-25 11:10:00',1,1,NULL),(132,1,2,2,20,16,2,25,'2018-08-26 19:20:00',1,5,NULL),(133,1,2,2,35,1,11,27,'2018-08-26 12:20:00',1,4,NULL),(134,1,2,2,28,3,4,26,'2018-08-25 18:10:00',1,5,NULL),(135,1,2,2,21,4,5,16,'2018-08-26 14:40:00',2,15,NULL),(136,1,2,2,18,2,5,29,'2018-08-26 17:00:00',2,4,NULL),(137,1,2,2,30,4,3,33,'2018-09-22 20:30:00',2,16,'Перенос Морс'),(138,1,2,2,24,4,2,34,'2018-08-26 20:30:00',1,5,NULL),(139,1,2,2,17,3,3,22,'2018-08-25 20:30:00',1,5,NULL),(140,1,2,3,19,2,2,22,'2018-09-01 17:00:00',4,15,NULL),(141,1,2,3,34,4,6,17,'2018-09-02 19:20:00',2,14,NULL),(142,1,2,3,33,0,3,24,'2018-09-01 21:40:00',3,3,NULL),(143,1,2,3,29,3,0,30,'2018-09-01 13:30:00',3,16,NULL),(144,1,2,3,16,1,3,18,'2018-11-03 19:20:00',1,2,'Перенос Жилкомплекс'),(145,1,2,3,26,3,2,21,'2018-09-01 12:40:00',1,3,NULL),(146,1,2,3,27,4,2,28,'2018-09-02 12:20:00',1,4,NULL),(147,1,2,3,25,3,2,35,'2018-09-01 10:20:00',1,3,NULL),(148,1,2,3,32,0,3,20,'2018-09-01 11:30:00',1,4,NULL),(149,1,2,3,23,6,2,31,'2018-09-02 18:10:00',2,17,NULL),(150,1,2,4,31,3,6,19,'2018-09-08 12:20:00',1,14,NULL),(151,1,2,4,20,3,2,23,'2018-09-09 19:20:00',2,4,NULL),(152,1,2,4,28,0,3,25,'2018-09-08 11:10:00',1,14,NULL),(153,1,2,4,21,5,4,27,'2018-09-09 14:40:00',1,3,NULL),(154,1,2,4,18,3,1,26,'2018-09-09 16:10:00',3,16,NULL),(155,1,2,4,30,3,9,16,'2018-09-08 14:40:00',1,15,NULL),(156,1,2,4,24,4,0,29,'2018-11-05 20:30:00',2,3,'Перенос Профком'),(157,1,2,4,17,12,1,33,'2018-09-09 19:20:00',1,3,NULL),(158,1,2,4,22,8,3,34,'2018-09-08 17:00:00',2,16,NULL),(159,1,2,5,19,5,1,34,'2018-09-16 20:30:00',2,3,NULL),(160,1,2,5,33,1,3,22,'2018-09-15 20:50:00',3,4,NULL),(161,1,2,5,29,0,11,17,'2018-12-22 11:10:00',1,3,'Перенос СтройЭкспо'),(162,1,2,5,16,6,0,24,'2018-09-15 20:30:00',1,2,NULL),(163,1,2,5,26,2,2,30,'2018-09-15 12:20:00',1,4,NULL),(164,1,2,5,27,2,4,18,'2018-09-16 17:00:00',1,4,NULL),(165,1,2,5,25,4,6,21,'2018-09-22 11:10:00',1,3,'Перенос Косино'),(166,1,2,5,32,3,4,28,'2018-09-15 11:10:00',1,4,NULL),(167,1,2,5,23,1,3,35,'2018-09-16 17:00:00',2,3,NULL),(168,1,2,5,31,1,3,20,'2018-09-15 12:20:00',2,3,NULL),(169,1,2,6,20,2,1,19,'2018-09-22 20:30:00',1,5,NULL),(170,1,2,6,35,2,5,31,'2018-09-23 17:00:00',2,15,NULL),(171,1,2,6,28,2,1,23,'2018-09-23 18:10:00',2,15,NULL),(172,1,2,6,21,3,2,32,'2018-09-23 14:40:00',1,4,NULL),(173,1,2,6,18,3,4,25,'2019-01-13 15:50:00',2,3,'Перенос Империя'),(174,1,2,6,30,1,2,27,'2018-09-23 15:50:00',2,3,NULL),(175,1,2,6,24,3,3,26,'2018-09-23 20:30:00',1,2,NULL),(176,1,2,6,17,3,1,16,'2018-09-23 15:50:00',1,1,NULL),(177,1,2,6,22,3,1,29,'2018-09-23 19:20:00',2,15,NULL),(178,1,2,6,34,2,6,33,'2019-01-12 14:40:00',1,3,'Перенос Аэротрейд'),(179,1,2,7,19,5,2,33,'2018-09-30 12:20:00',1,3,NULL),(180,1,2,7,29,4,4,34,'2018-09-29 10:00:00',1,3,NULL),(181,1,2,7,16,6,0,22,'2018-09-29 12:20:00',1,3,NULL),(182,1,2,7,26,2,3,17,'2018-09-29 20:30:00',3,3,NULL),(183,1,2,7,27,0,0,24,'2018-09-29 11:10:00',1,3,NULL),(184,1,2,7,25,2,1,30,'2018-09-30 13:30:00',1,3,NULL),(185,1,2,7,32,2,8,18,'2018-09-29 13:30:00',1,17,NULL),(186,1,2,7,23,2,2,21,'2018-09-30 15:50:00',2,3,NULL),(187,1,2,7,31,2,4,28,'2018-09-29 17:00:00',3,3,NULL),(188,1,2,7,20,3,1,35,'2018-09-30 19:20:00',2,2,NULL),(189,1,2,8,35,4,5,19,'2018-10-06 19:20:00',1,5,NULL),(190,1,2,8,28,2,7,20,'2018-10-06 12:20:00',1,1,NULL),(191,1,2,8,21,7,5,31,'2018-10-07 15:50:00',2,5,NULL),(192,1,2,8,18,5,2,23,'2018-10-07 17:00:00',2,1,NULL),(193,1,2,8,30,2,2,32,'2018-10-07 18:10:00',2,5,NULL),(194,1,2,8,24,2,5,25,'2018-10-06 20:30:00',1,5,NULL),(195,1,2,8,17,5,2,27,'2018-10-07 11:10:00',1,15,NULL),(196,1,2,8,22,4,2,26,'2018-10-07 13:30:00',2,5,NULL),(197,1,2,8,34,2,21,16,'2019-01-20 15:00:00',3,16,'Перенос Фут. академия'),(198,1,2,8,33,6,3,29,'2018-10-07 20:30:00',2,3,NULL),(199,1,2,9,19,5,1,29,'2018-10-14 13:30:00',1,4,NULL),(200,1,2,9,16,7,0,33,'2018-10-14 20:30:00',2,17,NULL),(201,1,2,9,26,3,3,34,'2018-10-13 12:20:00',1,3,NULL),(202,1,2,9,27,0,3,22,'2018-10-14 19:20:00',1,3,NULL),(203,1,2,9,25,0,3,17,'2018-10-14 20:30:00',1,3,NULL),(204,1,2,9,32,3,3,24,'2018-10-13 12:20:00',2,15,NULL),(205,1,2,9,23,3,5,30,'2018-10-14 15:50:00',1,3,NULL),(206,1,2,9,31,2,3,18,'2018-10-13 14:40:00',1,3,NULL),(207,1,2,9,20,3,7,21,'2018-10-14 19:20:00',2,17,NULL),(208,1,2,9,35,3,7,28,'2018-10-13 15:50:00',1,3,NULL),(209,1,2,10,28,1,4,19,'2018-10-21 13:30:00',1,3,NULL),(210,1,2,10,21,NULL,NULL,35,NULL,NULL,NULL,''),(211,1,2,10,18,6,1,20,'2018-10-21 14:40:00',2,2,NULL),(212,1,2,10,30,2,5,31,'2018-10-21 13:30:00',2,15,NULL),(213,1,2,10,24,2,3,23,'2018-11-10 20:30:00',1,2,'Перенос Бобби Дэззлер'),(214,1,2,10,17,1,3,32,'2018-10-20 11:10:00',1,15,NULL),(215,1,2,10,22,6,3,25,'2018-10-20 19:20:00',2,16,NULL),(216,1,2,10,34,1,4,27,'2018-10-21 13:50:00',4,16,NULL),(217,1,2,10,33,2,2,26,'2018-10-21 20:30:00',2,3,NULL),(218,1,2,10,29,1,2,16,'2018-10-20 12:20:00',1,15,NULL),(219,1,2,11,19,2,3,16,'2018-10-27 17:00:00',1,16,NULL),(220,1,2,11,26,7,1,29,'2018-10-27 12:20:00',1,3,NULL),(221,1,2,11,27,2,2,33,'2018-10-27 12:20:00',2,15,NULL),(222,1,2,11,25,10,2,34,'2018-10-28 11:10:00',2,16,NULL),(223,1,2,11,32,2,4,22,'2018-10-28 20:30:00',1,3,NULL),(224,1,2,11,23,1,2,17,'2018-10-28 15:50:00',1,3,NULL),(225,1,2,11,31,3,3,24,'2018-10-27 14:40:00',1,3,NULL),(226,1,2,11,20,6,2,30,'2018-10-28 19:20:00',1,3,NULL),(227,1,2,11,35,2,14,18,'2018-10-28 17:00:00',2,15,NULL),(228,1,2,11,28,1,3,21,'2018-10-28 19:20:00',2,17,NULL),(229,1,2,12,21,2,4,19,'2018-11-05 17:00:00',2,15,NULL),(230,1,2,12,18,2,1,28,'2018-11-05 15:50:00',1,4,NULL),(231,1,2,12,24,3,2,20,'2018-11-03 14:40:00',2,4,NULL),(232,1,2,12,17,15,1,31,'2018-11-03 19:20:00',2,15,NULL),(233,1,2,12,22,1,3,23,'2018-11-05 17:00:00',1,4,NULL),(234,1,2,12,34,5,3,32,'2018-11-04 12:20:00',1,2,NULL),(235,1,2,12,33,1,3,25,'2018-11-03 10:00:00',1,16,NULL),(236,1,2,12,29,6,3,27,'2018-11-03 11:10:00',1,3,NULL),(237,1,2,12,16,9,2,26,'2019-01-12 19:20:00',2,16,'Перенос Лефортово'),(238,1,2,13,19,6,1,26,'2018-11-10 17:00:00',1,3,NULL),(239,1,2,13,27,0,7,16,'2018-11-10 11:10:00',1,3,NULL),(240,1,2,13,25,3,3,29,'2018-11-11 10:00:00',1,16,NULL),(241,1,2,13,32,2,0,33,'2018-11-11 20:30:00',1,3,NULL),(242,1,2,13,23,3,3,34,'2018-11-11 17:00:00',2,17,NULL),(243,1,2,13,31,2,10,22,'2018-11-11 12:20:00',1,16,NULL),(244,1,2,13,20,0,3,17,'2018-12-16 18:10:00',2,1,'Обоюдный перенос'),(245,1,2,13,28,1,3,30,'2018-11-10 12:20:00',1,3,NULL),(246,1,2,13,21,2,6,18,'2018-11-11 15:50:00',2,17,NULL),(247,1,2,14,18,1,0,19,'2018-11-18 14:40:00',1,3,NULL),(248,1,2,14,30,2,4,21,'2018-11-18 14:40:00',2,2,NULL),(249,1,2,14,24,1,2,28,'2018-11-18 20:30:00',1,5,NULL),(250,1,2,14,22,2,4,20,'2018-11-17 15:50:00',1,5,NULL),(251,1,2,14,34,9,0,31,'2018-11-17 12:20:00',1,2,NULL),(252,1,2,14,33,2,8,23,'2018-11-18 20:30:00',2,3,NULL),(253,1,2,14,29,4,1,32,'2018-11-18 18:10:00',2,2,NULL),(254,1,2,14,16,7,4,25,'2018-11-17 20:30:00',1,3,NULL),(255,1,2,14,26,5,2,27,'2018-12-23 20:30:00',2,4,'Перенос Фора'),(256,1,2,15,19,4,0,27,'2018-11-24 13:30:00',2,17,NULL),(257,1,2,15,25,0,3,26,'2018-11-25 20:30:00',2,5,NULL),(258,1,2,15,32,1,10,16,'2018-11-25 20:30:00',1,3,NULL),(259,1,2,15,23,6,3,29,'2018-11-25 18:10:00',2,3,NULL),(260,1,2,15,31,5,4,33,'2018-11-25 12:20:00',2,16,NULL),(261,1,2,15,20,3,3,34,'2018-11-25 19:20:00',1,5,NULL),(262,1,2,15,28,1,4,17,'2018-11-25 16:10:00',3,15,NULL),(263,1,2,15,21,3,2,24,'2018-11-25 15:50:00',2,17,NULL),(264,1,2,15,18,4,0,30,'2018-11-25 14:40:00',1,3,NULL),(265,1,2,16,30,0,4,19,'2018-12-02 15:00:00',3,16,NULL),(266,1,2,16,24,4,3,18,'2018-12-02 19:40:00',3,15,NULL),(267,1,2,16,17,8,2,21,'2018-12-02 19:20:00',2,5,NULL),(268,1,2,16,22,8,5,28,'2019-01-13 14:40:00',2,1,'Перенос Заря'),(269,1,2,16,34,NULL,NULL,35,NULL,NULL,NULL,''),(270,1,2,16,33,1,5,20,'2018-12-01 13:30:00',2,15,NULL),(271,1,2,16,29,9,1,31,'2018-12-01 10:00:00',1,3,NULL),(272,1,2,16,16,1,0,23,'2018-12-01 20:30:00',2,16,NULL),(273,1,2,16,26,10,1,32,'2018-12-01 12:20:00',1,3,NULL),(274,1,2,16,27,3,1,25,'2018-12-01 13:30:00',1,3,NULL),(275,1,2,17,19,3,3,25,'2018-12-09 15:00:00',3,17,NULL),(276,1,2,17,32,3,7,27,'2018-12-09 20:30:00',2,15,NULL),(277,1,2,17,23,4,1,26,'2018-12-09 13:30:00',1,15,NULL),(278,1,2,17,31,6,13,16,'2018-12-09 12:20:00',1,15,NULL),(279,1,2,17,20,7,3,29,'2018-12-09 17:00:00',2,1,NULL),(280,1,2,17,35,NULL,NULL,33,NULL,NULL,NULL,''),(281,1,2,17,28,11,4,34,'2018-12-09 18:10:00',2,1,NULL),(282,1,2,17,21,5,5,22,'2018-12-09 15:50:00',2,4,NULL),(283,1,2,17,18,2,2,17,'2018-12-09 14:40:00',2,4,NULL),(284,1,2,17,30,3,4,24,'2018-12-09 15:50:00',1,2,NULL),(285,1,2,18,24,4,7,19,'2018-12-23 13:30:00',1,2,NULL),(286,1,2,18,17,4,3,30,'2018-12-23 18:10:00',2,3,NULL),(287,1,2,18,22,2,1,18,'2018-12-23 15:50:00',1,1,NULL),(288,1,2,18,34,2,6,21,'2018-12-23 12:20:00',2,16,NULL),(289,1,2,18,33,8,2,28,'2018-12-22 15:50:00',1,2,NULL),(290,1,2,18,29,NULL,NULL,35,NULL,NULL,NULL,''),(291,1,2,18,16,3,0,20,'2018-12-23 20:30:00',1,3,NULL),(292,1,2,18,26,3,6,31,'2018-12-22 19:20:00',1,5,NULL),(293,1,2,18,27,0,3,23,'2018-12-22 14:40:00',1,2,NULL),(294,1,2,18,25,3,3,32,'2018-12-22 12:20:00',2,16,NULL),(295,1,2,19,19,2,0,32,'2019-01-19 12:20:00',1,3,NULL),(296,1,2,19,23,7,5,25,'2019-01-20 14:40:00',1,3,NULL),(297,1,2,19,31,2,5,27,'2019-01-19 15:50:00',1,5,NULL),(298,1,2,19,20,6,2,26,'2019-01-19 19:20:00',1,2,NULL),(299,1,2,19,28,5,3,29,'2019-01-20 10:00:00',2,28,NULL),(300,1,2,19,21,2,1,33,'2019-01-20 18:10:00',1,5,NULL),(301,1,2,19,18,20,3,34,'2019-01-20 16:10:00',3,16,NULL),(302,1,2,19,30,1,3,22,'2019-01-20 15:00:00',4,4,NULL),(303,1,2,19,24,0,5,17,'2019-01-20 12:20:00',1,29,'Техническое поражение'),(304,1,2,20,19,4,3,17,'2019-01-26 14:40:00',1,3,NULL),(305,1,2,20,24,4,3,22,'2019-01-26 20:30:00',1,2,NULL),(306,1,2,20,30,6,2,34,'2019-01-27 13:50:00',3,16,NULL),(307,1,2,20,18,3,0,33,'2019-01-27 15:00:00',3,16,NULL),(308,1,2,20,21,2,0,29,'2019-01-27 17:30:00',2,17,NULL),(309,1,2,20,28,3,4,16,'2019-01-26 10:00:00',1,2,NULL),(310,1,2,20,20,9,3,27,'2019-01-26 19:20:00',1,4,NULL),(311,1,2,20,31,7,5,25,'2019-01-26 13:30:00',1,3,NULL),(312,1,2,20,23,4,0,32,'2019-01-27 15:10:00',2,4,NULL);
/*!40000 ALTER TABLE `matches` ENABLE KEYS */;
UNLOCK TABLES;
/*!50003 SET @saved_cs_client      = @@character_set_client */ ;
/*!50003 SET @saved_cs_results     = @@character_set_results */ ;
/*!50003 SET @saved_col_connection = @@collation_connection */ ;
/*!50003 SET character_set_client  = utf8 */ ;
/*!50003 SET character_set_results = utf8 */ ;
/*!50003 SET collation_connection  = utf8_general_ci */ ;
/*!50003 SET @saved_sql_mode       = @@sql_mode */ ;
/*!50003 SET sql_mode              = 'STRICT_TRANS_TABLES,NO_AUTO_CREATE_USER,NO_ENGINE_SUBSTITUTION' */ ;
DELIMITER ;;
/*!50003 CREATE*/ /*!50017 DEFINER=`root`@`localhost`*/ /*!50003 trigger tr_bef_ins_matches before insert on matches 
for each row
begin 
	if new.id_referee is null then 
		set new.goal_home = null;
        set new.goal_guest = null;
    end if;
end */;;
DELIMITER ;
/*!50003 SET sql_mode              = @saved_sql_mode */ ;
/*!50003 SET character_set_client  = @saved_cs_client */ ;
/*!50003 SET character_set_results = @saved_cs_results */ ;
/*!50003 SET collation_connection  = @saved_col_connection */ ;
/*!50003 SET @saved_cs_client      = @@character_set_client */ ;
/*!50003 SET @saved_cs_results     = @@character_set_results */ ;
/*!50003 SET @saved_col_connection = @@collation_connection */ ;
/*!50003 SET character_set_client  = utf8 */ ;
/*!50003 SET character_set_results = utf8 */ ;
/*!50003 SET collation_connection  = utf8_general_ci */ ;
/*!50003 SET @saved_sql_mode       = @@sql_mode */ ;
/*!50003 SET sql_mode              = 'STRICT_TRANS_TABLES,NO_AUTO_CREATE_USER,NO_ENGINE_SUBSTITUTION' */ ;
DELIMITER ;;
/*!50003 CREATE*/ /*!50017 DEFINER=`root`@`localhost`*/ /*!50003 trigger tr_aft_ins_matches after insert on matches 
for each row
begin 

declare team_home int;
declare team_guest int;

declare goal_h int;
declare goal_v int;
declare befor int;

#set befor = old.goal_home;

set team_home = new.team_home;
set team_guest = new.team_guest;
set goal_h = new.goal_home;
set goal_v = new.goal_guest;

#if goal_h is not null then 
if new.id_referee is not null then 

	    if goal_h > goal_v then
    #победа первой
		update tournament_table 
		set games= games + 1, wins = wins + 1, goals_scored = goals_scored + goal_h,
        goals_conceded = goals_conceded + goal_v, points = points + 3
        where id_team = team_home;
	#поражение второй
		update tournament_table
        set games= games + 1, losses = losses + 1, goals_scored = goals_scored + goal_v,
        goals_conceded = goals_conceded + goal_h
        where id_team = team_guest;
        
    elseif goal_h < goal_v then
    #поражение первой
		update tournament_table
        set games= games + 1, losses = losses + 1, goals_scored = goals_scored + goal_h,
        goals_conceded = goals_conceded + goal_v
        where id_team = team_home;
	#победа второй
        update tournament_table 
		set games= games + 1, wins = wins + 1, goals_scored = goals_scored + goal_v,
        goals_conceded = goals_conceded + goal_h, points = points + 3
        where id_team = team_guest;
        
	else
    #ничья
		update tournament_table
		set games= games + 1, draws = draws + 1, goals_scored = goals_scored + goal_h,
        goals_conceded = goals_conceded + goal_v, points = points + 1
        where id_team = team_home;
        
        update tournament_table
		set games= games + 1, draws = draws + 1, goals_scored = goals_scored + goal_v,
        goals_conceded = goals_conceded + goal_h, points = points + 1
        where id_team = team_guest;
    
        
    end if;

end if;

end */;;
DELIMITER ;
/*!50003 SET sql_mode              = @saved_sql_mode */ ;
/*!50003 SET character_set_client  = @saved_cs_client */ ;
/*!50003 SET character_set_results = @saved_cs_results */ ;
/*!50003 SET collation_connection  = @saved_col_connection */ ;
/*!50003 SET @saved_cs_client      = @@character_set_client */ ;
/*!50003 SET @saved_cs_results     = @@character_set_results */ ;
/*!50003 SET @saved_col_connection = @@collation_connection */ ;
/*!50003 SET character_set_client  = utf8 */ ;
/*!50003 SET character_set_results = utf8 */ ;
/*!50003 SET collation_connection  = utf8_general_ci */ ;
/*!50003 SET @saved_sql_mode       = @@sql_mode */ ;
/*!50003 SET sql_mode              = 'STRICT_TRANS_TABLES,NO_AUTO_CREATE_USER,NO_ENGINE_SUBSTITUTION' */ ;
DELIMITER ;;
/*!50003 CREATE*/ /*!50017 DEFINER=`root`@`localhost`*/ /*!50003 trigger up_tournament_table after update on matches 
for each row
begin 

declare team_home int;
declare team_guest int;

declare goal_h int;
declare goal_v int;
declare befor int;

set befor = old.goal_home;

set team_home = old.team_home;
set team_guest = old.team_guest;
set goal_h = new.goal_home;
set goal_v = new.goal_guest;
if goal_h is not null and old.goal_home is null then

    
    if goal_h > goal_v then
    #победа первой
		update tournament_table 
		set games= games + 1, wins = wins + 1, goals_scored = goals_scored + goal_h,
        goals_conceded = goals_conceded + goal_v, points = points + 3
        where id_team = team_home;
	#поражение второй
		update tournament_table
        set games= games + 1, losses = losses + 1, goals_scored = goals_scored + goal_v,
        goals_conceded = goals_conceded + goal_h
        where id_team = team_guest;
        
    elseif goal_h < goal_v then
    #поражение первой
		update tournament_table
        set games= games + 1, losses = losses + 1, goals_scored = goals_scored + goal_h,
        goals_conceded = goals_conceded + goal_v
        where id_team = team_home;
	#победа второй
        update tournament_table 
		set games= games + 1, wins = wins + 1, goals_scored = goals_scored + goal_v,
        goals_conceded = goals_conceded + goal_h, points = points + 3
        where id_team = team_guest;
        
	else
    #ничья
		update tournament_table
		set games= games + 1, draws = draws + 1, goals_scored = goals_scored + goal_h,
        goals_conceded = goals_conceded + goal_v, points = points + 1
        where id_team = team_home;
        
        update tournament_table
		set games= games + 1, draws = draws + 1, goals_scored = goals_scored + goal_v,
        goals_conceded = goals_conceded + goal_h, points = points + 1
        where id_team = team_guest;
    
    end if;
elseif old.goal_home <> new.goal_home or old.goal_guest <> new.goal_guest then
	set goal_h = new.goal_home;
	set goal_v = new.goal_guest;
    if goal_h > goal_v then
    #победа первой
		if old.goal_home > old.goal_guest then 
			#старая победа первой
            update tournament_table
            set goals_scored = goals_scored - old.goal_home + new.goal_home,
            goals_conceded = goals_conceded - old.goal_guest + new.goal_guest
            where id_team = team_home;
            #старое поражение второй
            update tournament_table
			set goals_scored = goals_scored - old.goal_guest + new.goal_guest,
			goals_conceded = goals_conceded - old.goal_home + new.goal_home
			where id_team = team_guest;
        end if;
        #доделать для каждого старого события
		/*update tournament_table 
		set wins = wins + 1, goals_scored = goals_scored + goal_h,
        goals_conceded = goals_conceded + goal_v, points = points + 3
        where id_team = team_home;
	#поражение второй
		update tournament_table
        set losses = losses + 1, goals_scored = goals_scored + goal_v,
        goals_conceded = goals_conceded + goal_h
        where id_team = team_guest;*/
        
    elseif goal_h < goal_v then
    #поражение первой
		update tournament_table
        set losses = losses + 1, goals_scored = goals_scored + goal_h,
        goals_conceded = goals_conceded + goal_v
        where id_team = team_home;
	#победа второй
        update tournament_table 
		set wins = wins + 1, goals_scored = goals_scored + goal_v,
        goals_conceded = goals_conceded + goal_h, points = points + 3
        where id_team = team_guest;
        
	else
    #ничья
		update tournament_table
		set draws = draws + 1, goals_scored = goals_scored + goal_h,
        goals_conceded = goals_conceded + goal_v, points = points + 1
        where id_team = team_home;
        
        update tournament_table
		set draws = draws + 1, goals_scored = goals_scored + goal_v,
        goals_conceded = goals_conceded + goal_h, points = points + 1
        where id_team = team_guest;
    
    end if;      
end if;
end */;;
DELIMITER ;
/*!50003 SET sql_mode              = @saved_sql_mode */ ;
/*!50003 SET character_set_client  = @saved_cs_client */ ;
/*!50003 SET character_set_results = @saved_cs_results */ ;
/*!50003 SET collation_connection  = @saved_col_connection */ ;

--
-- Table structure for table `players`
--

DROP TABLE IF EXISTS `players`;
/*!40101 SET @saved_cs_client     = @@character_set_client */;
/*!40101 SET character_set_client = utf8 */;
CREATE TABLE `players` (
  `id_player` int(11) NOT NULL AUTO_INCREMENT,
  `id_team` int(11) DEFAULT NULL,
  `name` varchar(100) NOT NULL,
  `id_amplua` int(11) DEFAULT NULL,
  `birthdate` date DEFAULT NULL,
  `number` int(11) DEFAULT NULL,
  `photo` varchar(45) DEFAULT NULL,
  PRIMARY KEY (`id_player`),
  KEY `fk_players_teams_idx` (`id_team`),
  KEY `fk_players_amplua1_idx` (`id_amplua`),
  CONSTRAINT `fk_players_amplua1` FOREIGN KEY (`id_amplua`) REFERENCES `amplua` (`id_amplua`) ON DELETE NO ACTION ON UPDATE NO ACTION,
  CONSTRAINT `fk_players_teams` FOREIGN KEY (`id_team`) REFERENCES `teams` (`id_team`) ON DELETE NO ACTION ON UPDATE NO ACTION
) ENGINE=InnoDB AUTO_INCREMENT=1011 DEFAULT CHARSET=utf8;
/*!40101 SET character_set_client = @saved_cs_client */;

--
-- Dumping data for table `players`
--

LOCK TABLES `players` WRITE;
/*!40000 ALTER TABLE `players` DISABLE KEYS */;
INSERT INTO `players` VALUES (1,1,'Артамонов Михаил',4,'1985-01-07',27,'Артамонов Михаил.png'),(2,1,'Балаян Нарек',3,'1991-03-20',4,'Балаян Нарек.png'),(3,1,'Бунтов Максим',4,'1984-03-28',22,'Бунтов Максим.png'),(4,1,'Горячев Антон',3,'1990-03-24',9,'Горячев Антон.png'),(5,1,'Демянков Сергей',3,'1990-03-16',10,'Демянков Сергей.png'),(6,1,'Журавлёв Александр',2,'1985-02-22',18,'Журавлёв Александр.png'),(7,1,'Кликин Максим',1,'1981-04-30',1,'Кликин Максим.png'),(8,1,'Клинин Андрей',3,'1986-12-26',6,'Клинин Андрей.png'),(9,1,'Козлов Юрий',2,'1986-03-20',8,'Козлов Юрий.png'),(10,1,'Колыванов Илья',4,'1985-04-06',99,'Колыванов Илья.png'),(11,1,'Косачёв Виктор',2,'1991-11-03',77,'Косачёв Виктор.png'),(12,1,'Костенко Евгений',1,'1986-11-01',61,'Костенко Евгений.png'),(13,1,'Кулагин Антон',2,'1986-04-16',3,'Кулагин Антон.png'),(14,1,'Максимов Александр',3,'1990-05-17',7,'Максимов Александр.png'),(15,1,'Мельников Андрей',1,'1979-04-02',35,'Мельников Андрей.png'),(16,1,'Миронов Андрей',3,'1991-06-23',33,'Миронов Андрей.png'),(17,1,'Миронов Николай',3,'1988-05-05',5,'Миронов Николай.png'),(18,1,'Мухин Максим',3,'1987-02-19',70,'Мухин Максим.png'),(19,1,'Новиков Юрий',3,'1985-04-23',13,'Новиков Юрий.png'),(20,1,'Перемитин Анатолий',4,'1986-10-27',25,'Перемитин Анатолий.png'),(21,1,'Прокопьев Константин',3,'1993-04-07',11,'Прокопьев Константин.png'),(22,1,'Садиков Марат',2,'1991-05-03',88,'Садиков Марат.png'),(23,1,'Сучков Денис',2,'1985-11-03',2,'Сучков Денис.png'),(24,1,'Уразаков Эдуард',3,'1985-04-14',85,'Уразаков Эдуард.png'),(25,1,'Харламов Сергей',2,'1991-01-24',17,'Харламов Сергей.png'),(26,2,'Аносов Роман',3,'1990-05-15',87,'Аносов Роман.png'),(27,2,'Антипов Артём',3,'1988-11-28',11,'Антипов Артём.png'),(28,2,'Гумеров Азамат',4,'1978-12-07',9,'Гумеров Азамат.png'),(29,2,'Домрин Дмитрий',2,'1992-09-18',5,'Домрин Дмитрий.png'),(31,2,'Иванов Андрей',3,'1991-05-19',8,'Иванов Андрей.png'),(32,2,'Каретников Михаил',3,'1991-10-08',14,'Каретников Михаил.png'),(33,2,'Кузнецов Василий',1,'1978-08-24',1,'Кузнецов Василий.png'),(34,2,'Кузьмин Михаил',4,'1988-01-08',25,'Кузьмин Михаил.png'),(35,2,'Ларин Андрей',1,'1971-02-05',1,'Ларин Андрей.png'),(36,2,'Мосаутов Александр',4,'1976-07-13',0,'Мосаутов Александр.png'),(37,2,'Озеров Александр',2,'1986-08-21',2,'Озеров Александр.png'),(38,2,'Павленко Алексей',3,'1984-07-29',7,'Павленко Алексей.png'),(39,2,'Паршиков Владислав',3,'1996-02-19',0,'Паршиков Владислав.png'),(40,2,'Пискунов Антон',2,'1989-07-12',12,'Пискунов Антон.png'),(41,2,'Пискунов Леонид',3,'1978-02-15',15,'Пискунов Леонид.png'),(42,2,'Потапенко Дмитрий',2,'1991-04-10',4,'Потапенко Дмитрий.png'),(43,2,'Спицин Александр',3,'1980-06-23',80,'Спицин Александр.png'),(44,2,'Сучков Александр',4,'1969-04-23',0,'Сучков Александр.png'),(45,2,'Терёхин Павел',2,'1980-12-21',0,'Терёхин Павел.png'),(46,2,'Филатов Кирилл',1,'1987-04-02',16,'Филатов Кирилл.png'),(47,2,'Чечукевич Алексей',4,'1987-08-24',90,'Чечукевич Алексей.png'),(48,2,'Шевчук Игорь',2,'1979-12-04',3,'Шевчук Игорь.png'),(49,2,'Шеин Игорь',3,'1989-01-08',10,'Шеин Игорь.png'),(50,3,'Гудей Дмитрий',3,'1984-05-10',20,'Гудей Дмитрий.png'),(51,3,'Дмитриев Вячеслав',3,'1990-05-28',3,'Дмитриев Вячеслав.png'),(52,3,'Ерошкин Алексей',3,'1987-01-20',6,'Ерошкин Алексей.png'),(53,3,'Закеров Марат',2,'1988-04-23',70,'Закеров Марат.png'),(54,3,'Корнеев Игорь',2,'1993-04-26',44,'Корнеев Игорь.png'),(55,3,'Королёв Дмитрий',2,'1988-04-15',88,'Королёв Дмитрий.png'),(56,3,'Кузьмин Алексей',3,'1990-10-08',24,'Кузьмин Алексей.png'),(57,3,'Курамшин Дамир',4,'1986-08-20',86,'Курамшин Дамир.png'),(58,3,'Маврин Василий',3,'1989-11-05',4,'Маврин Василий.png'),(59,3,'Макаров Александр',3,'1991-06-30',23,'Макаров Александр.png'),(60,3,'Манюков Александр',2,'1993-01-27',75,'Манюков Александр.png'),(61,3,'Минасян Альберт',3,'1993-06-19',27,'Минасян Альберт.png'),(62,3,'Мирзоев Нарек',2,'1987-08-20',5,'Мирзоев Нарек.png'),(63,3,'Платухин Алексей',2,'1982-06-26',2,'Платухин Алексей.png'),(64,3,'Погорелов Андрей',1,'1979-03-18',1,'Погорелов Андрей.png'),(65,3,'Салихов Радик',4,'1989-09-01',7,'Салихов Радик.png'),(66,3,'Самылин Алексей',3,'1997-10-15',0,'Самылин Алексей.png'),(67,3,'Свиридов Кирилл',2,'1992-07-31',15,'Свиридов Кирилл.png'),(68,3,'Сидин Виктор',3,'1991-04-02',9,'Сидин Виктор.png'),(69,3,'Таибов Ренат',4,'1990-08-11',99,'Таибов Ренат.png'),(70,3,'Тимошенко Владислав',1,'1990-03-12',13,'Тимошенко Владислав.png'),(71,3,'Ульянов Алексей',1,'1987-01-20',16,'Ульянов Алексей.png'),(72,3,'Хасянов Ринат',4,'1981-01-27',10,'Хасянов Ринат.png'),(73,3,'Шайфердюсов Ильяс',3,'1988-05-30',77,'Шайфердюсов Ильяс.png'),(74,3,'Элязян Алик',3,'1987-04-06',18,'Элязян Алик.png'),(75,4,'Абдеев Тимур',3,'1991-08-02',77,'Абдеев Тимур.png'),(76,4,'Абовян Мартун',2,'1994-01-14',23,'Абовян Мартун.png'),(77,4,'Абраамян Зарзанд',3,'1991-03-25',19,'Абраамян Зарзанд.png'),(78,4,'Бедретдинов Рушан',3,'1987-10-17',52,'Бедретдинов Рушан.png'),(79,4,'Ващенко Богдан',3,'1994-02-17',4,'Ващенко Богдан.png'),(80,4,'Гаспарян Альберт',1,'1995-08-28',31,'Гаспарян Альберт.png'),(81,4,'Дёмин Владимир',3,'1989-09-29',10,'Дёмин Владимир.png'),(82,4,'Дмитриев Олег',3,'1995-11-18',67,'Дмитриев Олег.png'),(83,4,'Дмитрович Денис',1,'1993-01-19',93,'Дмитрович Денис.png'),(84,4,'Драгунов Игорь',2,'1991-04-06',12,'Драгунов Игорь.png'),(85,4,'Дулуб Алексей',4,'1987-02-18',0,'Дулуб Алексей.png'),(86,4,'Еникеев Тимур',2,'1985-12-25',85,'Еникеев Тимур.png'),(87,4,'Жамалетдинов Ильнар',3,'1990-11-19',37,'Жамалетдинов Ильнар.png'),(88,4,'Ивашкин Игорь',4,'1975-11-19',0,'Ивашкин Игорь.png'),(89,4,'Исаев Мурад',4,'1991-03-16',83,'Исаев Мурад.png'),(90,4,'Карандашов Иван',3,'1991-09-29',21,'Карандашов Иван.png'),(91,4,'Козлов Александр',4,'1993-03-08',17,'Козлов Александр.png'),(92,4,'Козлов Михаил',3,'1991-02-10',27,'Козлов Михаил.png'),(93,4,'Котунов Александр',2,'1988-03-19',3,'Котунов Александр.png'),(94,4,'Кужлев Олег',3,'1990-03-21',99,'Кужлев Олег.png'),(95,4,'Кухарчук Дмитрий',4,'1992-07-27',15,'Кухарчук Дмитрий.png'),(96,4,'Лёвин Василий',3,'1998-05-25',17,'Лёвин Василий.png'),(97,4,'Лимонов Фёдор',3,'1995-12-02',13,'Лимонов Фёдор.png'),(98,4,'Лучинкин Михаил',2,'1991-01-11',5,'Лучинкин Михаил.png'),(99,4,'Макагонов Сергей',3,'1990-05-05',0,'Макагонов Сергей.png'),(100,4,'Маричев Евгений',3,'1995-07-27',70,'Маричев Евгений.png'),(101,4,'Мартынов Артур',2,'1991-01-03',6,'Мартынов Артур.png'),(102,4,'Мухамедияров Руслан',3,'1990-10-05',7,'Мухамедияров Руслан.png'),(103,4,'Панокин Даниил',4,'1991-01-25',91,'Панокин Даниил.png'),(104,4,'Пилиев Ника',3,'1991-03-21',28,'Пилиев Ника.png'),(105,4,'Пчелинцев Никита',3,'1990-06-15',25,'Пчелинцев Никита.png'),(106,4,'Родионов Евгений',3,'1991-01-26',26,'Родионов Евгений.png'),(107,4,'Тимербулатов Ильяс',1,'1983-09-13',23,'Тимербулатов Ильяс.png'),(108,4,'Узунян Давид',2,'2000-02-04',11,'Узунян Давид.png'),(109,4,'Узунян Ишхан',2,'1991-02-24',0,'Узунян Ишхан.png'),(110,4,'Фомин Роман',1,'1995-05-27',1,'Фомин Роман.png'),(111,4,'Хамзин Рустам',3,'1994-09-04',94,'Хамзин Рустам.png'),(112,4,'Хасенов Ринат',2,'1987-05-08',14,'Хасенов Ринат.png'),(113,4,'Шинкаренко Александр',3,'1993-09-14',88,'Шинкаренко Александр.png'),(114,4,'Яфеев Дамир',1,'1990-01-16',0,'Яфеев Дамир.png'),(115,5,'Василенко Александр',3,'1986-10-30',17,'Василенко Александр.png'),(116,5,'Гусак Дмитрий',4,'1985-07-01',22,'Гусак Дмитрий.png'),(117,5,'Козлов Алексей',2,'1975-08-18',8,'Козлов Алексей.png'),(118,5,'Королёв Денис',2,'1987-04-19',0,'Королёв Денис.png'),(119,5,'Крыжановский Игорь',4,'1989-08-23',85,'Крыжановский Игорь.png'),(120,5,'Малюков Олег',2,'1985-01-16',23,'Малюков Олег.png'),(121,5,'Мамулашвили Гига',3,'1991-10-02',18,'Мамулашвили Гига.png'),(122,5,'Мухутдинов Альмир',3,'1985-06-09',3,'Мухутдинов Альмир.png'),(123,5,'Неретин Сергей',3,'1980-01-16',9,'Неретин Сергей.png'),(124,5,'Низрюхин Александр',1,'1989-01-12',77,'Низрюхин Александр.png'),(125,5,'Никулов Сергей',2,'1991-02-23',5,'Никулов Сергей.png'),(126,5,'Новиков Антон',2,'1989-07-07',2,'Новиков Антон.png'),(127,5,'Павлов Константин',3,'1989-01-21',16,'Павлов Константин.png'),(128,5,'Родин Иван',3,'1987-04-14',7,'Родин Иван.png'),(129,5,'Садиков Дамир',4,'1991-07-12',0,'Садиков Дамир.png'),(130,5,'Самсонов Артём',3,'1989-02-06',19,'Самсонов Артём.png'),(131,5,'Селиванов Александр',4,'1985-03-21',24,'Селиванов Александр.png'),(132,5,'Сергеев Никита',2,'1992-02-14',0,'Сергеев Никита.png'),(133,5,'Скворцов Александр',2,'1982-03-06',21,'Скворцов Александр.png'),(134,5,'Смирнов Никита',1,'1996-01-22',1,'Смирнов Никита.png'),(135,5,'Тихомиров Антон',2,'1985-11-09',6,'Тихомиров Антон.png'),(136,5,'Трегулов Дамир',4,'1998-11-07',0,'Трегулов Дамир.png'),(137,5,'Туменко Александр',3,'1983-07-15',10,'Туменко Александр.png'),(138,5,'Чернухин Дмитрий',3,'1988-11-17',11,'Чернухин Дмитрий.png'),(139,6,'Борисов Андрей',2,'1991-12-13',23,'Борисов Андрей.png'),(140,6,'Борисов Евгений',3,'1981-05-22',5,'Борисов Евгений.png'),(141,6,'Борисов Иван',4,'1987-09-24',4,'Борисов Иван.png'),(142,6,'Бушин Максим',3,'1982-12-13',11,'Бушин Максим.png'),(143,6,'Горшков Борис',3,'1993-04-17',7,'Горшков Борис.png'),(144,6,'Гуляев Павел',3,'1982-12-09',99,'Гуляев Павел.png'),(145,6,'Данилюк Антон',2,'1993-01-03',19,'Данилюк Антон.png'),(146,6,'Деев Михаил',3,'1987-11-10',18,'Деев Михаил.png'),(147,6,'Емець Кирилл',2,'1984-01-24',24,'Емець Кирилл.png'),(148,6,'Ефимов Руслан',4,'1991-01-29',10,'Ефимов Руслан.png'),(149,6,'Капоткин Александр',2,'1993-01-15',14,'Капоткин Александр.png'),(150,6,'Киселёв Михаил',2,'1978-10-23',25,'Киселёв Михаил.png'),(151,6,'Кузьмин Владимир',2,'1986-04-19',55,'Кузьмин Владимир.png'),(152,6,'Локшин Владимир',3,'1989-12-13',13,'Локшин Владимир.png'),(153,6,'Локшин Игорь',3,'1991-12-18',21,'Локшин Игорь.png'),(154,6,'Лычёв Егор',4,'1994-07-24',12,'Лычёв Егор.png'),(155,6,'Мотыкевич Дмитрий',2,'1990-11-29',17,'Мотыкевич Дмитрий.png'),(156,6,'Низаметдинов Рамиль',4,'1992-04-28',97,'Низаметдинов Рамиль.png'),(157,6,'Оленин Игорь',1,'1985-09-30',1,'Оленин Игорь.png'),(158,6,'Орнат Андрей',4,'1991-03-04',79,'Орнат Андрей.png'),(159,6,'Разин Андрей',3,'1995-06-22',22,'Разин Андрей.png'),(160,6,'Сербин Дмитрий',4,'1987-07-31',20,'Сербин Дмитрий.png'),(161,6,'Суров Денис',3,'1989-03-03',30,'Суров Денис.png'),(162,6,'Таллеров Сергей',2,'1986-03-26',3,'Таллеров Сергей.png'),(163,6,'Хомутинников Павел',1,'1984-03-15',37,'Хомутинников Павел.png'),(164,7,'Барсов Александр',2,'1981-10-25',0,'Барсов Александр.png'),(165,7,'Вагин Дмитрий',4,'1990-07-23',7,'Вагин Дмитрий.png'),(166,7,'Гамидов Алексей',1,'1991-12-02',21,'Гамидов Алексей.png'),(167,7,'Грачёв Павел',3,'1993-08-24',22,'Грачёв Павел.png'),(168,7,'Громов Роман',3,'1981-08-07',10,'Громов Роман.png'),(169,7,'Данилкин Александр',3,'1987-03-10',0,'Данилкин Александр.png'),(170,7,'Жемаев Вячеслав',4,'1987-12-24',87,'Жемаев Вячеслав.png'),(171,7,'Заботин Кирилл',3,'1996-01-28',20,'Заботин Кирилл.png'),(172,7,'Зотов Константин',3,'1986-01-14',11,'Зотов Константин.png'),(173,7,'Иванов Андрей',4,'1984-04-29',0,'Иванов Андрей.png'),(174,7,'Келдияров Азиз',3,'1990-07-04',94,'Келдияров Азиз.png'),(175,7,'Коломыц Юрий',2,'1979-04-30',6,'Коломыц Юрий.png'),(176,7,'Королёв Дмитрий',3,'1989-01-02',99,'Королёв Дмитрий.png'),(177,7,'Куделин Дмитрий',2,'1991-04-08',12,'Куделин Дмитрий.png'),(178,7,'Матвеев Артём',2,'1990-08-25',25,'Матвеев Артём.png'),(179,7,'Минеев Александр',2,'1972-04-04',0,'Минеев Александр.png'),(180,7,'Орлов Артём',3,'1995-05-12',8,'Орлов Артём.png'),(181,7,'Пивоваров Сергей',3,'1989-10-12',89,'Пивоваров Сергей.png'),(182,7,'Пугачёв Михаил',2,'1987-11-21',2,'Пугачёв Михаил.png'),(183,7,'Решетняк Михаил',2,'1996-01-23',5,'Решетняк Михаил.png'),(184,7,'Романович Сергей',4,'1984-02-18',90,'Романович Сергей.png'),(185,7,'Сидорко Сергей',1,'1990-01-06',16,'Сидорко Сергей.png'),(186,7,'Третьяков Георгий',4,'1984-01-16',9,'Третьяков Георгий.png'),(187,7,'Шанин Ян',4,'1993-04-20',17,'Шанин Ян.png'),(188,8,'Акубардия Гогита',4,'1985-03-31',4,'Акубардия Гогита.png'),(189,8,'Амадбеков Тимур',2,'1988-06-04',88,'Амадбеков Тимур.png'),(190,8,'Андержанов Ильдар',2,'1988-01-28',69,'Андержанов Ильдар.png'),(191,8,'Антонов Марат',3,'1991-04-13',18,'Антонов Марат.png'),(192,8,'Багаутдинов Дамир',3,'1994-10-30',52,'Багаутдинов Дамир.png'),(193,8,'Бахтыев Рамиз',4,'1995-10-15',77,'Бахтыев Рамиз.png'),(194,8,'Билалов Радик',3,'1994-11-05',13,'Билалов Радик.png'),(195,8,'Болгар Григорий',2,'1996-05-08',33,'Болгар Григорий.png'),(196,8,'Бычков Никита',3,'1993-11-05',44,'Бычков Никита.png'),(197,8,'Валиахметов Артур',2,'1987-09-15',15,'Валиахметов Артур.png'),(198,8,'Дехин Марк',2,'1995-09-26',37,'Дехин Марк.png'),(199,8,'Жуков Алексей',2,'1987-03-29',5,'Жуков Алексей.png'),(200,8,'Климов Михаил',3,'1997-11-12',55,'Климов Михаил.png'),(201,8,'Лёмин Иосиф',3,'1998-05-29',12,'Лёмин Иосиф.png'),(202,8,'Ломоносов Дмитрий',1,'1995-04-10',1,'Ломоносов Дмитрий.png'),(203,8,'Мамонтов Максим',2,'1988-10-21',2,'Мамонтов Максим.png'),(204,8,'Муравлёв Алексей',3,'1990-10-20',20,'Муравлёв Алексей.png'),(205,8,'Осипов Денис',3,'1995-06-30',7,'Осипов Денис.png'),(206,8,'Сергеев Станислав',4,'1991-07-28',25,'Сергеев Станислав.png'),(207,8,'Сероштан Виктор',3,'1992-10-08',14,'Сероштан Виктор.png'),(208,8,'Сумароков Кирилл',2,'1994-08-07',16,'Сумароков Кирилл.png'),(209,8,'Тишков Александр',2,'1986-04-25',6,'Тишков Александр.png'),(210,8,'Чириков Владислав',1,'1998-05-05',98,'Чириков Владислав.png'),(211,8,'Шилин Виктор',3,'1995-05-20',34,'Шилин Виктор.png'),(212,8,'Шишков Роман',2,'1993-07-24',19,'Шишков Роман.png'),(213,9,'Артемьев Павел',3,'1989-11-09',10,'Артемьев Павел.png'),(214,9,'Биктеев Вадим',4,'1994-01-09',0,'Биктеев Вадим.png'),(215,9,'Брыков Андрей',3,'1981-01-18',0,'Брыков Андрей.png'),(216,9,'Вахитов Павел',3,'1995-05-31',50,'Вахитов Павел.png'),(217,9,'Гнездилов Денис',1,'1991-11-28',0,'Гнездилов Денис.png'),(218,9,'Голубцов Дмитрий',3,'1996-06-04',0,'Голубцов Дмитрий.png'),(219,9,'Горшков Сергей',3,'1999-11-29',12,'Горшков Сергей.png'),(220,9,'Громадин Глеб',3,'1974-09-19',0,'Громадин Глеб.png'),(221,9,'Денисов Никита',4,'1985-11-30',0,'Денисов Никита.png'),(222,9,'Ершов Александр',3,'1984-02-24',55,'Ершов Александр.png'),(223,9,'Желанов Дмитрий',3,'1999-06-13',18,'Желанов Дмитрий.png'),(224,9,'Забиров Михаил',2,'1990-09-24',3,'Забиров Михаил.png'),(225,9,'Зарипов Шамиль',3,'1996-04-02',0,'Зарипов Шамиль.png'),(226,9,'Звонов Андрей',2,'1971-10-09',0,'Звонов Андрей.png'),(227,9,'Иванов Михаил',3,'1980-06-01',0,'Иванов Михаил.png'),(228,9,'Казакевич Кирилл',2,'1998-08-18',0,'Казакевич Кирилл.png'),(229,9,'Калатович Роберт',1,'1989-01-04',1,'Калатович Роберт.png'),(230,9,'Кашаев Дмитрий',3,'1996-07-24',19,'Кашаев Дмитрий.png'),(231,9,'Ковалёв Павел',1,'1998-03-16',0,'Ковалёв Павел.png'),(232,9,'Козин Антон',4,'1995-01-23',0,'Козин Антон.png'),(233,9,'Козлов Савелий',2,'1997-01-19',0,'Козлов Савелий.png'),(234,9,'Лобков Максим',3,'1992-07-15',5,'Лобков Максим.png'),(235,9,'Мазурин Дмитрий',2,'1991-04-20',4,'Мазурин Дмитрий.png'),(236,9,'Марченко Алексей',3,'1981-04-23',0,'Марченко Алексей.png'),(237,9,'Рыков Станислав',4,'2001-10-17',0,'Рыков Станислав.png'),(238,9,'Савкин Михаил',1,'1974-04-19',0,'Савкин Михаил.png'),(239,9,'Сафронов Клим',2,'1989-01-10',0,'Сафронов Клим.png'),(240,9,'Стариков Александр',3,'1991-03-06',0,'Стариков Александр.png'),(241,9,'Стасенко Сергей',3,'1991-02-21',0,'Стасенко Сергей.png'),(242,9,'Фаттахов Дмитрий',4,'1996-09-24',17,'Фаттахов Дмитрий.png'),(243,9,'Фирсаков Андрей',3,'1998-01-22',15,'Фирсаков Андрей.png'),(244,9,'Хамзин Дамир',4,'1987-04-19',0,'Хамзин Дамир.png'),(245,9,'Химанов Алексей',2,'1981-05-03',0,'Химанов Алексей.png'),(246,9,'Чуриков Ярослав',3,'1988-06-18',0,'Чуриков Ярослав.png'),(247,9,'Яковлев Антон',2,'1986-03-18',8,'Яковлев Антон.png'),(248,10,'Антонов Сергей',2,'1984-04-24',18,'Антонов Сергей.png'),(249,10,'Ахуков Владислав',3,'1998-07-09',2,'Ахуков Владислав.png'),(250,10,'Батищев Алексей',2,'1983-12-05',3,'Батищев Алексей.png'),(251,10,'Борг Тимур',3,'1991-10-04',0,'Борг Тимур.png'),(252,10,'Бурыкин Алексей',4,'1985-04-29',13,'Бурыкин Алексей.png'),(253,10,'Быстров Алексей',4,'1988-09-20',0,'Быстров Алексей.png'),(254,10,'Великов Шамиль',2,'1988-01-22',23,'Великов Шамиль.png'),(255,10,'Гох Амаль',1,'1993-06-30',0,'Гох Амаль.png'),(256,10,'Груба Алексей',3,'1997-08-20',99,'Груба Алексей.png'),(257,10,'Давыдов Алексей',3,'1982-02-01',8,'Давыдов Алексей.png'),(258,10,'Догадаев Владимир',4,'1995-06-13',25,'Догадаев Владимир.png'),(259,10,'Догадаев Иван',4,'1995-06-13',0,'Догадаев Иван.png'),(260,10,'Егоров Владимир',3,'1984-03-27',0,'Егоров Владимир.png'),(261,10,'Есиков Михаил',3,'1997-12-06',0,'Есиков Михаил.png'),(262,10,'Жаркевич Александр',1,'1986-08-05',0,'Жаркевич Александр.png'),(263,10,'Колбин Олег',3,'1999-07-02',0,'Колбин Олег.png'),(264,10,'Кондратенко Илья',3,'1991-07-11',26,'Кондратенко Илья.png'),(265,10,'Леонов Алексей',2,'1986-05-09',0,'Леонов Алексей.png'),(266,10,'Майоров Юрий',2,'1985-12-21',0,'Майоров Юрий.png'),(267,10,'Манучарян Артур',2,'1989-10-04',4,'Манучарян Артур.png'),(268,10,'Маслихин Роман',2,'1986-02-03',0,'Маслихин Роман.png'),(269,10,'Минаев Константин',3,'1987-06-08',0,'Минаев Константин.png'),(270,10,'Миннигалеев Владимир',3,'1995-05-12',0,'Миннигалеев Владимир.png'),(271,10,'Напорчук Сергей',3,'1999-08-09',0,'Напорчук Сергей.png'),(272,10,'Никифоров Валерий',2,'1983-11-18',0,'Никифоров Валерий.png'),(273,10,'Новосёлов Артём',3,'1986-06-07',0,'Новосёлов Артём.png'),(274,10,'Олейников Александр',4,'1995-12-11',14,'Олейников Александр.png'),(275,10,'Орлюк Станислав',2,'1983-09-18',0,'Орлюк Станислав.png'),(276,10,'Плаксин Андрей',1,'1997-03-16',16,'Плаксин Андрей.png'),(277,10,'Плаксин Вячеслав',4,'1990-04-18',9,'Плаксин Вячеслав.png'),(278,10,'Поляков Максим',3,'1990-03-22',0,'Поляков Максим.png'),(279,10,'Рыбников Дмитрий',2,'1980-12-30',0,'Рыбников Дмитрий.png'),(280,10,'Семёнов Артём',3,'1997-04-12',0,'Семёнов Артём.png'),(281,10,'Сергеев Георгий',3,'1988-01-23',0,'Сергеев Георгий.png'),(282,10,'Серебряков Роман',2,'1988-08-21',80,'Серебряков Роман.png'),(283,10,'Стерхов Матвей',3,'1996-02-25',20,'Стерхов Матвей.png'),(284,10,'Сухарев Виктор',2,'1993-03-10',21,'Сухарев Виктор.png'),(285,10,'Хабаров Олег',4,'1982-10-17',0,'Хабаров Олег.png'),(286,10,'Харин Андрей',3,'1987-11-13',0,'Харин Андрей.png'),(287,10,'Харин Сергей',3,'1990-01-09',17,'Харин Сергей.png'),(288,11,'Билялетдинов Марат',3,'1984-02-10',19,'Билялетдинов Марат.png'),(289,11,'Богданов Даниил',2,'1992-03-08',5,'Богданов Даниил.png'),(290,11,'Бутузов Николай',2,'1987-03-04',20,'Бутузов Николай.png'),(291,11,'Васильев Илья',1,'1990-07-02',1,'Васильев Илья.png'),(292,11,'Галкин Дмитрий',3,'1996-03-27',17,'Галкин Дмитрий.png'),(293,11,'Голиков Илья',3,'1986-02-20',12,'Голиков Илья.png'),(294,11,'Гусенков Александр',4,'1984-06-12',11,'Гусенков Александр.png'),(295,11,'Доровских Константин',2,'1988-07-23',15,'Доровских Константин.png'),(296,11,'Дудыкин Дмитрий',2,'1972-09-04',22,'Дудыкин Дмитрий.png'),(297,11,'Жаров Максим',2,'1982-07-22',25,'Жаров Максим.png'),(298,11,'Жирняков Никита',4,'1993-08-19',29,'Жирняков Никита.png'),(299,11,'Зайнулин Евгений',3,'1988-12-08',3,'Зайнулин Евгений.png'),(300,11,'Захаров Дмитрий',2,'1989-04-26',88,'Захаров Дмитрий.png'),(301,11,'Костенко Алексей',3,'1984-11-19',7,'Костенко Алексей.png'),(302,11,'Крижановский Антон',3,'1987-04-06',14,'Крижановский Антон.png'),(303,11,'Кролевец Кирилл',3,'1986-10-07',77,'Кролевец Кирилл.png'),(304,11,'Куликов Дмитрий',3,'1986-06-15',10,'Куликов Дмитрий.png'),(305,11,'Мухамятжанов Дамир',2,'1990-06-18',0,'Мухамятжанов Дамир.png'),(306,11,'Мышонков Илья',4,'1994-01-03',4,'Мышонков Илья.png'),(307,11,'Наликашвили Валерий',4,'1982-07-06',9,'Наликашвили Валерий.png'),(308,11,'Осипов Павел',3,'1991-01-02',8,'Осипов Павел.png'),(309,11,'Сапаев Алексей',2,'1983-01-28',23,'Сапаев Алексей.png'),(310,11,'Филиппов Александр',2,'1991-11-18',54,'Филиппов Александр.png'),(311,11,'Холхунов Михаил',1,'1988-02-16',24,'Холхунов Михаил.png'),(312,11,'Цурков Евгений',2,'1985-01-05',18,'Цурков Евгений.png'),(313,12,'Беломытцев Андрей',3,'1994-10-29',6,'Беломытцев Андрей.png'),(314,12,'Братяков Даниил',2,'2000-09-28',20,'Братяков Даниил.png'),(315,12,'Калинин Антон',3,'1995-08-05',21,'Калинин Антон.png'),(316,12,'Колеев Денис',3,'1990-06-14',18,'Колеев Денис.png'),(317,12,'Колесник Григорий',3,'1990-02-22',13,'Колесник Григорий.png'),(318,12,'Кузяев Михаил',2,'1988-01-22',3,'Кузяев Михаил.png'),(319,12,'Мякушко Александр',1,'1996-05-04',1,'Мякушко Александр.png'),(320,12,'Савельев Евгений',3,'1993-06-15',11,'Савельев Евгений.png'),(321,12,'Сахаров Вадим',3,'1996-07-12',10,'Сахаров Вадим.png'),(322,12,'Сорокин Михаил',2,'1982-12-13',2,'Сорокин Михаил.png'),(324,12,'Стукалов Павел',3,'1999-08-26',5,'Стукалов Павел.png'),(325,12,'Стукалов Фёдор',3,'1997-01-22',0,'Стукалов Фёдор.png'),(326,12,'Ткачёв Олег',3,'1995-08-29',0,'Ткачёв Олег.png'),(327,12,'Утин Николай',1,'1998-05-12',12,'Утин Николай.png'),(328,12,'Цурков Данила',2,'1995-10-17',0,'Цурков Данила.png'),(329,12,'Цыплухин Илья',2,'1997-03-05',4,'Цыплухин Илья.png'),(330,13,'Алиев Гия',3,'1990-03-04',0,'Алиев Гия.png'),(331,13,'Барабанов Николай',2,'1982-12-04',10,'Барабанов Николай.png'),(332,13,'Безубцев Андрей',2,'1982-03-13',0,'Безубцев Андрей.png'),(333,13,'Береснев Дмитрий',3,'1996-09-26',4,'Береснев Дмитрий.png'),(334,13,'Васин Владислав',3,'1999-09-28',3,'Васин Владислав.png'),(335,13,'Галкин Андрей',2,'1982-01-12',0,'Галкин Андрей.png'),(336,13,'Грачёв Александр',2,'1990-08-15',17,'Грачёв Александр.png'),(337,13,'Грачёв Денис',4,'1978-03-23',0,'Грачёв Денис.png'),(338,13,'Дегтярёв Михаил',3,'2000-11-09',33,'Дегтярёв Михаил.png'),(339,13,'Диордиев Алексей',3,'1991-10-15',78,'Диордиев Алексей.png'),(340,13,'Зайнуллин Кирилл',3,'1995-03-23',0,'Зайнуллин Кирилл.png'),(341,13,'Конанков Иван',1,'1989-07-30',1,'Конанков Иван.png'),(342,13,'Корчагин Андрей',3,'1998-05-05',2,'Корчагин Андрей.png'),(343,13,'Кочулов Юрий',3,'1982-04-18',0,'Кочулов Юрий.png'),(344,13,'Мордвинов Вячеслав',3,'1990-06-12',0,'Мордвинов Вячеслав.png'),(345,13,'Николайченков Павел',1,'1990-01-30',0,'Николайченков Павел.png'),(346,13,'Озеров Александр',2,'1989-07-25',5,'Озеров Александр.png'),(347,13,'Ординян Артур',4,'1998-01-15',9,'Ординян Артур.png'),(348,13,'Писарев Михаил',3,'1992-09-06',8,'Писарев Михаил.png'),(349,13,'Семенистый Сергей',3,'1995-11-14',11,'Семенистый Сергей.png'),(350,13,'Семёнов Николай',3,'1997-02-01',0,'Семёнов Николай.png'),(351,13,'Сухов Максим',3,'1993-03-29',18,'Сухов Максим.png'),(352,13,'Терехов Денис',3,'1994-04-01',6,'Терехов Денис.png'),(353,13,'Фёдоров Алексей',3,'1990-03-22',22,'Фёдоров Алексей.png'),(354,13,'Цицвидзе Владимир',3,'1997-05-11',23,'Цицвидзе Владимир.png'),(355,14,'Алпаткин Евгений',2,'1988-09-07',0,'Алпаткин Евгений.png'),(356,14,'Архипцев Никита',2,'1987-04-02',0,'Архипцев Никита.png'),(357,14,'Барахтенко Сергей',3,'1993-05-15',0,'Барахтенко Сергей.png'),(358,14,'Бегунов Юрий',3,'1988-06-30',0,'Бегунов Юрий.png'),(359,14,'Грановский Борис',4,'1988-08-07',0,'Грановский Борис.png'),(360,14,'Казарян Варуж',1,'1995-08-14',0,'Казарян Варуж.png'),(361,14,'Коробов Виктор',3,'1996-06-14',0,'Коробов Виктор.png'),(362,14,'Котенев Андрей',4,'1994-05-15',0,'Котенев Андрей.png'),(363,14,'Кудрявцев Владимир',2,'1987-11-23',0,'Кудрявцев Владимир.png'),(364,14,'Кузьмин Илья',1,'1988-04-09',0,'Кузьмин Илья.png'),(365,14,'Кучеров Вячеслав',3,'1985-08-19',0,'Кучеров Вячеслав.png'),(366,14,'Макаров Владислав',1,'1996-01-06',0,'Макаров Владислав.png'),(367,14,'Мельник Олег',3,'1994-06-24',0,'Мельник Олег.png'),(368,14,'Можаев Денис',3,'1997-06-01',0,'Можаев Денис.png'),(369,14,'Озманян Давид',3,'1997-08-19',0,'Озманян Давид.png'),(370,14,'Озманян Даниил',3,'2000-03-24',0,'Озманян Даниил.png'),(371,14,'Подымов Александр',3,'1982-08-15',0,'Подымов Александр.png'),(372,14,'Свирин Антон',3,'1994-10-13',0,'Свирин Антон.png'),(373,14,'Седых Александр',3,'1985-03-03',0,'Седых Александр.png'),(374,14,'Степанов Святослав',4,'1997-04-09',0,'Степанов Святослав.png'),(375,14,'Трушель Пётр',2,'1984-04-27',0,'Трушель Пётр.png'),(376,14,'Шнайдерман Виктор',3,'1985-12-06',0,'Шнайдерман Виктор.png'),(377,14,'Шушунов Евгений',2,'1988-03-05',0,'Шушунов Евгений.png'),(378,15,'Авдахин Валерий',2,'1983-10-22',0,'Авдахин Валерий.png'),(379,15,'Ганюк Александр',4,'1986-04-12',0,'Ганюк Александр.png'),(380,15,'Дамаскин Максим',2,'1987-04-14',0,'Дамаскин Максим.png'),(381,15,'Ерков Владимир',4,'1986-09-26',0,'Ерков Владимир.png'),(382,15,'Кайсенов Никита',3,'1994-08-20',0,'Кайсенов Никита.png'),(383,15,'Калинин Павел',1,'1989-02-15',0,'Калинин Павел.png'),(384,15,'Квач Анатолий',3,'1988-09-07',0,'Квач Анатолий.png'),(385,15,'Козин Пётр',4,'1988-04-04',0,'Козин Пётр.png'),(386,15,'Кондарюк Дмитрий',3,'1990-02-16',0,'Кондарюк Дмитрий.png'),(387,15,'Легезин Максим',2,'1987-04-25',0,'Легезин Максим.png'),(388,15,'Мареев Андрей',1,'1981-01-29',0,'Мареев Андрей.png'),(389,15,'Мелентьев Андрей',3,'1988-03-19',0,'Мелентьев Андрей.png'),(390,15,'Наурбиев Магомед',3,'1985-10-08',0,'Наурбиев Магомед.png'),(391,15,'Новиков-Шестаков Олег',2,'1987-05-14',0,'Новиков-Шестаков Олег.png'),(392,15,'Одедесион Алексей',3,'1987-10-26',0,'Одедесион Алексей.png'),(393,15,'Понуровский Андрей',2,'1985-07-02',0,'Понуровский Андрей.png'),(394,15,'Понуровский Антон',3,'1988-09-02',0,'Понуровский Антон.png'),(395,15,'Радович Павел',2,'1984-09-29',0,'Радович Павел.png'),(396,15,'Раца Игорь',3,'1988-08-03',0,'Раца Игорь.png'),(397,15,'Скляров Евгений',4,'1980-05-31',0,'Скляров Евгений.png'),(398,15,'Стерлюкин Дмитрий',3,'1984-09-16',0,'Стерлюкин Дмитрий.png'),(399,15,'Томашев Харитон',1,'1998-10-09',0,'Томашев Харитон.png'),(400,15,'Хамидулин Александр',3,'1968-03-12',0,'Хамидулин Александр.png'),(401,15,'Шаряфетдинов Камиль',3,'1993-02-04',0,'Шаряфетдинов Камиль.png'),(402,16,'Агафонов Михаил',1,'1969-11-02',0,'Агафонов Михаил.png'),(403,16,'Гаврилов Василий',3,'1983-09-21',0,'Гаврилов Василий.png'),(404,16,'Гаврилов Михаил',2,'1977-08-02',0,'Гаврилов Михаил.png'),(405,16,'Гладких Владислав',2,'1997-11-17',0,'Гладких Владислав.png'),(406,16,'Горбунов Максим',2,'1972-12-28',0,'Горбунов Максим.png'),(407,16,'Гришаев Алексей',3,'1985-04-19',0,'Гришаев Алексей.png'),(408,16,'Данилин Сергей',4,'1985-12-04',0,'Данилин Сергей.png'),(409,16,'Деменьшин Антон',4,'1994-09-18',0,'Деменьшин Антон.png'),(410,16,'Деркунский Иван',2,'1986-03-25',0,'Деркунский Иван.png'),(411,16,'Ерогин Вадим',3,'1980-09-10',0,'Ерогин Вадим.png'),(412,16,'Иванов Григорий',2,'1976-08-17',0,'Иванов Григорий.png'),(413,16,'Козловский Андрей',3,'1985-06-14',0,'Козловский Андрей.png'),(414,16,'Коноплёв Александр',3,'1982-11-22',0,'Коноплёв Александр.png'),(415,16,'Крестьянинов Евгений',1,'1986-01-01',0,'Крестьянинов Евгений.png'),(416,16,'Кузнецов Андрей',3,'1984-12-28',0,'Кузнецов Андрей.png'),(417,16,'Кузнецов Роман',2,'1974-11-25',0,'Кузнецов Роман.png'),(418,16,'Курдюмов Андрей',4,'1972-03-23',0,'Курдюмов Андрей.png'),(419,16,'Мамакин Сергей',2,'1971-06-23',0,'Мамакин Сергей.png'),(420,16,'Московченко Максим',1,'1976-10-20',0,'Московченко Максим.png'),(421,16,'Петров Сергей',3,'1976-06-21',0,'Петров Сергей.png'),(422,16,'Сёмочкин Александр',2,'1973-03-13',0,'Сёмочкин Александр.png'),(423,16,'Стеблин Дмитрий',2,'1987-05-25',0,'Стеблин Дмитрий.png'),(424,16,'Сушилин Михаил',4,'1997-08-28',0,'Сушилин Михаил.png'),(425,16,'Ульянов Александр',3,'1987-12-13',0,'Ульянов Александр.png'),(426,16,'Хугаев Валерий',2,'1988-09-27',0,'Хугаев Валерий.png'),(427,17,'Вавилов Евгений',3,'1992-02-11',0,'Вавилов Евгений.png'),(428,17,'Воробьёв Никита',2,'1988-04-25',0,'Воробьёв Никита.png'),(429,17,'Горяйнов Иван',3,'1992-01-13',0,'Горяйнов Иван.png'),(430,17,'Дианов Рамис',2,'1992-02-22',0,'Дианов Рамис.png'),(431,17,'Дибижев Константин',4,'1983-05-07',0,'Дибижев Константин.png'),(432,17,'Казанов Артём',4,'1987-07-26',0,'Казанов Артём.png'),(433,17,'Катаев Владимир',3,'1992-01-07',0,'Катаев Владимир.png'),(434,17,'Киругян Денни',2,'1996-05-29',0,'Киругян Денни.png'),(435,17,'Леликов Константин',3,'1996-09-11',0,'Леликов Константин.png'),(436,17,'Морыганов Артём',2,'1991-02-07',0,'Морыганов Артём.png'),(437,17,'Морыганов Кирилл',2,'1991-02-07',0,'Морыганов Кирилл.png'),(438,17,'Павлов Александр',1,'1982-06-14',0,'Павлов Александр.png'),(439,17,'Прощалыкин Владимир',3,'1992-03-14',0,'Прощалыкин Владимир.png'),(440,17,'Рындов Денис',4,'1988-07-18',0,'Рындов Денис.png'),(441,17,'Саркисов Арам',4,'1984-06-08',0,'Саркисов Арам.png'),(442,17,'Степанов Александр',1,'1992-03-11',0,'Степанов Александр.png'),(443,17,'Сухих Алексей',2,'1987-04-26',0,'Сухих Алексей.png'),(444,17,'Талалаев Андрей',3,'1993-09-14',0,'Талалаев Андрей.png'),(445,17,'Фарзалиев Джавид',4,'1992-02-04',0,'Фарзалиев Джавид.png'),(446,17,'Хохлов Игорь',2,'1988-01-17',0,'Хохлов Игорь.png'),(447,17,'Яковлев Дмитрий',2,'1991-09-17',0,'Яковлев Дмитрий.png'),(448,18,'Азимшоев Аллиддин',4,'1995-10-09',0,'Азимшоев Аллиддин.png'),(449,18,'Булгаков Александр',4,'1991-02-08',0,'Булгаков Александр.png'),(450,18,'Бураков Владимир',3,'1988-11-04',0,'Бураков Владимир.png'),(451,18,'Головин Алексей',3,'1984-12-20',0,'Головин Алексей.png'),(452,18,'Доркин Дмитрий',3,'1991-02-14',0,'Доркин Дмитрий.png'),(453,18,'Егоров Виталий',3,'1982-10-28',0,'Егоров Виталий.png'),(454,18,'Калашян Арам',1,'1996-02-21',0,'Калашян Арам.png'),(455,18,'Кругляк Андрей',3,'1986-01-22',0,'Кругляк Андрей.png'),(456,18,'Левченко Игорь',3,'1983-03-13',0,'Левченко Игорь.png'),(457,18,'Мавлянов Джамал',2,'1988-06-21',0,'Мавлянов Джамал.png'),(458,18,'Манукян Давид',3,'1999-04-11',0,'Манукян Давид.png'),(459,18,'Монахов Сергей',3,'1989-01-15',0,'Монахов Сергей.png'),(460,18,'Морозов Максим',1,'1975-10-30',0,'Морозов Максим.png'),(461,18,'Никитин Павел',1,'1990-08-09',0,'Никитин Павел.png'),(462,18,'Пикарь Денис',2,'1981-01-08',0,'Пикарь Денис.png'),(463,18,'Плескушкин Артём',3,'1983-10-23',0,'Плескушкин Артём.png'),(464,18,'Райский Антон',1,'2000-06-22',0,'Райский Антон.png'),(465,18,'Симонов Дмитрий',3,'1999-06-24',0,'Симонов Дмитрий.png'),(466,18,'Сухарев Александр',3,'1997-07-26',0,'Сухарев Александр.png'),(467,18,'Тахтаров Михаил',2,'1987-09-10',0,'Тахтаров Михаил.png'),(468,18,'Ускоев Илья',3,'1983-05-27',0,'Ускоев Илья.png'),(469,18,'Цулфас Юрий',3,'1984-07-17',0,'Цулфас Юрий.png'),(470,18,'Ширяев Андрей',3,'1994-04-15',0,'Ширяев Андрей.png'),(471,18,'Шумейко Виталий',4,'1980-10-22',0,'Шумейко Виталий.png'),(472,19,'Бородин Кирилл',2,'1991-06-23',0,'Бородин Кирилл.png'),(473,19,'Волобуев Дмитрий',2,'1999-05-31',0,'Волобуев Дмитрий.png'),(474,19,'Гавриленков Данила',3,'1997-07-03',0,'Гавриленков Данила.png'),(475,19,'Гращенков Дмитрий',3,'1989-07-28',0,'Гращенков Дмитрий.png'),(476,19,'Жомков Максим',3,'1992-01-21',0,'Жомков Максим.png'),(477,19,'Колесов Никита',3,'1990-10-03',0,'Колесов Никита.png'),(478,19,'Коломейцев Кирилл',1,'1997-06-23',0,'Коломейцев Кирилл.png'),(479,19,'Коробков Александр',3,'1995-01-04',0,'Коробков Александр.png'),(480,19,'Коробков Дмитрий',3,'1993-01-26',0,'Коробков Дмитрий.png'),(481,19,'Миронов Иван',3,'1995-03-08',0,'Миронов Иван.png'),(482,19,'Мэк Джимми',3,'1991-01-12',0,'Мэк Джимми.png'),(483,19,'Нестеренко Дмитрий',1,'1992-05-12',0,'Нестеренко Дмитрий.png'),(484,19,'Орлов Игорь',2,'1969-01-29',0,'Орлов Игорь.png'),(485,19,'Павлюченков Антон',3,'1988-09-02',0,'Павлюченков Антон.png'),(486,19,'Петров Роман',3,'1991-11-12',0,'Петров Роман.png'),(487,19,'Пименов Тоомас',4,'1991-10-07',0,'Пименов Тоомас.png'),(488,19,'Подлесных Александр',3,'1995-05-06',0,'Подлесных Александр.png'),(489,19,'Пугачёв Иван',3,'1997-03-20',0,'Пугачёв Иван.png'),(490,19,'Рыжинков Александр',3,'1995-01-05',0,'Рыжинков Александр.png'),(491,19,'Самошкин Данила',2,'1998-07-07',0,'Самошкин Данила.png'),(492,19,'Усольцев Александр',3,'1995-08-17',0,'Усольцев Александр.png'),(493,19,'Черепанов Артём',3,'1990-10-22',0,'Черепанов Артём.png'),(494,19,'Чёрный Андрей',2,'1997-02-08',0,'Чёрный Андрей.png'),(495,20,'Айвазян Давид',2,'1997-12-13',0,'Айвазян Давид.png'),(496,20,'Аленчев Александр',3,'1996-05-24',0,'Аленчев Александр.png'),(497,20,'Аршакян Бабкен',3,'1971-02-18',0,'Аршакян Бабкен.png'),(498,20,'Белявцев Сергей',3,'1990-04-05',0,'Белявцев Сергей.png'),(499,20,'Васильев Александр',4,'1994-02-19',0,'Васильев Александр.png'),(500,20,'Гаврилов Николай',3,'1994-08-17',0,'Гаврилов Николай.png'),(501,20,'Зарин Эдуард',3,'1996-01-26',0,'Зарин Эдуард.png'),(502,20,'Иляскин Александр',3,'1993-02-21',0,'Иляскин Александр.png'),(503,20,'Каюмов Дмитрий',3,'1992-05-11',0,'Каюмов Дмитрий.png'),(504,20,'Корешков Никита',3,'2002-11-05',0,'Корешков Никита.png'),(505,20,'Кузьмичёв Иван',3,'2002-02-12',0,'Кузьмичёв Иван.png'),(506,20,'Кунаев Дмитрий',4,'1981-09-06',0,'Кунаев Дмитрий.png'),(507,20,'Липатов Михаил',2,'1991-10-22',0,'Липатов Михаил.png'),(508,20,'Мясялимов Ансар',3,'1989-08-08',0,'Мясялимов Ансар.png'),(509,20,'Охматенко Аркадий',4,'1994-01-30',0,'Охматенко Аркадий.png'),(510,20,'Погорелый Алексей',1,'1983-03-26',0,'Погорелый Алексей.png'),(511,20,'Романенко Иван',3,'1985-04-20',0,'Романенко Иван.png'),(512,20,'Сазонов Николай',2,'1981-05-30',0,'Сазонов Николай.png'),(513,20,'Семёнов Александр',2,'1993-11-23',0,'Семёнов Александр.png'),(514,20,'Смирнов Владислав',3,'1993-03-16',0,'Смирнов Владислав.png'),(515,20,'Соловьёв Алексей',3,'1996-03-15',0,'Соловьёв Алексей.png'),(516,20,'Старков Дмитрий',1,'1984-11-15',0,'Старков Дмитрий.png'),(517,20,'Юрков Никита',2,'1995-05-04',0,'Юрков Никита.png'),(518,20,'Ющенко Сергей',3,'1996-03-19',0,'Ющенко Сергей.png'),(519,21,'Голайдо Алексей',3,'1988-04-01',0,'Голайдо Алексей.png'),(520,21,'Горшенин Игорь',3,'1995-03-08',0,'Горшенин Игорь.png'),(521,21,'Егорычев Алексей',1,'1991-02-13',0,'Егорычев Алексей.png'),(522,21,'Иванов Роман',3,'1985-05-29',0,'Иванов Роман.png'),(523,21,'Кибиров Асланбек',2,'1983-06-25',0,'Кибиров Асланбек.png'),(524,21,'Кирия Бека',4,'1990-07-20',0,'Кирия Бека.png'),(525,21,'Куксов Владимир',4,'1998-02-23',0,'Куксов Владимир.png'),(526,21,'Моисеев Сергей',3,'1995-05-19',0,'Моисеев Сергей.png'),(527,21,'Мухарёв Андрей',2,'1989-01-06',0,'Мухарёв Андрей.png'),(528,21,'Мухарметов Рамиль',2,'1979-01-13',0,'Мухарметов Рамиль.png'),(529,21,'Никонов Евгений',3,'1983-07-19',0,'Никонов Евгений.png'),(530,21,'Никонов Сергей',3,'1961-05-25',0,'Никонов Сергей.png'),(531,21,'Потёмкин Александр',4,'1987-02-15',0,'Потёмкин Александр.png'),(532,21,'Прасол Артём',3,'1989-08-18',0,'Прасол Артём.png'),(533,21,'Стуклов Александр',3,'1986-08-20',0,'Стуклов Александр.png'),(534,21,'Сурков Александр',4,'1986-05-04',0,'Сурков Александр.png'),(535,21,'Филин Артём',1,'1995-11-20',0,'Филин Артём.png'),(536,21,'Хохлов Сергей',4,'1989-02-15',0,'Хохлов Сергей.png'),(537,21,'Чичварихин Глеб',3,'1998-06-19',0,'Чичварихин Глеб.png'),(538,21,'Широков Алексей',3,'1990-05-06',0,'Широков Алексей.png'),(539,21,'Юрцев Антон',3,'1989-10-04',0,'Юрцев Антон.png'),(540,22,'Алексеев Дмитрий',3,'1989-02-11',20,'Алексеев Дмитрий.png'),(541,22,'Антохин Николай',3,'1986-02-27',77,'Антохин Николай.png'),(542,22,'Антохин Сергей',3,'1986-02-27',7,'Антохин Сергей.png'),(543,22,'Арбеков Павел',4,'1985-11-23',23,'Арбеков Павел.png'),(544,22,'Арифулин Тимур',3,'1988-01-10',70,'Арифулин Тимур.png'),(545,22,'Белов Сергей',3,'1986-02-25',24,'Белов Сергей.png'),(546,22,'Белозёрова Екатерина',2,'1991-06-27',0,'Белозёрова Екатерина.png'),(547,22,'Браславский Денис',3,'1999-05-21',6,'Браславский Денис.png'),(548,22,'Бредихин Максим',1,'1986-01-29',31,'Бредихин Максим.png'),(549,22,'Великов Иван',3,'1987-09-09',21,'Великов Иван.png'),(550,22,'Гамисония Инвери',4,'1986-02-03',0,'Гамисония Инвери.png'),(551,22,'Гашкин Максим',3,'1993-01-02',0,'Гашкин Максим.png'),(552,22,'Горасин Алексей',2,'1987-09-06',87,'Горасин Алексей.png'),(553,22,'Гусихин Иван',3,'1998-08-18',12,'Гусихин Иван.png'),(554,22,'Гусманов Альберт',2,'1986-01-09',9,'Гусманов Альберт.png'),(555,22,'Каба Ансуман',3,'1988-06-02',0,'Каба Ансуман.png'),(556,22,'Канбеков Руслан',3,'1993-08-04',15,'Канбеков Руслан.png'),(557,22,'Кисловский Павел',3,'1989-02-11',10,'Кисловский Павел.png'),(558,22,'Кубарев Евгений',2,'1993-07-19',17,'Кубарев Евгений.png'),(559,22,'Лазинин Евгений',3,'1986-12-16',18,'Лазинин Евгений.png'),(560,22,'Лазинин Иван',3,'1988-04-10',22,'Лазинин Иван.png'),(561,22,'Лащенков Сергей',2,'1986-03-10',34,'Лащенков Сергей.png'),(562,22,'Лучкин Андрей',2,'1986-02-03',3,'Лучкин Андрей.png'),(563,22,'Маммаев Исак',2,'1988-09-01',33,'Маммаев Исак.png'),(564,22,'Маммаев Магад',2,'1990-07-15',5,'Маммаев Магад.png'),(565,22,'Мещеряков Сергей',2,'1986-05-03',0,'Мещеряков Сергей.png'),(566,22,'Мищенко Константин',4,'1990-10-11',90,'Мищенко Константин.png'),(567,22,'Прокачев Александр',3,'1988-05-04',0,'Прокачев Александр.png'),(568,22,'Прохаев Алексей',1,'1986-07-08',1,'Прохаев Алексей.png'),(569,22,'Ретунский Андрей',3,'1986-01-03',2,'Ретунский Андрей.png'),(570,22,'Сарычев Александр',3,'1986-04-19',8,'Сарычев Александр.png'),(571,22,'Серёжечкин Кирилл',3,'1998-11-25',88,'Серёжечкин Кирилл.png'),(572,22,'Трофимов Владимир',3,'1986-10-28',13,'Трофимов Владимир.png'),(573,22,'Феофанов Даниил',3,'1997-11-23',99,'Феофанов Даниил.png'),(574,22,'Цай Александр',2,'1986-08-23',86,'Цай Александр.png'),(575,22,'Чупров Михаил',3,'1986-10-29',4,'Чупров Михаил.png'),(576,23,'Агафонов Владислав',2,'1986-10-10',12,'Агафонов Владислав.png'),(577,23,'Беспалов Андрей',1,'1987-04-07',1,'Беспалов Андрей.png'),(578,23,'Бурау Игорь',3,'1983-08-11',9,'Бурау Игорь.png'),(579,23,'Веселов Евгений',3,'1989-11-11',17,'Веселов Евгений.png'),(580,23,'Гневушев Кирилл',3,'1990-10-22',99,'Гневушев Кирилл.png'),(581,23,'Голубев Артём',2,'1987-02-14',2,'Голубев Артём.png'),(582,23,'Голубев Максим',3,'1982-01-01',5,'Голубев Максим.png'),(583,23,'Костюк Алексей',3,'1998-03-22',10,'Костюк Алексей.png'),(584,23,'Кулиговский Дмитрий',2,'1998-01-31',24,'Кулиговский Дмитрий.png'),(585,23,'Лазарев Алексей',2,'1987-02-17',4,'Лазарев Алексей.png'),(586,23,'Медведев Денис',1,'1992-04-26',0,'Медведев Денис.png'),(587,23,'Мехинэ Олег',2,'1975-09-22',18,'Мехинэ Олег.png'),(588,23,'Пажитнов Роман',3,'1987-11-23',25,'Пажитнов Роман.png'),(589,23,'Пальчиков Евгений',3,'1981-12-10',7,'Пальчиков Евгений.png'),(590,23,'Пальчиков Леонид',4,'1989-08-19',11,'Пальчиков Леонид.png'),(591,23,'Пешехонов Сергей',4,'1999-01-04',12,'Пешехонов Сергей.png'),(592,23,'Резниченко Денис',3,'1989-02-16',15,'Резниченко Денис.png'),(593,23,'Санталов Алексей',4,'1987-05-17',14,'Санталов Алексей.png'),(594,23,'Соболев Иван',2,'1989-05-02',44,'Соболев Иван.png'),(595,23,'Степанов Максим',1,'1983-01-02',16,'Степанов Максим.png'),(596,23,'Таран Николай',3,'1992-04-19',3,'Таран Николай.png'),(597,23,'Туркин Евгений',3,'1988-06-20',88,'Туркин Евгений.png'),(598,23,'Фёдоров Игорь',3,'1985-09-04',8,'Фёдоров Игорь.png'),(599,23,'Шкуров Павел',2,'1984-02-12',77,'Шкуров Павел.png'),(600,23,'Янчинский Роман',1,'1981-09-01',20,'Янчинский Роман.png'),(601,24,'Аббас-заде Полад',4,'1999-11-29',0,'Аббас-заде Полад.png'),(602,24,'Агакишиев Руслан',4,'1995-06-12',0,'Агакишиев Руслан.png'),(603,24,'Алиев Камил',2,'1999-04-19',0,'Алиев Камил.png'),(604,24,'Баладжанов Аслан',3,'1998-02-27',0,'Баладжанов Аслан.png'),(605,24,'Бугров Андрей',3,'1994-01-19',0,'Бугров Андрей.png'),(606,24,'Глазунов Вадим',3,'1989-10-19',0,'Глазунов Вадим.png'),(607,24,'Киселёв Александр',1,'1995-03-09',0,'Киселёв Александр.png'),(608,24,'Колмыченко Даниил',3,'1997-07-13',0,'Колмыченко Даниил.png'),(609,24,'Кораблин Артём',3,'1992-09-21',0,'Кораблин Артём.png'),(610,24,'Кочевенко Вячеслав',3,'1994-05-19',0,'Кочевенко Вячеслав.png'),(611,24,'Кудинов Александр',2,'1992-09-25',0,'Кудинов Александр.png'),(612,24,'Куприн Сергей',2,'1993-08-13',0,'Куприн Сергей.png'),(613,24,'Кусраев Георгий',1,'1998-05-14',0,'Кусраев Георгий.png'),(614,24,'Малахов Дмитрий',2,'1999-07-01',0,'Малахов Дмитрий.png'),(615,24,'Мартиросян Вазген',4,'1988-09-04',0,'Мартиросян Вазген.png'),(616,24,'Никифоренко Илья',1,'1999-09-09',0,'Никифоренко Илья.png'),(617,24,'Новиков Виталий',2,'1984-06-17',0,'Новиков Виталий.png'),(618,24,'Оганнисян Ваге',3,'1992-09-12',0,'Оганнисян Ваге.png'),(619,24,'Павлов Юрий',2,'1991-03-15',0,'Павлов Юрий.png'),(620,24,'Сухов Дмитрий',2,'1984-09-21',0,'Сухов Дмитрий.png'),(621,24,'Чумарков Алексей',3,'1996-04-10',0,'Чумарков Алексей.png'),(622,25,'Александров Валентин',2,'1993-09-01',0,'Александров Валентин.png'),(623,25,'Бахчев Андрей',3,'1987-05-19',0,'Бахчев Андрей.png'),(624,25,'Берсенев Александр',3,'1990-05-15',0,'Берсенев Александр.png'),(625,25,'Богонатов Филипп',3,'1991-05-22',31,'Богонатов Филипп.png'),(626,25,'Боев Павел',3,'1989-10-30',13,'Боев Павел.png'),(627,25,'Гейнрих Александр',4,'1984-10-06',0,'Гейнрих Александр.png'),(628,25,'Гизатулин Тимур',3,'1986-03-28',19,'Гизатулин Тимур.png'),(629,25,'Голаков Алексей',1,'1995-01-22',0,'Голаков Алексей.png'),(630,25,'Гольдман Леонид',2,'1987-12-27',0,'Гольдман Леонид.png'),(631,25,'Гребенюк Александр',3,'1984-12-24',0,'Гребенюк Александр.png'),(632,25,'Григорян Аркадий',2,'1993-06-23',0,'Григорян Аркадий.png'),(633,25,'Данилевский Иван',2,'1984-01-06',0,'Данилевский Иван.png'),(634,25,'Зотов Алексей',2,'1988-10-26',0,'Зотов Алексей.png'),(635,25,'Иванов Олег',3,'1986-06-29',7,'Иванов Олег.png'),(636,25,'Инкин Олег',3,'1990-03-06',37,'Инкин Олег.png'),(637,25,'Караваев Александр',4,'1990-05-01',12,'Караваев Александр.png'),(638,25,'Карьков Евгений',2,'1989-12-03',20,'Карьков Евгений.png'),(639,25,'Керопян Александр',2,'1997-05-12',0,'Керопян Александр.png'),(640,25,'Коен Леонид',4,'1986-05-05',10,'Коен Леонид.png'),(641,25,'Колубков Антон',2,'1993-07-28',0,'Колубков Антон.png'),(642,25,'Корян Артём',1,'1990-05-23',0,'Корян Артём.png'),(643,25,'Костанда Дмитрий',3,'1986-08-31',0,'Костанда Дмитрий.png'),(644,25,'Лобов Андрей',1,'1993-01-12',0,'Лобов Андрей.png'),(645,25,'Мартынов Даниил',3,'1991-03-18',16,'Мартынов Даниил.png'),(646,25,'Мезенцев Григорий',4,'1991-01-17',24,'Мезенцев Григорий.png'),(647,25,'Мнацаканян Альберт',3,'1999-09-09',27,'Мнацаканян Альберт.png'),(648,25,'Мытарев Артём',1,'1988-07-23',0,'Мытарев Артём.png'),(649,25,'Песков Кирилл',3,'1999-07-12',11,'Песков Кирилл.png'),(650,25,'Петруков Юрий',3,'1987-08-30',9,'Петруков Юрий.png'),(651,25,'Поминов Вячеслав',1,'1987-01-31',87,'Поминов Вячеслав.png'),(652,25,'Попов Антон',3,'1994-08-19',0,'Попов Антон.png'),(653,25,'Сапожников Илья',3,'1994-08-04',4,'Сапожников Илья.png'),(654,25,'Симонов Александр',2,'1983-07-25',0,'Симонов Александр.png'),(655,25,'Сомин Кирилл',2,'1984-04-23',0,'Сомин Кирилл.png'),(656,25,'Сурков Вадим',2,'1999-03-20',27,'Сурков Вадим.png'),(657,25,'Финашин Семён',3,'1995-03-06',0,'Финашин Семён.png'),(658,25,'Фурикевич Александр',1,'1993-02-27',88,'Фурикевич Александр.png'),(659,25,'Ханыков Андрей',3,'1986-06-14',8,'Ханыков Андрей.png'),(660,25,'Чушенков Дмитрий',2,'1987-03-23',23,'Чушенков Дмитрий.png'),(661,25,'Школьников Борис',3,'1989-10-26',15,'Школьников Борис.png'),(662,26,'Акишбая Омян',3,'1995-09-20',0,'Акишбая Омян.png'),(663,26,'Березин Игорь',3,'1997-02-28',0,'Березин Игорь.png'),(664,26,'Боев Навджаван',1,'1994-08-16',0,'Боев Навджаван.png'),(665,26,'Бордунов Артём',4,'1994-09-13',0,'Бордунов Артём.png'),(666,26,'Гомон Евгений',2,'1985-01-29',0,'Гомон Евгений.png'),(667,26,'Горячев Илья',1,'1994-07-18',0,'Горячев Илья.png'),(668,26,'Егоров Виктор',3,'1991-02-04',0,'Егоров Виктор.png'),(669,26,'Захаров Сергей',2,'1985-01-10',0,'Захаров Сергей.png'),(670,26,'Козлов Андрей',2,'1989-03-01',0,'Козлов Андрей.png'),(671,26,'Наимов Мурид',4,'1998-08-09',0,'Наимов Мурид.png'),(672,26,'Наимов Фариер',3,'1994-06-28',0,'Наимов Фариер.png'),(673,26,'Прусаков Виталий',2,'1985-07-05',0,'Прусаков Виталий.png'),(674,26,'Пупышев Станислав',3,'1998-12-31',0,'Пупышев Станислав.png'),(675,26,'Рагозин Олег',3,'1988-03-04',0,'Рагозин Олег.png'),(676,26,'Рогулёв Илья',2,'1994-03-20',0,'Рогулёв Илья.png'),(677,26,'Рунчев Дмитрий',2,'1991-01-24',0,'Рунчев Дмитрий.png'),(678,26,'Сайидалиев Асамудин',2,'1994-01-30',0,'Сайидалиев Асамудин.png'),(679,26,'Саная Ираклий',2,'1995-04-19',0,'Саная Ираклий.png'),(680,26,'Сеньев Александр',4,'1985-12-27',0,'Сеньев Александр.png'),(681,26,'Сеньев Иван',2,'1963-03-14',0,'Сеньев Иван.png'),(682,26,'Тишакин Павел',3,'1971-10-31',0,'Тишакин Павел.png'),(683,26,'Убайдулаев Магомед',4,'1996-01-21',0,'Убайдулаев Магомед.png'),(684,26,'Ураев Александр',1,'1980-11-18',0,'Ураев Александр.png'),(685,26,'Федотов Дмитрий',3,'1989-11-14',0,'Федотов Дмитрий.png'),(686,27,'Айдаров Аким',3,'1989-01-20',0,'Айдаров Аким.png'),(687,27,'Антюхов Дмитрий',3,'1988-08-30',0,'Антюхов Дмитрий.png'),(688,27,'Горшков Ярослав',4,'1987-06-14',0,'Горшков Ярослав.png'),(689,27,'Госпарян Андрей',3,'1985-12-18',0,'Госпарян Андрей.png'),(690,27,'Господчиков Евгений',3,'1993-12-08',0,'Господчиков Евгений.png'),(691,27,'Дмитриевский Филипп',1,'1986-11-05',0,'Дмитриевский Филипп.png'),(692,27,'Дупляков Алексей',2,'1984-10-01',0,'Дупляков Алексей.png'),(693,27,'Дупляков Павел',3,'1988-01-30',0,'Дупляков Павел.png'),(694,27,'Колесов Данил',3,'1988-08-19',0,'Колесов Данил.png'),(695,27,'Коростелёв Илья',4,'1985-09-28',0,'Коростелёв Илья.png'),(696,27,'Красильников Алексей',3,'1985-01-13',0,'Красильников Алексей.png'),(697,27,'Московский Михаил',4,'1985-09-18',0,'Московский Михаил.png'),(698,27,'Нечаев Александр',3,'1988-03-16',0,'Нечаев Александр.png'),(699,27,'Нечаев Сергей',2,'1981-07-23',0,'Нечаев Сергей.png'),(700,27,'Паршиков Алексей',2,'1988-05-23',0,'Паршиков Алексей.png'),(701,27,'Пасеков Александр',3,'1983-11-27',0,'Пасеков Александр.png'),(702,27,'Прудников Денис',3,'1986-05-09',0,'Прудников Денис.png'),(703,27,'Пунга Андрей',3,'1985-08-24',0,'Пунга Андрей.png'),(704,27,'Ребенко Степан',2,'1995-05-01',0,'Ребенко Степан.png'),(705,27,'Рыбай Андрей',2,'1986-03-25',0,'Рыбай Андрей.png'),(706,27,'Рябцев Сергей',3,'1992-08-06',0,'Рябцев Сергей.png'),(707,27,'Сенин Михаил',2,'1989-11-21',0,'Сенин Михаил.png'),(708,27,'Трефилов Евгений',4,'1987-06-17',0,'Трефилов Евгений.png'),(709,27,'Ходырев Никита',2,'1988-02-06',0,'Ходырев Никита.png'),(710,27,'Яковлев Евгений',2,'1983-10-27',0,'Яковлев Евгений.png'),(711,28,'Андрюшко Назарий',3,'1986-11-19',0,'Андрюшко Назарий.png'),(712,28,'Батов Виктор',3,'1986-01-17',0,'Батов Виктор.png'),(713,28,'Брагин Феликс',2,'1979-11-23',0,'Брагин Феликс.png'),(714,28,'Букеткин Андрей',3,'1993-06-27',0,'Букеткин Андрей.png'),(715,28,'Бусев Руслан',3,'1989-06-13',0,'Бусев Руслан.png'),(716,28,'Григорян Артур',3,'1996-07-16',0,'Григорян Артур.png'),(717,28,'Гуськов Дмитрий',3,'1984-03-13',0,'Гуськов Дмитрий.png'),(718,28,'Егоров Андрей',1,'1982-06-04',0,'Егоров Андрей.png'),(719,28,'Зыков Сергей',4,'1995-10-05',0,'Зыков Сергей.png'),(720,28,'Игнатьев Илья',4,'1986-08-07',0,'Игнатьев Илья.png'),(721,28,'Катасонов Александр',1,'1989-04-02',0,'Катасонов Александр.png'),(722,28,'Клепиков Алексей',3,'1990-02-02',0,'Клепиков Алексей.png'),(723,28,'Куриленко Дмитрий',3,'1984-04-18',0,'Куриленко Дмитрий.png'),(724,28,'Курилов Александр',2,'1995-07-30',0,'Курилов Александр.png'),(725,28,'Мампориа Дмитрий',3,'1985-12-10',0,'Мампориа Дмитрий.png'),(726,28,'Назаров Анатолий',3,'1986-01-06',0,'Назаров Анатолий.png'),(727,28,'Почечуев Виталий',4,'1983-12-12',0,'Почечуев Виталий.png'),(728,28,'Прилепин Алексей',3,'1987-03-11',0,'Прилепин Алексей.png'),(729,28,'Распопин Сергей',4,'1982-07-21',0,'Распопин Сергей.png'),(730,28,'Сапожников Дмитрий',4,'1988-04-17',0,'Сапожников Дмитрий.png'),(731,28,'Федичкин Сергей',1,'1973-01-02',0,'Федичкин Сергей.png'),(732,28,'Федюшин Виктор',3,'1982-12-11',0,'Федюшин Виктор.png'),(733,28,'Халяпин Дмитрий',4,'1993-06-11',0,'Халяпин Дмитрий.png'),(734,28,'Шуркин Николай',4,'1986-12-24',0,'Шуркин Николай.png'),(735,28,'Шурмин Игорь',3,'1986-08-17',0,'Шурмин Игорь.png'),(736,29,'Багдасаров Владимир',1,'1991-08-15',0,'Багдасаров Владимир.png'),(737,29,'Бордеев Денис',3,'1980-03-25',21,'Бордеев Денис.png'),(738,29,'Боровиков Александр',2,'1986-04-25',8,'Боровиков Александр.png'),(739,29,'Васильев Виталий',4,'1985-05-22',33,'Васильев Виталий.png'),(740,29,'Васильев Роман',3,'1988-03-25',82,'Васильев Роман.png'),(741,29,'Волков Денис',1,'1986-02-06',48,'Волков Денис.png'),(742,29,'Жигачев Никита',3,'1995-06-30',90,'Жигачев Никита.png'),(743,29,'Захаров Игорь',4,'1983-06-27',11,'Захаров Игорь.png'),(744,29,'Иванов Александр',2,'1987-05-26',0,'Иванов Александр.png'),(745,29,'Иванов Алексей',3,'1980-10-10',0,'Иванов Алексей.png'),(746,29,'Кондратьев Станислав',2,'1985-02-28',5,'Кондратьев Станислав.png'),(747,29,'Краснов Алексей',2,'1982-04-15',15,'Краснов Алексей.png'),(748,29,'Курбанов Артур',2,'1986-12-20',12,'Курбанов Артур.png'),(749,29,'Логвинов Никита',2,'1993-03-13',20,'Логвинов Никита.png'),(750,29,'Лосев Александр',3,'1982-04-19',23,'Лосев Александр.png'),(751,29,'Лукманов Алексей',3,'1981-03-21',4,'Лукманов Алексей.png'),(752,29,'Мамедов Насиб',3,'1994-11-05',30,'Мамедов Насиб.png'),(753,29,'Мулашев Рамиль',3,'1996-06-19',70,'Мулашев Рамиль.png'),(754,29,'Новик Дмитрий',1,'1988-01-30',1,'Новик Дмитрий.png'),(755,29,'Солдатов Дмитрий',2,'1985-05-27',7,'Солдатов Дмитрий.png'),(756,29,'Старков Владимир',1,'1985-10-28',13,'Старков Владимир.png'),(757,29,'Фролов Алексей',3,'1988-01-10',10,'Фролов Алексей.png'),(758,29,'Яков Андрей',3,'1979-11-08',32,'Яков Андрей.png'),(759,30,'Акчулпанов Радмир',2,'1987-01-31',6,'Акчулпанов Радмир.png'),(760,30,'Батищев Александр',2,'1986-01-05',0,'Батищев Александр.png'),(761,30,'Болдиреску Сергей',3,'1998-09-24',32,'Болдиреску Сергей.png'),(762,30,'Брайович Дмитрий',3,'2001-08-24',0,'Брайович Дмитрий.png'),(763,30,'Воробьёв Максим',3,'1982-03-05',0,'Воробьёв Максим.png'),(764,30,'Гасанов Мурад',2,'1989-08-01',0,'Гасанов Мурад.png'),(765,30,'Гимаев Тимур',2,'1987-06-10',0,'Гимаев Тимур.png'),(766,30,'Глазков Алексей',4,'1994-08-22',88,'Глазков Алексей.png'),(767,30,'Глушко Даниил',3,'1992-11-30',11,'Глушко Даниил.png'),(768,30,'Глушко Марк',3,'1997-04-11',97,'Глушко Марк.png'),(769,30,'Ибатуллин Рушан',2,'1985-03-25',16,'Ибатуллин Рушан.png'),(770,30,'Кишов Михаил',4,'1986-05-17',0,'Кишов Михаил.png'),(771,30,'Комков Андрей',2,'1987-03-12',7,'Комков Андрей.png'),(772,30,'Коржов Сергей',3,'1990-09-10',0,'Коржов Сергей.png'),(773,30,'Костров Руслан',2,'1988-12-21',0,'Костров Руслан.png'),(774,30,'Лаврук Алексей',3,'1986-05-21',0,'Лаврук Алексей.png'),(775,30,'Лаврук Евгений',3,'1990-02-04',0,'Лаврук Евгений.png'),(776,30,'Лычёв Александр',2,'1987-06-09',0,'Лычёв Александр.png'),(777,30,'Мазур Александр',1,'1990-04-13',1,'Мазур Александр.png'),(778,30,'Мазуров Виктор',3,'1991-04-18',0,'Мазуров Виктор.png'),(779,30,'Мамонтов Кирилл',3,'1986-03-30',14,'Мамонтов Кирилл.png'),(780,30,'Медведев Дмитрий',2,'1988-11-11',0,'Медведев Дмитрий.png'),(781,30,'Меньшов Дмитрий',3,'1993-01-04',9,'Меньшов Дмитрий.png'),(782,30,'Миронов Алексей',2,'1992-02-18',0,'Миронов Алексей.png'),(783,30,'Никитин Сергей',2,'1981-09-08',0,'Никитин Сергей.png'),(784,30,'Рукин Игорь',1,'1986-12-27',0,'Рукин Игорь.png'),(785,30,'Савостин Сергей',2,'1984-04-26',0,'Савостин Сергей.png'),(786,30,'Степанов Артур',2,'1985-04-27',0,'Степанов Артур.png'),(787,30,'Степанов Владислав',2,'1990-07-18',0,'Степанов Владислав.png'),(788,30,'Татаренко Дмитрий',3,'1992-01-17',5,'Татаренко Дмитрий.png'),(789,30,'Тихонов Игорь',4,'1987-01-03',20,'Тихонов Игорь.png'),(790,30,'Толстик Андрей',3,'1989-01-13',69,'Толстик Андрей.png'),(791,30,'Хлыстунов Алексей',1,'1989-02-22',0,'Хлыстунов Алексей.png'),(792,30,'Храменков Сергей',2,'1985-05-02',0,'Храменков Сергей.png'),(793,30,'Черепенько Сергей',1,'1985-06-16',0,'Черепенько Сергей.png'),(794,30,'Чубов Александр',2,'1983-11-29',4,'Чубов Александр.png'),(795,30,'Юнусов Артур',3,'1983-07-22',22,'Юнусов Артур.png'),(796,31,'Алексеев Илья',3,'1982-01-02',0,'Алексеев Илья.png'),(797,31,'Бакурский Пётр',4,'1982-04-08',0,'Бакурский Пётр.png'),(798,31,'Беседин Марк',3,'2000-06-20',0,'Беседин Марк.png'),(799,31,'Бузыканов Александр',4,'1999-01-26',0,'Бузыканов Александр.png'),(800,31,'Бузыканов Алексей',3,'1979-08-25',0,'Бузыканов Алексей.png'),(801,31,'Вавилченков Андрей',3,'1990-04-28',0,'Вавилченков Андрей.png'),(802,31,'Васильев Герман',3,'1992-07-30',0,'Васильев Герман.png'),(803,31,'Воеводин Станислав',3,'1986-07-23',0,'Воеводин Станислав.png'),(804,31,'Волков Михаил',3,'1985-07-14',0,'Волков Михаил.png'),(805,31,'Доцяк Алексей',2,'1992-10-20',0,'Доцяк Алексей.png'),(806,31,'Ерёмин Сергей',2,'1982-02-26',0,'Ерёмин Сергей.png'),(807,31,'Зеленский Дмитрий',2,'1984-09-05',0,'Зеленский Дмитрий.png'),(808,31,'Климов Пётр',3,'1985-08-08',0,'Климов Пётр.png'),(809,31,'Колца Октавиан',3,'1982-08-08',0,'Колца Октавиан.png'),(810,31,'Меженников Николай',3,'1984-01-19',0,'Меженников Николай.png'),(811,31,'Морозов Денис',2,'2000-02-18',0,'Морозов Денис.png'),(812,31,'Мухер Никита',2,'1998-02-23',0,'Мухер Никита.png'),(813,31,'Пильщиков Николай',3,'1983-11-03',0,'Пильщиков Николай.png'),(814,31,'Рауткин Дмитрий',2,'1982-12-07',0,'Рауткин Дмитрий.png'),(815,31,'Рекуданов Михаил',3,'1985-05-05',0,'Рекуданов Михаил.png'),(816,31,'Романов Кирилл',2,'1983-08-25',0,'Романов Кирилл.png'),(817,31,'Рулёв Вадим',1,'1995-02-10',0,'Рулёв Вадим.png'),(818,31,'Самонов Константин',3,'1989-05-07',0,'Самонов Константин.png'),(819,31,'Сафронов Иван',2,'1990-11-15',0,'Сафронов Иван.png'),(820,31,'Щекочихин Александр',1,'1979-10-23',0,'Щекочихин Александр.png'),(821,32,'Беляев Алексей',3,'1984-04-09',0,'Беляев Алексей.png'),(822,32,'Буханцев Владислав',4,'1982-04-27',0,'Буханцев Владислав.png'),(823,32,'Воробьёв Сергей',3,'1992-03-15',0,'Воробьёв Сергей.png'),(824,32,'Грачёв Дмитрий',2,'1991-03-13',0,'Грачёв Дмитрий.png'),(825,32,'Ежков Алексей',3,'1992-07-22',0,'Ежков Алексей.png'),(826,32,'Ковальчук Павел',1,'1977-03-07',0,'Ковальчук Павел.png'),(827,32,'Козлов Антон',1,'1997-04-02',0,'Козлов Антон.png'),(828,32,'Комаров Никита',1,'1994-04-11',0,'Комаров Никита.png'),(829,32,'Коршунов Алексей',4,'1984-12-25',0,'Коршунов Алексей.png'),(830,32,'Куприянов Илья',2,'1990-04-12',0,'Куприянов Илья.png'),(831,32,'Ловцов Никита',2,'1997-07-08',0,'Ловцов Никита.png'),(832,32,'Майоршин Сергей',3,'1997-07-19',0,'Майоршин Сергей.png'),(833,32,'Махорин Павел',3,'1986-03-23',0,'Махорин Павел.png'),(834,32,'Овчинников Дмитрий',3,'1985-01-16',0,'Овчинников Дмитрий.png'),(835,32,'Паршиков Кирилл',3,'1998-08-10',0,'Паршиков Кирилл.png'),(836,32,'Райков Аркадий',2,'1987-08-25',0,'Райков Аркадий.png'),(837,32,'Сагалаев Антон',4,'1985-02-14',0,'Сагалаев Антон.png'),(838,32,'Сухов Василий',2,'1985-11-27',0,'Сухов Василий.png'),(839,32,'Фастов Артём',3,'1989-03-11',0,'Фастов Артём.png'),(840,32,'Ханжин Владимир',3,'1984-07-16',0,'Ханжин Владимир.png'),(841,32,'Харитон Ярослав',3,'1986-11-09',0,'Харитон Ярослав.png'),(842,32,'Хворост Михаил',2,'1987-06-11',0,'Хворост Михаил.png'),(843,32,'Чупин Илья',1,'1987-08-11',0,'Чупин Илья.png'),(844,32,'Шевцов Дмитрий',1,'1986-06-19',0,'Шевцов Дмитрий.png'),(845,32,'Якушин Максим',3,'1997-03-07',0,'Якушин Максим.png'),(846,33,'Авагян Арсен',2,'1995-05-09',0,'Авагян Арсен.png'),(847,33,'Адигамов Данила',2,'1997-06-08',0,'Адигамов Данила.png'),(848,33,'Барсегян Арман',3,'1996-05-07',0,'Барсегян Арман.png'),(849,33,'Бочалов Виталий',4,'1994-02-15',0,'Бочалов Виталий.png'),(850,33,'Бычков Игорь',2,'1994-08-21',0,'Бычков Игорь.png'),(851,33,'Васильев Илья',2,'1996-06-29',0,'Васильев Илья.png'),(852,33,'Горюнов Павел',2,'1993-08-04',0,'Горюнов Павел.png'),(853,33,'Иванов Артём',1,'1994-10-24',0,'Иванов Артём.png'),(854,33,'Карпухин Сергей',3,'1993-10-04',0,'Карпухин Сергей.png'),(855,33,'Козлов Сергей',3,'1993-04-13',0,'Козлов Сергей.png'),(856,33,'Костылев Сергей',2,'1983-07-22',0,'Костылев Сергей.png'),(857,33,'Кромарев Александр',3,'1999-05-09',0,'Кромарев Александр.png'),(858,33,'Кудряшов Сергей',4,'1981-04-22',0,'Кудряшов Сергей.png'),(859,33,'Любавский Артём',3,'1996-07-18',0,'Любавский Артём.png'),(860,33,'Мисин Вячеслав',1,'1992-11-24',0,'Мисин Вячеслав.png'),(861,33,'Митронов Михаил',3,'1994-05-03',0,'Митронов Михаил.png'),(862,33,'Морозкин Сергей',2,'1994-03-10',0,'Морозкин Сергей.png'),(863,33,'Мурадов Астан',4,'1996-11-20',0,'Мурадов Астан.png'),(864,33,'Нахимов Андрей',1,'1996-03-13',0,'Нахимов Андрей.png'),(865,33,'Номинов Булат',2,'1996-02-08',0,'Номинов Булат.png'),(866,33,'Павлютенков Евгений',3,'1989-09-05',0,'Павлютенков Евгений.png'),(867,33,'Приставка Михаил',2,'1984-08-02',0,'Приставка Михаил.png'),(868,33,'Сталеров Александр',2,'1984-04-13',0,'Сталеров Александр.png'),(869,33,'Червонцев Игорь',3,'1993-10-11',0,'Червонцев Игорь.png'),(870,33,'Чермошенцев Денис',3,'1989-04-20',0,'Чермошенцев Денис.png'),(871,34,'Алаев Борис',1,'1989-12-30',0,'Алаев Борис.png'),(872,34,'Аникушин Артём',2,'1994-11-27',0,'Аникушин Артём.png'),(873,34,'Баландин Денис',2,'1998-10-14',0,'Баландин Денис.png'),(874,34,'Васильев Иван',4,'1999-11-25',0,'Васильев Иван.png'),(875,34,'Васюков Алексей',4,'1999-08-01',0,'Васюков Алексей.png'),(876,34,'Вязовский Виталий',3,'1990-04-03',0,'Вязовский Виталий.png'),(877,34,'Гескин Алексей',3,'1990-01-07',0,'Гескин Алексей.png'),(878,34,'Зямзин Александр',4,'1994-06-04',0,'Зямзин Александр.png'),(879,34,'Калмыков Ярослав',3,'1988-07-14',0,'Калмыков Ярослав.png'),(880,34,'Коновалов Илья',4,'2000-08-02',0,'Коновалов Илья.png'),(881,34,'Корнаев Азамат',1,'1989-09-30',0,'Корнаев Азамат.png'),(882,34,'Кугачёв Максим',4,'1987-01-14',0,'Кугачёв Максим.png'),(883,34,'Мартынюк Андрей',4,'1966-01-14',0,'Мартынюк Андрей.png'),(884,34,'Мартынюк Артём',2,'1988-06-11',0,'Мартынюк Артём.png'),(885,34,'Мартынюк Никита',4,'1990-02-05',0,'Мартынюк Никита.png'),(886,34,'Матвеев Кирилл',3,'1998-01-27',0,'Матвеев Кирилл.png'),(887,34,'Мельник Алексей',3,'1988-01-17',0,'Мельник Алексей.png'),(888,34,'Орехов Андрей',2,'1989-09-01',0,'Орехов Андрей.png'),(889,34,'Павлов Павел',3,'1989-05-04',0,'Павлов Павел.png'),(890,34,'Попов Олег',3,'1991-01-17',0,'Попов Олег.png'),(891,34,'Рысай Александр',3,'1983-04-03',0,'Рысай Александр.png'),(892,34,'Салия Ираклий',3,'1989-06-02',0,'Салия Ираклий.png'),(893,34,'Сотин Владислав',3,'1989-11-16',0,'Сотин Владислав.png'),(894,35,'Кабиров Тимур',3,'1994-04-25',0,'Кабиров Тимур.png'),(895,35,'Кашапов Давид',4,'1994-09-05',99,'Кашапов Давид.png'),(896,35,'Ковалевский Антон',4,'1984-08-02',0,'Ковалевский Антон.png'),(897,35,'Лубочников Руслан',2,'1998-03-29',0,'Лубочников Руслан.png'),(898,35,'Марченков Алексей',2,'1993-12-07',0,'Марченков Алексей.png'),(899,35,'Мощенко Антон',4,'1989-12-30',10,'Мощенко Антон.png'),(900,35,'Мощенко Сергей',4,'1997-05-23',97,'Мощенко Сергей.png'),(901,35,'Орлов Александр',2,'1988-11-01',88,'Орлов Александр.png'),(902,35,'Панов Андрей',3,'1996-02-01',0,'Панов Андрей.png'),(903,35,'Паршонков Павел',1,'1990-11-10',0,'Паршонков Павел.png'),(904,35,'Плотников Павел',3,'1994-05-24',0,'Плотников Павел.png'),(905,35,'Слепнёв Артём',4,'1998-08-24',0,'Слепнёв Артём.png'),(906,35,'Стукалов Иван',2,'1996-04-01',0,'Стукалов Иван.png'),(907,35,'Тимофеев Алексей',2,'1981-06-02',12,'Тимофеев Алексей.png'),(908,35,'Успенский Сергей',4,'1988-08-16',14,'Успенский Сергей.png'),(909,35,'Черняев Анатолий',4,'1983-06-23',23,'Черняев Анатолий.png'),(910,35,'Шлапак Александр',2,'1997-08-08',3,'Шлапак Александр.png'),(914,36,'Заглушка',NULL,NULL,NULL,NULL),(915,36,'Галыгин Кирилл',NULL,NULL,NULL,NULL),(916,36,'Тихонов Дмитрий',NULL,NULL,NULL,NULL),(917,36,'Титов Даниил',NULL,NULL,NULL,NULL),(918,36,'Давыдкин Тимур',NULL,NULL,NULL,NULL),(919,36,'Мартыненко Павел',NULL,NULL,NULL,NULL),(920,36,'Мельников Сергей',NULL,NULL,NULL,NULL),(921,36,'Жулин Виктор',NULL,NULL,NULL,NULL),(922,36,'Плиев Шахан',NULL,NULL,NULL,NULL),(923,36,'Майга Мамаду',NULL,NULL,NULL,NULL),(924,36,'Дорохин Владимир',NULL,NULL,NULL,NULL),(925,36,'Никифоров Александр',NULL,NULL,NULL,NULL),(926,36,'Быченко Владислав',NULL,NULL,NULL,NULL),(927,38,'Горбинский Артур',1,NULL,NULL,NULL),(928,38,'Акимов Игорь',2,NULL,NULL,NULL),(929,38,'Иващенко Максим',2,NULL,NULL,NULL),(930,38,'Любушкин Алексей',2,NULL,NULL,NULL),(931,38,'Матвеев Матвей',2,NULL,NULL,NULL),(932,38,'Рогов Роман',2,NULL,NULL,NULL),(933,38,'Старостин Василий',2,NULL,NULL,NULL),(934,38,'Иванов Кирилл',3,NULL,NULL,NULL),(935,38,'Крамаренко Даниэль',3,NULL,NULL,NULL),(936,38,'Кудрявцев Иван',3,NULL,NULL,NULL),(937,38,'Попов Вадим',3,NULL,NULL,NULL),(939,38,'Семченков Роман',3,NULL,NULL,NULL),(940,38,'Ткачёв Олег',3,NULL,NULL,NULL),(941,38,'Ульянов Александр',3,NULL,NULL,NULL),(942,38,'Цыбулевский Егор',3,NULL,NULL,NULL),(943,38,'Боровской Александр',4,NULL,NULL,NULL),(944,38,'Зубков Александр',4,NULL,NULL,NULL),(946,36,'Старыгин Андрей',NULL,NULL,NULL,NULL),(947,36,'Горобинский Артур',NULL,NULL,NULL,NULL),(950,38,'Савченко Антон',3,NULL,NULL,NULL),(951,36,'Налейкин Денис',NULL,NULL,NULL,NULL),(952,36,'Артёмов Максим',NULL,NULL,NULL,NULL),(953,36,'Соболев Антон',NULL,NULL,NULL,NULL),(954,36,'Гусев Виталий',NULL,NULL,NULL,NULL),(955,36,'Юсупов Исмаил',NULL,NULL,NULL,NULL),(956,36,'Косович Артём',NULL,NULL,NULL,NULL),(957,36,'Калашник Алексей',NULL,NULL,NULL,NULL),(958,36,'Алексанян Артак',NULL,NULL,NULL,NULL),(959,36,'Баранов Антон',NULL,NULL,NULL,NULL),(960,36,'Ропот Андрей',NULL,NULL,NULL,NULL),(961,36,'Пальцев Никита',NULL,NULL,NULL,NULL),(962,36,'Щудрин Егор',NULL,NULL,NULL,NULL),(963,36,'Сыроватень Владислав',NULL,NULL,NULL,NULL),(964,36,'Середа Евгений',NULL,NULL,NULL,NULL),(965,36,'Чумарков Дмитрий',NULL,NULL,NULL,NULL),(966,36,'Бабкин Александр',NULL,NULL,NULL,NULL),(967,36,'Чутсков Андрей',NULL,NULL,NULL,NULL),(968,36,'Козиков Сергей',NULL,NULL,NULL,NULL),(969,36,'Лыкин Иван',NULL,NULL,NULL,NULL),(970,36,'Стародонкин Александр',NULL,NULL,NULL,NULL),(971,36,'Воронин Павел',NULL,NULL,NULL,NULL),(972,36,'Куренков Владимир',NULL,NULL,NULL,NULL),(973,36,'Липатов Алексей',NULL,NULL,NULL,NULL),(974,36,'Гусев Алексей',NULL,NULL,NULL,NULL),(975,36,'Лиманский Денис',NULL,NULL,NULL,NULL),(976,36,'Тарабриков Дмитрий',NULL,NULL,NULL,NULL),(977,36,'Васильев Андрей',NULL,NULL,NULL,NULL),(978,36,'Дудников Александр',NULL,NULL,NULL,NULL),(979,36,'Грязнов Василий',NULL,NULL,NULL,NULL),(980,36,'Пупыкин Иван',NULL,NULL,NULL,NULL),(981,36,'Ветров Тимур',NULL,NULL,NULL,NULL),(982,36,'Каджаров Тимур',NULL,NULL,NULL,NULL),(983,36,'Волочий Василий',NULL,NULL,NULL,NULL),(984,36,'Агеенков Андрей',NULL,NULL,NULL,NULL),(985,36,'Насыров Ирик',NULL,NULL,NULL,NULL),(986,36,'Беляйкин Сергей',NULL,NULL,NULL,NULL),(987,36,'Гондз Александр',NULL,NULL,NULL,NULL),(988,36,'Вовк Сергей',NULL,NULL,NULL,NULL),(989,36,'Григорян Арман',NULL,NULL,NULL,NULL),(990,36,'Шуйский Михаил',NULL,NULL,NULL,NULL),(991,36,'Перепелица Дмитрий',NULL,NULL,NULL,NULL),(992,36,'Лаврищев Никита',NULL,NULL,NULL,NULL),(993,36,'Яцков Александр',NULL,NULL,NULL,NULL),(994,36,'Худойбердиев Азис',NULL,NULL,NULL,NULL),(995,36,'Перевозкин Роман',NULL,NULL,NULL,NULL),(996,36,'Горяинов Михаил',NULL,NULL,NULL,NULL),(997,36,'Сёмушкин Георгий',NULL,NULL,NULL,NULL),(998,36,'Сабаев Александр',NULL,NULL,NULL,NULL),(999,36,'Кузнецов Виктор',NULL,NULL,NULL,NULL),(1000,36,'Акишин Денис',NULL,NULL,NULL,NULL),(1001,36,'Гордеев Денис',NULL,NULL,NULL,NULL),(1002,36,'Грушин Константин',NULL,NULL,NULL,NULL),(1003,36,'Кометиани Зураб',NULL,NULL,NULL,NULL),(1004,36,'Стасев Дмитрий',NULL,NULL,NULL,NULL),(1005,36,'Кудряшов Иван',NULL,NULL,NULL,NULL),(1006,36,'Сяинов Руслан',NULL,NULL,NULL,NULL),(1007,36,'Синицын Александр',NULL,NULL,NULL,NULL),(1008,36,'Фролков Степан',NULL,NULL,NULL,NULL),(1009,36,'Чун Кин Хо Джефри',NULL,NULL,NULL,NULL),(1010,36,'Молодкин Иван',NULL,NULL,NULL,NULL);
/*!40000 ALTER TABLE `players` ENABLE KEYS */;
UNLOCK TABLES;
/*!50003 SET @saved_cs_client      = @@character_set_client */ ;
/*!50003 SET @saved_cs_results     = @@character_set_results */ ;
/*!50003 SET @saved_col_connection = @@collation_connection */ ;
/*!50003 SET character_set_client  = utf8 */ ;
/*!50003 SET character_set_results = utf8 */ ;
/*!50003 SET collation_connection  = utf8_general_ci */ ;
/*!50003 SET @saved_sql_mode       = @@sql_mode */ ;
/*!50003 SET sql_mode              = 'STRICT_TRANS_TABLES,NO_AUTO_CREATE_USER,NO_ENGINE_SUBSTITUTION' */ ;
DELIMITER ;;
/*!50003 CREATE*/ /*!50017 DEFINER=`root`@`localhost`*/ /*!50003 trigger  tr_aft_ins_players after insert on players
for each row
begin

declare idPlayer int;
declare idSeason int;
declare idTeam int;

set idPlayer = new.id_player;
set idSeason = (select id_season from sesons
					where curdate() between year_start and year_end);
set idTeam = new.id_team;         

#if idTeam <> 36 then
	insert into players_statistics
	set id_player = idPlayer, id_season = idSeason, id_team = idTeam,
	games = 0, goal = 0, assist = 0, yellow_card = 0, red_card = 0, penalty = 0, own_goal = 0, penalty_out = 0;
#end if; 
end */;;
DELIMITER ;
/*!50003 SET sql_mode              = @saved_sql_mode */ ;
/*!50003 SET character_set_client  = @saved_cs_client */ ;
/*!50003 SET character_set_results = @saved_cs_results */ ;
/*!50003 SET collation_connection  = @saved_col_connection */ ;

--
-- Table structure for table `players_in_match`
--

DROP TABLE IF EXISTS `players_in_match`;
/*!40101 SET @saved_cs_client     = @@character_set_client */;
/*!40101 SET character_set_client = utf8 */;
CREATE TABLE `players_in_match` (
  `id_match` int(11) NOT NULL,
  `id_player` int(11) NOT NULL COMMENT 'Заявка на матч. Данные об игроке, участвующем в матче (его активность)',
  `count_goals` int(11) DEFAULT NULL,
  `count_assist` int(11) DEFAULT NULL,
  `yellow` int(11) DEFAULT NULL,
  `red` int(11) DEFAULT NULL,
  `penalty` int(11) DEFAULT NULL,
  `penalty_out` int(11) DEFAULT NULL,
  `own_goal` int(11) DEFAULT NULL,
  PRIMARY KEY (`id_match`,`id_player`),
  KEY `fk_players_in_match_players1_idx` (`id_player`),
  KEY `fk_players_in_match_matches1_idx` (`id_match`),
  CONSTRAINT `fk_players_in_match_matches1` FOREIGN KEY (`id_match`) REFERENCES `matches` (`id_match`) ON DELETE CASCADE ON UPDATE CASCADE,
  CONSTRAINT `fk_players_in_match_players1` FOREIGN KEY (`id_player`) REFERENCES `players` (`id_player`) ON DELETE CASCADE ON UPDATE CASCADE
) ENGINE=InnoDB DEFAULT CHARSET=utf8;
/*!40101 SET character_set_client = @saved_cs_client */;

--
-- Dumping data for table `players_in_match`
--

LOCK TABLES `players_in_match` WRITE;
/*!40000 ALTER TABLE `players_in_match` DISABLE KEYS */;
INSERT INTO `players_in_match` VALUES (1,139,0,0,0,0,0,0,0),(1,140,0,2,0,0,0,0,0),(1,143,0,0,0,0,0,0,0),(1,144,0,0,0,0,0,0,0),(1,148,0,1,0,0,0,0,0),(1,149,0,1,0,0,0,0,0),(1,151,1,0,0,0,0,0,0),(1,154,1,0,0,0,0,0,0),(1,155,0,0,0,0,0,0,0),(1,157,0,0,0,0,0,0,0),(1,158,0,0,0,0,0,0,0),(1,159,0,0,0,0,0,0,0),(1,160,1,0,0,0,0,0,0),(1,161,1,0,0,0,0,0,0),(1,379,0,0,0,0,0,0,0),(1,380,0,0,0,0,0,0,0),(1,382,0,0,0,0,0,0,0),(1,386,0,0,1,0,0,0,0),(1,388,0,0,0,0,0,0,0),(1,391,0,0,0,0,0,0,0),(1,394,0,0,0,0,0,0,0),(1,395,0,0,0,0,0,0,0),(1,396,0,0,0,0,0,0,0),(1,397,0,0,1,0,0,0,0),(1,400,0,0,0,0,0,0,0),(2,27,3,1,0,0,0,0,0),(2,28,2,1,0,0,0,0,0),(2,29,1,0,0,0,0,0,0),(2,31,3,2,0,0,0,0,0),(2,32,4,1,0,0,0,0,0),(2,33,0,0,0,0,0,0,0),(2,37,0,0,0,0,0,0,0),(2,38,0,1,0,0,0,0,0),(2,40,0,0,0,0,0,0,0),(2,41,0,5,0,0,0,0,0),(2,43,1,0,0,0,0,0,0),(2,47,0,1,0,0,0,0,0),(2,48,0,0,0,0,0,0,0),(2,288,0,0,0,0,0,0,0),(2,289,0,0,0,0,0,0,0),(2,294,0,0,0,0,0,0,0),(2,295,0,0,0,0,0,0,0),(2,299,0,0,1,0,0,0,0),(2,300,0,0,0,0,0,0,0),(2,304,0,0,0,0,0,0,0),(2,307,0,0,0,0,0,0,0),(2,308,0,0,0,0,0,0,0),(2,311,0,0,0,0,0,0,0),(3,77,0,1,0,0,0,0,0),(3,80,0,1,0,0,0,0,0),(3,82,2,0,0,0,0,0,0),(3,87,1,0,0,0,0,0,0),(3,89,0,0,0,0,0,0,0),(3,91,1,1,1,0,0,0,0),(3,92,0,0,0,0,0,0,0),(3,93,0,0,0,0,0,0,0),(3,95,0,1,0,0,0,0,0),(3,98,0,0,0,0,0,0,0),(3,101,0,0,0,0,0,0,0),(3,112,0,0,0,0,0,0,0),(3,113,0,0,0,0,0,0,0),(3,115,0,1,0,0,0,0,0),(3,116,1,0,0,0,0,0,0),(3,119,2,1,0,0,0,0,0),(3,120,0,0,1,0,0,0,0),(3,124,0,0,0,0,0,0,0),(3,125,0,0,0,0,0,0,1),(3,133,0,0,0,0,0,0,0),(3,135,0,0,1,0,0,0,0),(3,137,0,0,0,0,0,0,0),(3,138,0,0,0,0,0,0,0),(3,437,0,0,0,0,0,0,0),(3,915,0,0,0,0,0,0,0),(3,916,0,0,0,0,0,0,0),(4,66,1,0,1,0,0,0,0),(4,213,0,0,0,0,0,0,0),(4,217,0,0,0,0,0,0,0),(4,219,0,0,0,0,0,0,0),(4,230,0,0,0,0,0,0,0),(4,234,0,0,1,0,0,0,0),(4,235,0,0,0,0,0,0,0),(4,242,0,0,0,0,0,0,0),(4,247,0,0,1,0,0,0,0),(4,256,0,0,0,0,0,0,0),(4,258,0,0,1,0,0,0,0),(4,263,0,0,0,0,0,0,0),(4,264,0,0,0,0,0,0,0),(4,274,0,0,0,0,0,0,0),(4,276,0,0,0,0,0,0,0),(4,277,0,0,0,0,0,0,0),(4,282,1,0,0,0,0,0,0),(4,283,0,0,0,0,0,0,0),(4,284,0,0,0,0,0,0,0),(4,287,0,0,0,0,0,0,0),(4,317,0,0,0,0,0,0,0),(4,325,1,0,0,0,0,0,0),(4,578,0,0,0,0,0,0,0),(4,917,0,0,0,0,0,0,0),(4,918,1,0,0,0,0,0,0),(5,53,1,0,0,0,0,0,0),(5,54,0,0,0,0,0,0,0),(5,55,1,0,0,0,0,0,0),(5,57,1,2,0,0,0,0,0),(5,58,1,0,1,0,0,0,0),(5,59,0,0,0,0,0,0,0),(5,61,0,1,0,0,0,0,0),(5,62,0,0,0,0,0,0,0),(5,63,0,0,0,0,0,0,0),(5,64,0,0,0,0,0,0,0),(5,65,1,0,0,0,0,0,0),(5,67,0,0,0,0,0,0,0),(5,68,0,0,0,0,0,0,0),(5,69,0,0,0,0,0,0,0),(5,71,0,0,0,0,0,0,0),(5,72,0,0,0,0,0,0,0),(5,165,1,1,0,0,0,0,0),(5,166,0,0,0,0,0,0,0),(5,167,0,0,0,0,0,0,0),(5,168,0,1,0,0,0,0,0),(5,172,0,1,1,0,0,0,0),(5,176,1,0,0,0,0,0,0),(5,177,0,0,0,0,0,0,0),(5,180,0,0,0,0,0,0,0),(5,181,0,0,0,0,0,0,0),(5,182,0,1,1,0,0,0,0),(5,183,0,0,0,0,0,0,0),(5,186,1,0,0,0,0,0,0),(5,408,0,0,0,0,0,0,0),(5,426,1,0,0,0,0,0,0),(6,331,0,0,0,1,0,0,0),(6,336,0,1,0,0,0,0,0),(6,337,0,0,0,0,0,0,0),(6,341,0,0,0,0,0,0,0),(6,342,0,0,0,0,0,0,0),(6,346,0,0,0,0,0,0,0),(6,348,1,0,0,0,0,0,0),(6,351,0,2,0,0,0,0,0),(6,353,2,0,0,0,0,0,0),(6,355,0,0,0,0,0,0,0),(6,356,0,0,0,0,0,0,0),(6,359,0,2,0,0,0,0,0),(6,360,0,0,0,0,0,0,0),(6,363,0,0,0,0,0,0,0),(6,371,0,0,1,0,0,0,0),(6,372,0,1,0,0,0,0,0),(6,373,0,0,0,0,0,0,0),(6,376,1,0,0,0,0,0,0),(6,377,0,0,0,0,0,0,0),(6,919,0,0,0,0,0,0,0),(6,920,0,0,0,0,0,0,0),(6,921,0,0,0,0,0,0,0),(6,922,2,0,0,0,0,0,0),(6,946,1,0,0,0,0,1,0),(7,189,0,0,0,0,0,0,0),(7,190,0,0,0,0,0,0,0),(7,192,0,0,0,0,0,0,0),(7,193,1,0,0,0,0,0,0),(7,194,1,1,1,0,0,0,0),(7,195,1,0,0,0,0,0,0),(7,198,0,0,0,0,0,0,0),(7,202,0,0,0,0,0,0,0),(7,203,0,0,0,0,0,0,0),(7,204,0,0,0,0,0,0,0),(7,207,0,0,0,0,0,0,0),(7,209,0,0,0,0,0,0,0),(7,211,0,0,0,0,0,0,0),(7,313,0,0,0,0,0,0,0),(7,315,1,0,0,0,0,0,0),(7,316,0,1,0,0,0,0,0),(7,319,0,0,0,0,0,0,0),(7,321,0,0,0,0,0,0,0),(7,322,0,0,0,1,0,0,0),(7,327,0,0,0,0,0,0,0),(7,329,0,0,0,0,0,0,0),(7,330,1,0,0,0,0,0,0),(7,652,0,0,0,0,0,0,0),(7,923,0,0,0,0,0,0,0),(7,924,0,0,0,0,0,0,0),(7,925,0,0,0,0,0,0,0),(7,926,0,0,0,0,0,0,0),(8,3,4,0,0,0,0,0,0),(8,4,2,0,0,0,0,0,0),(8,5,0,0,0,0,0,0,0),(8,6,0,0,0,0,0,0,0),(8,7,0,0,0,0,0,0,0),(8,8,0,0,0,0,0,0,0),(8,10,1,0,0,0,0,0,0),(8,11,0,0,0,0,0,0,0),(8,12,0,0,0,0,0,0,0),(8,13,0,0,0,0,0,0,0),(8,14,0,0,0,0,0,0,0),(8,16,0,0,0,0,0,0,0),(8,17,0,1,0,0,0,0,0),(8,18,0,3,0,0,0,0,0),(8,19,1,0,0,0,0,0,0),(8,21,0,1,0,0,0,0,0),(8,22,0,1,0,0,0,0,0),(8,24,0,1,0,0,0,0,0),(8,25,0,1,0,0,0,0,0),(8,929,0,0,0,0,0,0,0),(8,931,0,0,0,0,0,0,0),(8,935,0,0,0,0,0,0,0),(8,937,0,0,0,0,0,0,0),(8,939,0,0,0,0,0,0,0),(8,943,0,0,0,0,0,0,0),(8,947,0,0,0,0,0,0,0),(8,950,0,0,0,0,0,0,0),(9,2,1,0,0,0,0,0,0),(9,3,0,0,0,0,0,0,0),(9,4,0,0,0,0,0,0,0),(9,5,0,0,0,0,0,0,0),(9,6,0,0,0,0,0,0,0),(9,7,0,0,0,0,0,0,0),(9,8,1,0,0,0,0,0,0),(9,10,0,0,0,0,0,0,0),(9,11,0,1,0,0,0,0,0),(9,14,0,0,0,0,0,0,0),(9,17,0,2,0,0,0,0,0),(9,18,1,0,0,0,0,0,0),(9,19,0,0,0,0,0,0,0),(9,20,1,0,0,0,0,0,0),(9,21,0,0,0,0,0,0,0),(9,22,1,1,0,0,0,1,0),(9,23,0,0,0,0,0,0,0),(9,24,0,0,0,0,0,0,0),(9,380,0,0,0,0,0,0,0),(9,381,0,0,0,0,0,0,0),(9,382,0,0,0,0,0,0,0),(9,386,0,0,0,0,0,0,0),(9,388,0,0,0,0,0,0,0),(9,390,0,0,0,0,0,0,0),(9,391,0,0,0,0,0,0,0),(9,392,1,0,0,0,0,0,0),(9,394,0,0,0,0,0,0,0),(9,396,0,0,0,0,0,0,0),(9,397,0,0,0,0,0,0,0),(9,400,0,0,0,0,0,0,0),(10,189,0,0,0,0,0,0,0),(10,190,0,0,0,0,0,0,0),(10,192,0,0,0,0,0,0,0),(10,193,0,0,0,0,0,0,0),(10,194,0,0,0,0,0,0,0),(10,195,0,0,0,0,0,0,0),(10,198,1,1,0,0,0,0,0),(10,202,0,0,0,0,0,0,0),(10,203,0,0,0,0,0,0,1),(10,204,0,0,0,0,0,0,0),(10,207,1,0,0,0,0,0,0),(10,925,0,1,0,0,0,0,0),(10,926,0,0,0,0,0,0,0),(10,928,0,0,0,0,0,0,0),(10,929,0,0,0,0,0,0,0),(10,930,0,0,0,0,0,0,0),(10,931,0,1,0,0,0,0,0),(10,933,1,0,0,0,0,0,0),(10,935,0,0,0,0,0,0,0),(10,937,1,0,0,0,0,0,0),(10,939,0,0,0,0,0,0,0),(10,943,0,1,0,0,0,0,0),(10,947,0,0,0,0,0,0,0),(10,950,1,1,0,0,0,0,0),(10,951,0,0,0,0,0,0,0),(11,313,0,0,0,0,0,0,0),(11,314,0,0,0,0,0,0,0),(11,319,0,0,0,0,0,0,0),(11,321,0,1,0,0,0,0,0),(11,327,0,0,0,0,0,0,0),(11,329,0,0,0,0,0,0,0),(11,330,1,0,0,0,0,0,0),(11,355,0,0,0,0,0,0,0),(11,359,1,0,0,0,0,0,0),(11,360,0,0,0,0,0,0,0),(11,363,0,0,0,0,0,0,0),(11,371,0,1,0,0,0,0,0),(11,372,0,0,0,0,0,0,0),(11,373,0,0,0,0,0,0,0),(11,376,1,0,0,0,0,0,0),(11,377,0,1,0,0,0,0,0),(11,652,0,0,0,0,0,0,0),(11,920,0,0,1,0,0,0,0),(11,921,0,0,0,0,0,0,0),(11,922,0,0,0,0,0,0,0),(11,946,0,0,1,0,0,0,0),(11,952,0,0,0,0,0,0,0),(11,953,0,1,0,0,0,0,0),(11,954,2,0,0,0,0,0,0),(11,955,0,0,0,0,0,0,0),(12,54,0,0,1,0,0,0,0),(12,57,2,0,0,0,0,0,0),(12,58,1,1,1,0,0,0,0),(12,59,0,1,0,0,0,0,0),(12,64,0,0,0,0,0,0,0),(12,65,0,1,0,0,0,0,0),(12,67,0,0,0,0,0,0,0),(12,69,1,0,0,0,0,0,0),(12,336,0,0,0,0,0,0,0),(12,338,0,0,0,0,0,0,0),(12,341,0,0,0,0,0,0,0),(12,346,0,0,0,0,0,0,0),(12,348,0,0,0,0,0,0,0),(12,351,0,0,0,0,0,0,0),(12,352,0,0,1,0,0,0,0),(12,353,0,0,0,0,0,0,0),(13,165,0,0,0,0,0,0,0),(13,166,0,0,0,0,0,0,0),(13,168,0,0,0,0,0,0,0),(13,171,0,0,0,0,0,0,0),(13,172,0,0,0,0,0,0,0),(13,176,0,0,0,0,0,0,0),(13,177,0,0,0,0,0,0,0),(13,181,0,0,0,0,0,0,0),(13,182,0,0,0,0,0,0,0),(13,183,0,0,0,0,0,0,0),(13,186,1,0,0,0,0,0,0),(13,249,0,1,0,0,0,0,0),(13,252,2,0,0,0,0,0,0),(13,254,0,0,0,0,0,0,0),(13,258,0,0,0,0,0,0,0),(13,263,0,0,0,0,0,0,0),(13,264,0,0,0,0,0,0,0),(13,274,0,0,0,0,0,0,0),(13,276,0,0,0,0,0,0,0),(13,277,0,0,0,0,0,1,0),(13,279,0,0,0,0,0,0,0),(13,282,0,1,0,0,0,0,0),(13,283,0,0,0,0,0,0,0),(13,284,0,0,0,0,0,0,0),(13,287,0,0,0,0,0,0,0),(13,426,0,0,0,0,0,0,0),(13,956,0,0,1,0,0,0,0),(14,66,1,1,0,0,0,0,0),(14,115,2,0,0,0,0,0,0),(14,116,0,2,0,0,0,0,0),(14,120,0,0,0,0,0,0,0),(14,123,1,1,0,0,0,0,0),(14,124,0,0,0,0,0,0,0),(14,125,0,1,0,0,0,0,0),(14,135,0,0,0,0,0,0,0),(14,137,0,0,0,0,0,0,0),(14,213,0,0,0,0,0,0,0),(14,215,0,0,0,0,0,0,0),(14,217,0,0,0,0,0,0,0),(14,219,1,0,0,0,0,0,0),(14,230,0,0,0,0,0,0,0),(14,234,0,0,1,0,0,0,0),(14,235,0,0,0,0,0,0,0),(14,242,0,0,0,0,0,0,0),(14,245,0,0,0,0,0,0,0),(14,247,1,0,0,0,0,0,0),(14,325,0,2,0,0,0,0,0),(14,437,0,0,0,0,0,0,0),(14,915,0,1,0,0,0,0,0),(14,916,2,0,0,0,0,0,0),(14,917,0,0,0,0,0,0,0),(14,957,0,0,0,0,0,0,0),(15,76,0,0,0,0,0,0,0),(15,77,0,0,1,0,0,0,0),(15,81,0,0,0,0,0,0,0),(15,87,0,1,0,0,0,0,0),(15,89,1,0,0,0,0,0,0),(15,90,0,0,0,0,0,0,0),(15,92,0,0,0,0,0,0,0),(15,93,0,0,0,0,0,0,0),(15,94,0,0,0,0,0,0,0),(15,95,1,0,0,0,0,0,0),(15,96,0,0,0,0,0,0,0),(15,98,0,0,0,0,0,0,0),(15,101,0,0,0,0,0,0,0),(15,103,0,0,0,0,0,0,0),(15,106,0,0,0,0,0,0,0),(15,108,0,0,0,0,0,0,0),(15,110,0,0,1,0,0,0,0),(15,111,0,0,0,0,0,0,0),(15,113,0,0,0,0,0,0,0),(15,288,0,0,0,0,0,0,0),(15,289,0,0,0,0,0,0,0),(15,290,0,0,0,0,0,0,0),(15,291,0,0,0,0,0,0,0),(15,293,0,0,0,0,0,0,0),(15,294,0,0,1,0,0,0,0),(15,295,0,0,0,0,0,0,0),(15,296,0,0,0,0,0,0,0),(15,302,0,0,0,0,0,0,0),(15,304,0,0,0,0,0,0,0),(15,307,0,0,0,0,0,0,0),(15,310,0,0,0,0,0,0,0),(15,312,0,0,0,0,0,0,0),(16,26,0,0,0,0,0,0,0),(16,27,0,0,0,0,0,0,0),(16,28,1,0,0,0,0,0,0),(16,29,0,0,0,0,0,0,0),(16,31,0,1,0,0,0,0,0),(16,32,0,1,0,0,0,0,0),(16,37,0,0,0,0,0,0,0),(16,40,0,0,0,0,0,0,0),(16,41,0,0,1,0,0,0,0),(16,42,0,0,0,0,0,0,0),(16,43,0,0,1,0,0,0,0),(16,46,0,0,0,0,0,0,0),(16,47,1,0,1,0,0,0,0),(16,48,0,0,0,0,0,0,0),(16,139,1,1,0,0,0,0,0),(16,140,0,0,0,0,0,0,0),(16,143,0,0,0,0,0,0,0),(16,148,1,1,0,0,0,0,0),(16,149,0,0,0,0,0,0,0),(16,151,0,0,1,0,0,0,0),(16,152,0,0,0,0,0,0,0),(16,154,0,0,1,0,0,0,0),(16,156,0,0,0,0,0,0,0),(16,157,0,0,0,0,0,0,0),(16,158,0,0,0,0,0,0,0),(16,159,0,0,0,0,0,0,0),(16,160,0,0,0,0,0,0,0),(16,161,0,0,0,0,0,0,0),(17,26,1,0,0,0,0,0,0),(17,27,1,1,0,0,0,0,0),(17,28,0,2,0,0,0,0,0),(17,29,1,1,0,0,0,0,0),(17,31,4,1,1,0,0,0,0),(17,32,2,1,0,0,0,0,0),(17,37,1,0,0,0,0,0,0),(17,40,0,0,0,0,0,0,0),(17,41,0,1,0,0,0,0,0),(17,42,1,1,0,0,0,0,0),(17,43,0,0,0,0,0,0,0),(17,46,0,0,0,0,0,0,0),(17,47,0,2,1,0,0,0,0),(17,48,0,1,0,0,0,0,0),(17,379,0,0,0,0,0,0,0),(17,380,0,0,0,0,0,0,0),(17,381,0,0,0,0,0,0,0),(17,382,0,0,0,0,0,0,0),(17,386,0,0,0,0,0,0,0),(17,388,0,0,0,0,0,0,0),(17,390,0,0,0,0,0,0,0),(17,391,0,0,0,0,0,0,0),(17,392,0,0,0,0,0,0,0),(17,394,0,0,0,0,0,0,0),(17,396,0,0,0,0,0,0,0),(17,397,0,0,0,0,0,0,0),(18,75,0,0,0,0,0,0,0),(18,77,1,0,0,0,0,0,0),(18,81,0,0,0,0,0,0,0),(18,87,2,2,0,0,0,0,0),(18,89,0,0,0,0,0,0,0),(18,90,1,0,0,0,0,0,0),(18,92,0,0,0,0,0,0,0),(18,93,0,0,0,0,0,0,0),(18,94,0,0,0,0,0,0,0),(18,95,0,1,0,0,0,0,0),(18,98,0,0,0,0,0,0,0),(18,103,0,0,0,0,0,0,0),(18,106,0,0,0,0,0,0,0),(18,110,0,0,0,0,0,0,0),(18,111,0,0,0,0,0,0,0),(18,112,1,1,0,0,0,0,0),(18,113,0,0,0,0,0,0,0),(18,139,0,0,0,0,0,0,0),(18,140,0,0,0,0,0,0,0),(18,143,0,0,0,0,0,0,0),(18,148,0,0,0,0,0,0,0),(18,149,0,0,0,0,0,0,0),(18,150,0,0,0,0,0,0,0),(18,151,0,0,0,0,0,0,0),(18,152,1,0,0,0,0,0,0),(18,153,0,0,0,0,0,0,0),(18,154,0,0,0,0,0,0,0),(18,155,0,0,0,0,0,0,0),(18,156,0,1,0,0,0,0,0),(18,157,0,0,0,0,0,0,0),(18,158,0,0,0,0,0,0,0),(18,161,0,0,1,0,0,0,0),(19,66,1,0,0,0,0,0,0),(19,216,0,0,0,0,0,0,0),(19,219,0,1,1,0,0,0,0),(19,229,0,0,0,0,0,0,0),(19,230,0,0,0,0,0,0,0),(19,234,1,0,0,0,0,0,0),(19,235,0,1,0,0,0,0,0),(19,242,1,0,0,0,0,0,0),(19,247,0,0,0,0,0,0,0),(19,288,0,0,0,0,0,0,0),(19,289,0,0,1,0,0,0,0),(19,290,0,0,0,0,0,0,0),(19,293,0,0,0,0,0,0,0),(19,294,1,1,0,0,0,0,0),(19,295,0,0,0,0,0,0,0),(19,296,0,0,0,0,0,0,0),(19,299,0,0,0,0,0,0,0),(19,301,0,0,0,0,0,0,0),(19,302,0,0,0,0,0,0,0),(19,303,1,0,0,0,0,0,0),(19,304,0,1,1,0,0,0,0),(19,307,0,0,0,0,0,0,0),(19,308,0,0,0,0,0,0,0),(19,310,0,0,0,0,0,0,0),(19,311,0,0,0,0,0,0,0),(19,312,0,0,1,0,0,0,0),(19,325,0,1,0,0,0,0,0),(19,917,0,0,0,0,0,0,0),(20,115,0,1,0,0,0,1,0),(20,116,0,1,0,0,0,0,0),(20,119,0,0,0,0,0,0,0),(20,120,0,0,1,0,0,0,0),(20,123,1,0,0,0,0,0,0),(20,124,0,0,0,0,0,0,0),(20,125,0,0,0,0,0,0,0),(20,135,0,0,1,0,0,0,0),(20,137,0,0,0,0,0,1,0),(20,165,1,2,0,0,0,0,0),(20,166,0,0,0,0,0,0,0),(20,167,1,0,0,0,0,0,0),(20,168,0,0,0,0,0,0,0),(20,171,3,0,0,0,0,0,0),(20,172,0,2,0,0,0,0,0),(20,176,0,0,0,0,0,0,0),(20,177,0,2,0,0,0,0,0),(20,180,0,0,0,0,0,0,0),(20,181,0,1,1,0,0,0,0),(20,182,0,0,0,0,0,0,0),(20,186,1,0,0,0,0,0,0),(20,408,1,0,0,0,0,0,0),(20,437,0,0,0,0,0,0,0),(20,915,0,0,0,0,0,0,0),(20,916,0,0,0,0,0,0,0),(20,957,0,0,0,0,0,0,0),(20,958,1,0,0,0,0,0,0),(21,252,0,0,0,0,0,0,0),(21,254,0,0,0,0,0,0,0),(21,258,2,0,0,0,0,0,0),(21,264,1,0,0,0,0,0,0),(21,274,0,0,0,0,0,0,0),(21,276,0,0,0,0,0,0,0),(21,277,0,1,0,0,0,0,0),(21,282,0,1,0,0,0,0,0),(21,283,1,0,0,0,0,0,0),(21,287,0,2,0,0,0,0,0),(21,317,3,0,0,0,0,0,0),(21,334,3,1,0,0,0,0,0),(21,336,0,1,0,0,0,0,0),(21,337,1,0,0,0,0,0,0),(21,338,0,0,0,0,0,0,0),(21,341,0,0,0,0,0,0,0),(21,346,0,1,0,0,0,0,0),(21,349,1,0,0,0,0,0,0),(21,351,0,2,0,0,0,0,0),(22,53,0,0,0,0,0,0,0),(22,54,0,0,0,0,0,0,0),(22,55,0,0,0,0,0,0,0),(22,56,0,0,0,0,0,0,0),(22,57,1,1,0,0,0,0,0),(22,58,0,0,0,0,0,0,0),(22,59,1,1,0,0,0,0,0),(22,61,0,0,0,0,0,0,0),(22,63,0,1,0,0,0,0,0),(22,65,1,0,0,0,0,0,0),(22,68,0,0,0,0,0,0,0),(22,69,0,0,0,0,0,0,0),(22,71,0,0,0,0,0,0,0),(22,72,0,0,0,0,0,0,0),(22,74,2,0,0,0,0,0,0),(22,313,0,0,0,0,0,0,0),(22,314,0,0,0,0,0,0,0),(22,315,0,0,0,0,0,0,0),(22,319,0,0,0,0,0,0,0),(22,320,0,1,0,0,0,0,0),(22,321,0,1,0,0,0,0,0),(22,327,0,0,0,0,0,0,0),(22,329,1,0,0,0,0,0,0),(22,652,0,0,0,0,0,0,0),(22,952,0,0,0,0,0,0,0),(22,953,0,0,0,0,0,0,0),(22,954,0,0,0,0,0,0,0),(22,955,1,0,0,0,0,0,0),(22,959,0,0,0,0,0,0,0),(23,355,0,1,0,0,0,0,0),(23,356,0,0,0,0,0,0,0),(23,360,0,0,0,0,0,0,0),(23,363,0,0,0,0,0,0,0),(23,368,0,0,0,0,0,0,0),(23,371,0,0,0,0,0,0,0),(23,372,1,0,0,0,0,0,0),(23,373,0,0,0,0,0,0,0),(23,377,0,0,0,0,0,0,0),(23,922,1,0,0,0,0,0,0),(23,928,0,1,0,0,0,0,0),(23,929,0,0,0,0,0,0,0),(23,930,0,0,0,0,0,0,0),(23,933,1,0,0,0,0,0,0),(23,934,0,1,0,0,0,0,0),(23,935,1,1,0,0,0,0,0),(23,937,2,0,0,0,0,0,0),(23,939,0,0,0,0,0,0,0),(23,940,0,0,0,0,0,0,0),(23,943,0,1,0,0,0,0,0),(23,946,1,0,0,0,0,0,0),(23,947,0,0,0,0,0,0,0),(24,2,0,0,0,0,0,0,0),(24,3,2,1,0,0,0,0,0),(24,4,1,1,0,0,0,0,0),(24,5,0,0,0,0,0,0,0),(24,6,0,0,0,0,0,0,0),(24,7,0,0,0,0,0,0,0),(24,8,0,1,0,0,0,0,0),(24,10,0,1,0,0,0,0,0),(24,11,0,0,0,0,0,0,0),(24,14,1,0,0,0,0,0,0),(24,16,1,2,0,0,0,0,0),(24,17,1,0,0,0,0,0,0),(24,18,1,2,0,0,0,0,0),(24,20,3,1,0,0,0,0,0),(24,24,1,0,0,0,0,0,0),(24,25,1,1,0,0,0,0,0),(24,189,0,0,0,0,0,0,0),(24,190,0,0,0,0,0,0,0),(24,192,0,0,0,0,0,0,0),(24,193,1,0,0,0,0,0,0),(24,195,0,0,0,0,0,0,0),(24,198,0,0,0,0,0,0,0),(24,200,0,0,0,0,0,0,0),(24,202,0,0,0,0,0,0,0),(24,203,0,0,0,0,0,0,0),(24,209,0,1,0,0,0,0,0),(24,212,0,0,0,0,0,0,0),(24,926,0,0,0,0,0,0,0),(25,190,0,0,0,0,0,0,0),(25,192,1,0,0,0,0,0,0),(25,195,0,0,0,0,0,0,0),(25,196,0,0,0,0,0,0,0),(25,198,0,0,0,0,0,0,0),(25,200,0,0,0,0,0,0,0),(25,202,0,0,0,0,0,0,0),(25,203,0,0,0,0,0,0,0),(25,204,1,0,0,0,0,0,0),(25,209,0,1,0,0,0,0,0),(25,212,0,0,0,0,0,0,0),(25,379,0,0,0,0,0,0,0),(25,380,0,0,0,0,0,0,0),(25,381,0,0,0,0,0,0,0),(25,382,0,0,0,0,0,0,0),(25,385,0,0,0,0,0,0,0),(25,386,1,0,0,0,0,0,0),(25,387,0,1,0,0,0,0,0),(25,388,0,0,0,0,0,0,0),(25,390,0,0,0,0,0,0,0),(25,391,0,0,0,0,0,0,0),(25,394,0,0,0,0,0,0,0),(25,395,0,0,0,0,0,0,0),(25,396,0,0,0,0,0,0,0),(25,397,0,0,0,0,0,0,0),(25,400,0,0,0,0,0,0,0),(25,926,1,0,0,0,0,0,0),(26,1,0,0,0,0,0,0,0),(26,3,0,0,0,0,0,0,0),(26,4,1,0,0,0,0,0,0),(26,5,0,1,0,0,0,0,0),(26,6,0,0,0,0,0,0,0),(26,7,0,0,0,0,0,0,0),(26,8,1,1,0,0,0,0,0),(26,10,2,1,0,0,0,0,0),(26,11,0,1,0,0,0,0,0),(26,13,1,0,0,0,0,0,0),(26,16,0,2,0,0,0,0,0),(26,17,0,2,0,0,0,0,0),(26,18,0,0,0,0,0,0,0),(26,19,0,0,0,0,0,0,0),(26,21,0,0,0,0,0,0,0),(26,23,0,0,0,0,0,0,0),(26,24,2,0,0,0,0,0,0),(26,25,2,0,0,0,0,0,0),(26,355,0,0,0,0,0,0,0),(26,359,0,1,0,0,0,0,0),(26,360,0,0,0,0,0,0,0),(26,363,0,0,0,0,0,0,0),(26,368,0,0,0,0,0,0,0),(26,371,0,0,2,0,0,0,0),(26,372,1,0,0,0,0,0,0),(26,375,0,0,0,0,0,0,0),(26,376,0,0,0,0,0,0,0),(26,377,0,0,0,0,0,0,0),(26,920,1,0,0,0,0,0,0),(26,922,0,0,0,0,0,0,0),(26,946,0,1,0,0,0,0,0),(27,54,0,0,0,0,0,0,0),(27,55,0,0,0,0,0,0,0),(27,57,2,2,0,0,0,0,0),(27,58,0,2,0,0,0,0,0),(27,62,0,0,0,0,0,0,0),(27,65,1,2,0,0,0,0,0),(27,71,0,0,0,0,0,0,0),(27,74,2,0,0,0,0,0,0),(27,929,0,0,0,0,0,0,0),(27,930,0,0,0,0,0,0,0),(27,933,0,0,0,0,0,0,0),(27,934,0,1,0,0,0,0,0),(27,935,0,0,1,0,0,0,0),(27,937,1,0,0,0,0,0,0),(27,939,0,0,0,0,0,0,0),(27,947,0,0,0,0,0,0,0),(28,248,0,0,1,0,0,0,0),(28,258,0,0,0,0,0,0,0),(28,263,1,0,0,0,0,0,0),(28,264,0,2,0,0,0,0,0),(28,274,1,0,0,0,0,0,0),(28,276,0,0,0,0,0,0,0),(28,277,2,0,0,0,0,0,0),(28,282,0,2,0,0,0,0,0),(28,313,2,0,0,0,0,0,0),(28,314,0,0,0,0,0,0,0),(28,315,0,0,0,0,0,0,0),(28,317,2,2,0,0,0,0,0),(28,319,0,0,0,0,0,0,0),(28,320,2,2,0,0,0,0,0),(28,321,0,2,0,0,0,0,0),(28,329,0,0,0,0,0,0,0),(28,652,0,1,0,0,0,0,0),(28,952,0,0,0,0,0,0,0),(28,953,1,0,0,0,0,0,0),(28,954,5,0,0,0,0,0,0),(28,955,0,1,0,0,0,0,0),(29,115,2,1,0,0,0,0,0),(29,116,0,0,0,0,0,0,0),(29,119,0,1,0,0,0,0,0),(29,120,0,0,0,0,0,0,0),(29,121,0,0,0,0,0,0,0),(29,123,0,0,0,0,0,0,0),(29,124,0,0,0,0,0,0,0),(29,125,0,0,0,0,0,0,0),(29,126,0,1,0,0,0,0,0),(29,135,0,0,0,0,0,0,0),(29,137,1,0,0,0,0,0,0),(29,331,0,0,0,0,0,0,0),(29,334,2,2,0,0,0,0,0),(29,336,1,0,0,0,0,0,0),(29,338,0,0,0,0,0,0,0),(29,341,0,0,0,0,0,0,0),(29,342,0,0,0,0,0,0,0),(29,346,0,0,0,0,0,0,0),(29,348,0,1,0,0,0,0,0),(29,349,0,0,0,0,0,0,0),(29,351,0,0,0,0,0,0,0),(29,353,1,0,0,0,0,0,0),(29,916,0,0,0,0,0,0,0),(29,958,0,0,0,0,0,0,0),(30,165,2,0,0,0,0,0,0),(30,166,0,0,0,0,0,0,0),(30,167,0,0,0,0,0,0,0),(30,168,0,0,0,0,0,0,0),(30,172,0,1,0,0,0,0,0),(30,176,0,0,0,0,0,0,0),(30,177,0,0,0,0,0,0,0),(30,180,0,0,0,0,0,0,0),(30,181,0,0,0,0,0,0,0),(30,182,0,0,0,0,0,0,0),(30,186,0,0,0,0,0,0,0),(30,187,0,0,0,0,0,0,0),(30,288,0,0,0,0,0,0,0),(30,289,0,1,1,0,0,0,0),(30,292,0,0,0,0,0,0,0),(30,293,0,0,0,0,0,0,0),(30,295,0,0,1,0,0,0,0),(30,297,0,0,0,0,0,0,0),(30,299,0,0,0,0,0,0,0),(30,302,0,0,0,0,0,0,0),(30,304,0,0,0,0,0,0,0),(30,306,3,0,0,0,0,0,0),(30,308,0,1,0,0,0,0,0),(30,311,0,0,0,0,0,0,0),(30,312,0,0,0,0,0,0,0),(31,66,0,0,1,0,0,0,0),(31,143,0,0,0,0,0,0,0),(31,146,0,0,0,0,0,0,0),(31,148,0,0,0,0,0,0,0),(31,149,0,0,0,0,0,0,0),(31,150,0,0,0,0,0,0,0),(31,151,0,0,1,0,0,0,0),(31,152,0,0,0,0,0,0,0),(31,153,1,0,0,0,0,0,0),(31,155,0,0,0,0,0,0,0),(31,156,0,1,0,0,0,0,0),(31,157,0,0,0,0,0,0,0),(31,158,1,0,1,0,0,0,0),(31,159,0,0,0,0,0,0,0),(31,160,0,0,0,0,0,0,0),(31,161,0,0,0,0,0,0,0),(31,213,0,0,0,0,0,0,0),(31,219,0,0,0,0,0,0,0),(31,229,0,0,0,0,0,0,0),(31,230,0,0,0,0,0,0,0),(31,235,1,1,0,0,0,0,0),(31,242,0,0,0,0,0,0,0),(31,247,0,0,0,0,0,0,0),(31,325,1,0,0,0,0,0,0),(31,917,0,0,0,0,0,0,0),(32,27,0,0,1,0,0,0,0),(32,29,0,0,0,0,0,0,0),(32,31,1,0,0,0,0,0,0),(32,32,0,0,0,0,0,0,0),(32,37,0,0,1,0,0,0,0),(32,38,0,0,0,0,0,0,0),(32,43,0,0,0,0,0,0,0),(32,46,0,0,0,0,0,0,0),(32,47,0,0,0,0,0,0,0),(32,48,0,0,1,0,0,0,0),(32,49,0,0,0,0,0,0,0),(32,76,0,0,0,0,0,0,0),(32,77,0,0,0,0,0,0,0),(32,79,0,0,0,0,0,0,0),(32,82,0,0,0,0,0,0,0),(32,87,0,0,0,0,0,0,0),(32,91,0,0,0,0,0,0,0),(32,97,0,0,0,0,0,0,0),(32,104,0,0,0,0,0,0,0),(32,110,0,0,0,0,0,0,0),(32,112,0,0,1,0,0,0,0),(33,75,1,1,0,0,0,0,0),(33,77,0,2,0,0,0,0,0),(33,79,0,0,0,0,0,0,0),(33,81,0,0,0,0,0,0,0),(33,87,5,3,0,0,0,0,0),(33,89,1,0,0,0,0,0,0),(33,90,2,1,0,0,0,0,0),(33,91,1,1,0,0,0,0,0),(33,92,1,0,0,0,0,0,0),(33,93,0,0,0,0,0,0,0),(33,95,1,0,0,0,0,0,0),(33,101,0,0,0,0,0,0,0),(33,103,0,1,0,0,0,0,0),(33,110,0,0,0,0,0,0,0),(33,111,0,0,0,0,0,0,0),(33,112,0,0,0,0,0,0,0),(33,385,0,1,0,0,0,0,0),(33,386,0,0,0,0,0,0,0),(33,387,0,0,0,0,0,0,0),(33,388,0,0,0,0,0,0,0),(33,389,0,0,0,0,0,0,0),(33,394,0,0,0,0,0,0,0),(33,396,1,0,0,0,0,0,0),(33,397,0,0,0,0,0,0,0),(33,398,0,0,0,0,0,0,0),(33,400,0,0,0,0,0,0,0),(34,27,0,0,0,0,0,0,0),(34,28,0,0,0,0,0,0,0),(34,29,0,0,0,0,0,0,0),(34,31,0,1,0,0,0,0,0),(34,32,0,0,0,0,0,0,0),(34,33,0,0,0,0,0,0,0),(34,37,1,0,0,0,0,0,0),(34,38,0,0,0,0,0,0,0),(34,40,0,0,0,0,0,0,0),(34,42,0,0,0,0,0,0,0),(34,43,0,0,0,0,0,0,0),(34,46,0,0,0,0,0,0,0),(34,47,1,0,0,0,0,0,0),(34,48,0,0,0,0,0,0,0),(34,66,1,0,0,0,0,0,0),(34,213,0,0,0,0,0,0,0),(34,219,0,0,0,0,0,0,0),(34,229,0,0,0,0,0,0,0),(34,230,0,0,0,0,0,0,0),(34,234,0,0,0,0,0,0,0),(34,235,0,0,0,0,0,0,0),(34,242,0,1,0,0,0,0,0),(34,247,0,0,0,0,0,0,0),(34,325,0,0,0,0,0,0,0),(34,917,0,0,0,0,0,0,1),(35,139,0,0,0,0,0,0,0),(35,140,0,1,0,0,0,0,0),(35,143,0,0,0,0,0,0,0),(35,148,0,1,0,0,0,0,0),(35,149,0,0,0,0,0,0,0),(35,151,0,0,1,0,0,0,0),(35,152,0,0,0,0,0,0,0),(35,153,1,0,0,0,0,0,0),(35,155,1,0,1,0,0,0,0),(35,156,0,1,0,0,0,0,0),(35,157,0,0,0,0,0,0,0),(35,158,1,0,0,0,0,0,0),(35,159,0,0,1,0,0,0,0),(35,161,0,0,0,0,0,0,0),(35,165,1,0,0,0,1,0,0),(35,166,0,0,0,0,0,0,0),(35,167,0,0,0,0,0,0,0),(35,171,0,0,0,0,0,0,0),(35,176,0,0,0,0,0,0,0),(35,177,0,0,0,0,0,0,0),(35,180,0,0,0,0,0,0,0),(35,181,0,1,0,0,0,0,0),(35,182,0,0,0,0,0,0,0),(35,186,0,0,0,0,0,0,0),(35,408,0,0,0,0,0,0,0),(35,426,0,0,0,0,0,0,0),(36,288,0,0,0,0,0,0,0),(36,289,0,0,0,0,0,0,0),(36,291,0,0,0,0,0,0,0),(36,292,2,1,0,0,0,0,0),(36,293,0,0,0,0,0,0,0),(36,294,0,2,1,0,0,0,0),(36,295,0,0,0,0,0,0,0),(36,296,0,0,0,0,0,0,0),(36,299,0,0,0,0,0,0,0),(36,300,0,0,0,0,0,0,0),(36,301,1,0,0,0,0,0,0),(36,302,0,1,0,0,0,0,0),(36,304,0,0,0,0,0,0,0),(36,308,1,0,0,0,0,0,0),(36,312,0,0,0,0,0,0,0),(36,334,0,0,0,0,0,0,0),(36,336,0,0,0,0,0,0,0),(36,341,0,0,0,0,0,0,0),(36,342,0,0,0,0,0,0,0),(36,348,0,0,0,0,0,0,0),(36,349,0,0,0,0,0,0,0),(36,351,0,0,0,0,0,0,0),(36,352,0,0,0,0,0,0,0),(36,353,0,0,0,0,0,0,0),(37,115,2,1,1,0,0,0,0),(37,116,0,1,0,0,0,0,0),(37,117,0,0,0,0,0,0,0),(37,119,4,0,0,0,0,0,0),(37,120,0,0,0,0,0,0,0),(37,123,0,0,0,0,0,0,0),(37,125,0,0,0,0,0,0,0),(37,134,0,0,0,0,0,0,0),(37,135,0,2,0,0,0,0,0),(37,137,0,1,0,0,0,0,0),(37,138,0,0,0,0,0,0,0),(37,313,2,0,0,0,0,0,0),(37,315,0,0,0,0,0,0,0),(37,320,0,2,0,0,0,0,0),(37,321,0,0,0,0,0,0,0),(37,322,0,0,0,0,0,0,0),(37,327,0,0,0,0,0,0,0),(37,329,0,0,0,0,0,0,0),(37,652,0,0,0,0,0,0,0),(37,916,0,0,0,0,0,0,0),(37,952,0,1,0,0,0,0,0),(37,953,0,0,0,0,0,0,0),(37,954,3,0,0,0,0,0,0),(37,960,0,0,1,0,0,0,0),(38,250,0,0,1,0,0,0,0),(38,257,0,0,0,0,0,0,0),(38,259,0,0,0,0,0,0,0),(38,264,0,0,0,0,0,0,0),(38,274,1,0,0,0,0,0,0),(38,276,0,0,0,0,0,0,0),(38,277,0,1,0,0,0,0,0),(38,279,0,0,0,0,0,0,0),(38,282,0,0,0,0,0,0,0),(38,287,0,0,0,0,0,0,0),(38,928,0,0,0,0,0,0,0),(38,929,0,1,0,0,0,0,0),(38,930,0,0,0,0,0,0,0),(38,931,0,1,0,0,0,0,0),(38,934,0,1,0,0,0,0,0),(38,935,0,0,1,0,0,0,0),(38,937,2,0,0,0,0,0,0),(38,939,0,0,0,0,0,0,0),(38,942,1,0,0,0,0,0,0),(38,947,0,0,0,0,0,0,0),(38,950,1,1,0,0,0,0,0),(39,2,0,1,0,0,0,0,0),(39,3,0,0,1,0,0,0,0),(39,4,0,0,0,0,0,0,0),(39,6,0,0,0,0,0,0,0),(39,8,0,0,0,0,0,0,0),(39,10,0,0,0,0,0,0,0),(39,11,0,0,1,0,0,0,0),(39,12,0,0,0,0,0,0,0),(39,13,0,0,0,0,0,0,0),(39,14,0,0,0,0,0,0,0),(39,16,0,0,0,0,0,0,0),(39,17,0,0,1,0,0,0,0),(39,18,1,0,0,0,0,0,0),(39,19,0,0,0,0,0,0,0),(39,20,0,0,0,0,0,0,0),(39,21,0,0,0,0,0,0,0),(39,23,0,0,0,0,0,0,0),(39,25,0,0,0,0,0,0,0),(39,50,0,0,1,0,0,0,0),(39,53,0,0,0,0,0,0,0),(39,54,0,0,0,0,0,0,0),(39,55,0,0,0,0,0,0,0),(39,56,0,0,0,0,0,0,0),(39,57,0,1,0,0,0,0,0),(39,59,1,0,0,0,0,0,0),(39,61,0,0,0,0,0,0,0),(39,62,0,0,1,0,0,0,0),(39,63,0,0,0,0,0,0,0),(39,65,0,0,0,0,0,0,0),(39,67,0,0,0,0,0,0,0),(39,71,0,0,0,0,0,0,0),(39,72,0,0,0,0,0,0,0),(39,74,0,0,0,0,0,0,0),(40,189,1,0,0,0,0,0,0),(40,190,0,0,0,0,0,0,0),(40,192,0,2,0,0,0,0,0),(40,193,1,0,0,0,0,0,0),(40,195,0,0,1,0,0,0,0),(40,196,0,0,0,0,0,0,0),(40,198,0,0,0,0,0,0,0),(40,200,0,0,0,0,0,0,0),(40,202,0,0,0,0,0,0,0),(40,203,0,0,0,0,0,0,0),(40,204,0,0,0,0,0,0,0),(40,209,0,0,1,0,0,0,0),(40,212,0,0,0,0,0,0,0),(40,359,0,0,0,0,0,0,0),(40,360,0,0,0,0,0,0,0),(40,363,0,0,0,0,0,0,0),(40,367,1,0,0,0,0,0,0),(40,368,0,1,0,0,0,0,0),(40,372,1,1,0,0,0,0,0),(40,373,0,0,0,0,0,0,0),(40,375,0,0,0,0,0,0,0),(40,376,0,0,0,0,0,0,0),(40,922,0,0,0,0,0,0,0),(40,926,2,0,0,0,0,0,0),(40,946,0,0,0,0,0,0,0),(41,359,1,0,0,0,0,0,0),(41,360,0,0,0,0,0,0,0),(41,363,0,0,0,0,0,0,0),(41,368,0,0,0,0,0,0,0),(41,371,0,0,2,0,0,0,0),(41,372,0,1,0,0,0,0,0),(41,373,0,0,0,0,0,0,0),(41,376,0,0,0,0,0,0,0),(41,379,1,1,0,0,0,0,0),(41,380,0,0,0,0,0,0,0),(41,385,0,0,0,0,0,0,0),(41,386,1,0,0,0,0,0,0),(41,387,0,0,0,0,0,0,0),(41,388,0,0,0,0,0,0,0),(41,389,0,0,0,0,0,0,0),(41,390,0,0,0,0,0,0,0),(41,392,0,1,0,0,0,0,0),(41,394,0,0,0,0,0,0,0),(41,397,0,0,0,0,0,0,0),(41,398,0,0,0,0,0,0,0),(41,400,0,0,0,0,0,0,0),(41,401,0,0,0,0,0,0,0),(41,922,0,0,0,0,0,0,0),(41,946,0,0,0,0,0,0,0),(41,961,0,0,0,0,0,0,0),(42,54,0,0,0,0,0,0,0),(42,57,2,0,0,0,0,0,0),(42,58,0,2,0,0,0,0,0),(42,61,1,0,0,0,0,0,0),(42,67,0,0,0,0,0,0,0),(42,69,1,1,0,0,0,0,0),(42,71,0,0,0,0,0,0,0),(42,74,1,0,0,0,0,0,0),(42,190,0,0,0,0,0,0,0),(42,192,0,0,0,0,0,0,0),(42,193,0,0,0,0,0,0,0),(42,195,1,0,0,0,0,0,0),(42,196,0,0,0,0,0,0,0),(42,200,0,0,0,0,0,0,0),(42,210,0,0,0,0,0,0,0),(42,926,0,1,0,0,0,0,0),(43,2,2,0,0,0,0,0,0),(43,3,2,0,0,0,0,0,0),(43,5,1,1,0,0,0,0,0),(43,6,0,0,0,0,0,0,0),(43,7,0,0,0,0,0,0,0),(43,8,1,0,0,0,0,0,0),(43,10,1,1,0,0,0,0,0),(43,11,1,0,0,0,0,0,0),(43,13,0,1,0,0,0,0,0),(43,14,1,1,0,0,0,0,0),(43,16,0,2,1,0,0,0,0),(43,18,0,0,0,0,0,0,0),(43,19,0,0,0,0,0,0,0),(43,20,0,3,0,0,0,0,0),(43,23,1,0,0,0,0,0,0),(43,25,0,0,0,0,0,0,0),(43,253,0,0,0,0,0,0,0),(43,255,0,0,0,0,0,0,0),(43,256,0,0,0,0,0,0,0),(43,264,0,0,0,0,0,0,0),(43,267,0,0,0,0,0,0,0),(43,271,0,0,0,0,0,0,0),(43,272,0,0,0,0,0,0,0),(43,273,0,0,0,0,0,0,0),(43,274,0,0,0,0,0,0,0),(43,277,0,0,0,0,0,0,0),(43,280,0,0,0,0,0,0,0),(43,285,0,0,0,0,0,0,0),(43,287,0,0,0,0,1,0,0),(44,115,1,0,0,0,0,0,0),(44,116,0,1,0,0,0,0,0),(44,117,0,0,0,0,0,0,0),(44,119,0,1,0,0,0,0,0),(44,120,0,0,0,0,0,0,0),(44,121,1,0,0,0,0,0,0),(44,123,0,0,0,0,0,0,0),(44,124,0,0,0,0,0,0,0),(44,125,0,0,0,0,0,0,0),(44,126,0,0,0,0,0,0,0),(44,133,0,0,0,0,0,0,0),(44,135,0,0,0,0,0,0,0),(44,137,1,0,0,0,0,0,0),(44,138,0,0,0,0,0,0,0),(44,928,0,0,0,0,0,0,0),(44,930,0,0,0,0,0,0,0),(44,931,2,0,0,0,0,0,0),(44,934,0,0,1,0,0,0,0),(44,935,0,0,0,0,0,0,0),(44,937,0,2,0,0,0,0,0),(44,939,0,0,0,0,0,0,0),(44,942,0,0,0,0,0,0,0),(44,947,0,0,0,0,0,0,0),(44,950,0,0,0,0,0,0,0),(45,288,0,0,0,0,0,0,0),(45,289,0,0,0,0,0,0,0),(45,290,0,0,0,0,0,0,0),(45,291,0,0,0,0,0,0,0),(45,292,0,1,0,0,0,0,0),(45,293,0,0,0,0,0,0,0),(45,294,1,0,0,0,0,0,0),(45,295,0,0,0,0,0,0,0),(45,296,0,0,0,0,0,0,0),(45,301,0,1,0,0,0,0,0),(45,302,0,1,0,0,0,0,0),(45,303,1,0,0,0,0,0,0),(45,304,0,0,0,0,0,0,0),(45,307,0,0,0,0,0,0,0),(45,308,3,0,0,0,0,0,0),(45,312,0,1,0,0,0,0,0),(45,313,1,5,0,0,0,0,0),(45,315,1,0,0,0,0,0,0),(45,319,0,0,0,0,0,0,0),(45,320,0,1,0,0,0,0,0),(45,321,0,2,0,0,0,0,0),(45,322,0,0,0,0,0,0,0),(45,329,0,0,0,0,0,0,0),(45,952,0,0,1,0,0,0,0),(45,953,0,0,0,0,0,0,0),(45,954,6,0,0,0,0,0,0),(45,955,0,0,0,0,0,0,0),(46,139,1,1,1,0,0,0,0),(46,140,0,0,0,0,0,0,0),(46,143,0,0,0,0,0,0,0),(46,148,0,0,0,0,0,0,0),(46,149,0,0,0,0,0,0,0),(46,150,0,0,0,0,0,0,0),(46,151,0,0,0,0,0,0,0),(46,152,0,0,0,0,0,0,0),(46,153,0,0,0,0,0,0,0),(46,154,0,0,0,0,0,0,0),(46,155,0,0,0,0,0,0,0),(46,156,0,0,0,0,0,0,0),(46,157,0,0,0,0,0,0,0),(46,158,1,0,0,0,0,0,0),(46,159,1,0,0,0,0,0,0),(46,161,0,0,0,0,0,0,0),(46,163,0,0,0,0,0,0,0),(46,331,0,0,0,0,0,0,0),(46,336,0,1,0,0,0,0,0),(46,337,1,0,0,0,0,0,0),(46,338,0,0,0,0,0,0,0),(46,341,0,0,1,0,0,0,0),(46,346,0,0,0,0,0,0,0),(46,349,0,0,0,0,0,0,0),(46,351,0,0,0,0,0,0,0),(46,353,0,0,0,0,0,0,0),(46,962,0,0,0,0,0,0,0),(47,27,1,0,0,0,0,0,0),(47,29,0,0,0,0,0,0,0),(47,31,0,0,0,0,0,0,0),(47,32,0,0,0,0,0,0,0),(47,37,0,0,0,0,0,0,0),(47,38,0,0,0,0,0,0,0),(47,43,0,0,0,0,0,0,0),(47,46,0,0,0,0,0,0,0),(47,47,1,1,0,0,0,0,0),(47,48,0,1,0,0,0,0,0),(47,49,0,0,0,0,0,0,0),(47,165,0,0,0,0,0,0,0),(47,166,0,0,0,0,0,0,0),(47,167,0,0,0,0,0,0,0),(47,168,0,0,0,0,0,0,0),(47,171,1,0,0,0,0,0,0),(47,172,0,0,0,0,0,0,0),(47,175,0,0,0,0,0,0,0),(47,176,0,0,0,0,0,0,0),(47,177,0,0,0,0,0,0,0),(47,180,0,0,0,0,0,0,0),(47,182,0,0,0,0,0,0,0),(47,183,0,0,0,0,0,0,0),(47,186,0,0,0,0,0,0,0),(47,187,0,0,0,0,0,0,0),(48,66,1,0,0,0,0,0,0),(48,77,3,0,0,0,0,0,0),(48,79,1,0,0,0,0,0,0),(48,87,0,1,0,0,0,0,0),(48,89,0,0,0,0,0,0,0),(48,90,0,0,0,0,0,0,0),(48,98,0,0,0,0,0,0,0),(48,110,0,0,0,0,0,0,0),(48,112,0,0,0,0,0,0,0),(48,213,1,0,0,0,0,0,0),(48,229,0,0,0,0,0,0,0),(48,230,0,0,0,0,0,0,0),(48,235,0,0,0,0,0,0,0),(48,242,0,0,0,0,0,0,0),(48,247,0,0,1,0,0,0,0),(48,325,0,2,0,0,0,0,0),(49,66,0,0,0,0,0,0,0),(49,213,0,0,0,0,0,0,0),(49,217,0,0,0,0,0,0,0),(49,222,0,0,0,0,0,0,0),(49,230,0,0,0,0,0,0,0),(49,234,0,0,0,0,0,0,0),(49,235,0,0,0,0,0,0,0),(49,242,0,0,0,0,0,0,0),(49,243,1,0,0,0,0,0,0),(49,247,0,0,0,0,0,0,0),(49,325,1,0,0,0,0,0,0),(49,379,0,0,0,0,0,0,0),(49,380,0,0,0,0,0,0,0),(49,381,0,0,0,0,0,0,0),(49,385,0,0,0,0,0,0,0),(49,386,0,0,0,0,0,0,0),(49,387,0,0,0,0,0,0,0),(49,388,0,0,0,0,0,0,0),(49,389,0,0,0,0,0,0,0),(49,390,0,0,1,0,0,0,0),(49,391,0,0,0,0,0,0,0),(49,392,0,0,1,0,0,0,0),(49,397,0,0,0,0,0,0,0),(49,398,0,0,1,0,0,0,0),(49,401,0,0,0,0,0,0,0),(49,917,0,1,0,0,0,0,0),(50,75,0,0,0,0,0,0,0),(50,77,0,1,0,0,0,0,0),(50,87,0,1,0,0,0,0,0),(50,89,0,0,0,0,0,0,0),(50,90,1,0,0,0,0,0,0),(50,93,0,0,0,0,0,0,0),(50,94,0,0,0,0,0,0,0),(50,95,1,0,0,0,0,0,0),(50,98,0,0,0,0,0,0,0),(50,101,0,0,0,0,0,0,0),(50,103,0,0,0,0,0,0,0),(50,110,0,0,1,0,0,0,0),(50,111,0,0,0,0,0,0,0),(50,112,0,0,0,0,0,0,0),(50,165,0,1,0,0,0,0,0),(50,166,0,0,0,0,0,0,0),(50,167,0,0,1,0,0,0,0),(50,168,0,1,0,0,0,0,0),(50,172,0,0,0,0,0,0,0),(50,176,0,0,0,0,0,0,0),(50,177,0,0,0,0,0,0,0),(50,178,1,0,0,0,0,0,0),(50,180,0,0,0,0,0,0,0),(50,181,0,0,0,0,0,0,0),(50,182,0,0,0,0,0,0,0),(50,183,0,0,0,0,0,0,0),(50,184,1,0,0,0,0,0,0),(50,186,0,0,0,0,0,0,0),(51,28,0,0,0,0,0,0,0),(51,29,1,2,0,0,0,0,0),(51,31,2,0,0,0,0,0,0),(51,32,0,0,0,0,0,0,0),(51,33,0,0,0,0,0,0,0),(51,37,0,0,1,0,1,0,0),(51,40,0,0,0,0,0,0,0),(51,41,0,1,1,0,0,0,0),(51,42,0,0,0,0,0,0,0),(51,43,0,0,0,0,0,0,0),(51,46,0,0,0,0,0,0,0),(51,47,0,1,0,0,0,0,0),(51,48,0,0,0,0,0,0,0),(51,49,1,0,0,0,0,0,0),(51,331,1,0,0,0,0,0,0),(51,336,0,0,0,0,0,0,0),(51,341,0,0,0,0,0,0,0),(51,342,0,1,1,0,0,0,0),(51,346,0,0,1,0,1,0,0),(51,349,0,0,0,0,0,0,0),(51,351,1,1,0,0,0,0,0),(51,353,1,0,0,0,0,0,0),(51,354,0,0,0,0,0,0,0),(52,139,0,0,0,0,0,0,0),(52,140,0,0,1,0,0,0,0),(52,143,1,0,0,0,0,0,0),(52,148,1,0,0,0,0,0,0),(52,149,1,0,0,0,0,0,0),(52,150,0,0,0,0,0,0,0),(52,151,0,0,1,0,0,0,0),(52,152,0,0,0,0,0,0,0),(52,153,0,2,1,0,0,0,0),(52,155,0,0,0,0,0,0,0),(52,156,1,0,0,0,0,0,0),(52,157,0,0,0,0,0,0,0),(52,159,0,1,0,0,0,0,0),(52,313,1,1,0,0,0,0,0),(52,315,0,0,0,0,0,0,0),(52,316,0,0,0,0,0,0,0),(52,319,0,0,0,0,0,0,0),(52,320,0,1,0,0,0,0,0),(52,322,0,0,0,0,0,0,0),(52,329,0,0,0,0,0,0,0),(52,652,0,1,0,0,0,0,0),(52,952,0,0,0,0,0,0,0),(52,953,0,0,0,0,0,0,0),(52,954,1,0,0,0,0,0,0),(52,960,1,0,0,0,0,0,0),(53,288,0,0,0,0,0,0,0),(53,289,0,0,0,0,0,0,0),(53,291,0,0,0,0,0,0,0),(53,292,1,0,0,0,0,0,0),(53,295,0,0,0,0,0,0,0),(53,296,0,0,0,0,0,0,0),(53,297,0,1,0,0,0,0,0),(53,299,0,0,0,0,0,0,0),(53,302,2,0,0,0,0,0,0),(53,303,0,0,0,0,0,0,0),(53,304,0,0,0,0,0,0,0),(53,306,1,1,0,0,0,0,0),(53,308,0,1,0,0,0,0,0),(53,312,0,0,0,0,0,0,0),(53,928,0,0,0,0,0,0,0),(53,930,0,0,0,0,0,0,0),(53,931,0,0,0,0,0,0,0),(53,932,0,0,0,0,0,0,0),(53,933,0,0,0,0,0,0,0),(53,934,0,0,0,0,0,0,0),(53,936,0,0,0,0,0,0,0),(53,937,0,0,0,0,0,0,0),(53,939,0,0,0,0,0,0,0),(53,941,0,0,0,0,0,0,0),(53,942,0,0,0,0,0,0,0),(53,946,0,0,0,0,0,0,0),(53,947,0,0,0,0,0,0,0),(53,950,0,0,0,0,0,1,0),(54,2,0,0,0,0,0,0,0),(54,3,0,0,0,0,0,0,0),(54,4,0,1,0,0,0,0,0),(54,5,0,0,0,0,0,0,0),(54,6,0,0,0,0,0,0,0),(54,8,0,0,0,0,0,0,0),(54,10,0,0,0,0,0,0,0),(54,11,1,0,0,0,0,0,0),(54,12,0,0,0,0,0,0,0),(54,13,0,0,0,0,0,0,0),(54,14,1,0,0,0,0,0,0),(54,16,0,0,0,0,0,0,0),(54,17,0,0,0,0,0,0,0),(54,18,0,1,0,0,0,0,0),(54,19,0,0,0,0,0,0,0),(54,20,0,0,0,0,0,0,0),(54,21,0,0,0,0,0,0,0),(54,24,0,0,0,0,0,0,0),(54,25,0,0,0,0,0,0,0),(54,115,0,0,0,0,0,0,0),(54,116,0,0,0,0,0,0,0),(54,117,0,0,0,0,0,0,0),(54,119,0,0,0,0,0,0,0),(54,121,0,0,0,0,0,0,0),(54,123,0,0,0,0,0,0,0),(54,124,0,0,0,0,0,0,0),(54,125,0,0,0,0,0,0,0),(54,128,0,0,0,0,0,0,0),(54,131,0,0,0,0,0,0,0),(54,133,0,0,0,0,0,0,0),(54,134,0,0,0,0,0,0,0),(54,135,0,0,0,0,0,0,0),(54,137,0,0,0,0,0,0,0),(54,138,0,0,0,0,0,0,0),(55,190,0,0,1,0,0,0,0),(55,191,1,0,1,0,0,0,0),(55,192,0,1,0,0,0,0,0),(55,193,0,0,0,0,0,0,0),(55,195,1,0,0,0,0,0,0),(55,196,0,0,0,0,0,0,0),(55,200,0,0,0,0,0,0,0),(55,201,0,1,1,0,0,0,0),(55,203,0,0,0,0,0,0,0),(55,204,0,0,0,0,0,0,0),(55,206,0,0,0,0,0,0,0),(55,207,0,0,0,0,0,0,0),(55,210,0,0,0,0,0,0,0),(55,212,0,0,0,0,0,0,0),(55,249,0,0,0,0,0,0,0),(55,250,0,0,0,0,0,0,0),(55,252,2,0,0,0,0,0,0),(55,258,0,0,0,0,0,0,0),(55,264,1,1,0,0,0,0,0),(55,274,0,0,0,0,0,0,0),(55,276,0,0,0,0,0,0,0),(55,277,0,0,0,0,0,0,0),(55,282,0,0,0,0,0,0,1),(55,284,0,0,0,0,0,0,0),(55,287,0,0,0,0,0,0,0),(55,918,0,1,0,0,0,0,0),(55,926,1,0,0,0,0,0,0),(56,50,0,0,0,0,0,0,0),(56,53,0,0,0,0,0,0,0),(56,55,0,0,0,0,0,0,0),(56,56,0,0,0,0,0,0,0),(56,57,3,1,0,0,0,0,0),(56,58,0,0,0,0,0,0,0),(56,59,0,0,0,0,0,0,0),(56,61,0,0,0,0,0,0,0),(56,62,0,0,0,0,0,0,0),(56,63,0,0,0,0,0,0,0),(56,65,0,0,0,0,0,0,0),(56,67,0,0,0,0,0,0,0),(56,68,0,0,0,0,0,0,0),(56,69,1,0,0,0,0,0,0),(56,70,0,0,0,0,0,0,0),(56,71,0,0,0,0,0,0,0),(56,72,2,1,0,0,0,0,0),(56,365,0,0,0,0,0,0,0),(56,366,0,0,0,0,0,0,0),(56,367,0,0,0,0,0,0,0),(56,372,0,1,0,0,0,0,0),(56,373,1,0,0,0,0,0,0),(56,375,0,0,0,0,0,0,0),(56,377,0,0,0,0,0,0,0),(56,922,0,0,0,0,0,0,0),(56,961,0,0,0,0,0,0,0),(57,50,0,0,0,0,0,0,0),(57,53,0,1,0,0,1,0,0),(57,54,0,0,0,0,0,0,0),(57,55,0,0,0,0,0,0,0),(57,56,0,0,0,0,0,0,0),(57,57,2,1,0,0,0,0,0),(57,58,0,0,0,0,0,0,0),(57,59,1,1,0,0,0,0,0),(57,61,0,0,0,0,0,0,0),(57,62,0,1,0,0,0,0,0),(57,64,0,0,0,0,0,0,0),(57,65,1,1,0,0,0,0,0),(57,67,0,0,0,0,0,0,0),(57,68,0,0,0,0,0,0,0),(57,71,0,0,0,0,0,0,0),(57,72,0,0,0,0,0,0,0),(57,74,1,0,0,0,0,0,0),(57,380,0,0,0,0,0,0,0),(57,381,0,0,0,0,0,0,0),(57,385,0,0,0,0,0,0,0),(57,386,0,0,0,0,0,0,0),(57,387,0,1,0,0,0,0,0),(57,388,0,0,0,0,0,0,0),(57,389,1,0,0,0,0,0,0),(57,391,0,0,0,0,0,0,0),(57,392,0,0,1,0,0,0,0),(57,394,1,0,0,0,0,0,0),(57,395,0,0,0,0,0,0,0),(57,397,0,0,0,0,0,0,0),(57,401,0,0,0,0,0,0,0),(58,250,0,0,0,0,0,0,0),(58,252,0,0,0,0,0,0,0),(58,257,0,0,0,0,0,0,0),(58,258,0,0,0,0,0,0,0),(58,261,0,0,0,0,0,0,0),(58,264,0,1,0,0,0,0,0),(58,270,0,0,0,0,0,0,0),(58,274,0,0,0,0,0,0,0),(58,276,0,0,0,0,0,0,0),(58,277,1,0,1,0,0,0,0),(58,282,0,0,0,0,0,0,0),(58,283,0,0,0,0,0,0,0),(58,287,1,0,0,0,0,0,0),(58,359,0,0,0,0,0,0,0),(58,360,0,0,0,0,0,0,0),(58,363,0,0,1,0,0,0,0),(58,367,0,0,0,0,0,0,0),(58,368,0,0,0,0,0,0,0),(58,369,0,0,0,0,0,0,0),(58,371,0,0,0,0,0,0,0),(58,374,0,0,0,0,0,0,0),(58,376,0,0,0,0,0,0,0),(58,922,0,0,0,0,0,0,0),(59,115,0,1,0,0,0,0,0),(59,116,1,0,0,0,0,0,0),(59,117,0,0,0,0,0,0,0),(59,119,2,0,0,0,0,0,0),(59,120,0,0,0,0,0,0,0),(59,121,0,0,0,0,0,0,0),(59,122,0,0,0,0,0,0,0),(59,123,0,0,0,0,0,0,0),(59,124,0,0,0,0,0,0,0),(59,126,0,0,0,0,0,0,0),(59,128,0,0,0,0,0,0,0),(59,131,0,0,0,0,0,0,0),(59,133,0,1,0,0,0,0,0),(59,135,0,0,0,0,0,0,0),(59,137,1,1,0,0,0,0,0),(59,138,0,0,0,0,0,0,0),(59,188,0,0,0,0,0,0,0),(59,189,0,0,0,0,0,0,0),(59,190,0,0,0,0,0,0,0),(59,191,1,1,1,0,0,0,0),(59,192,0,0,0,0,0,0,0),(59,193,0,0,0,0,0,0,0),(59,195,1,0,0,0,0,0,0),(59,196,0,0,0,0,0,0,0),(59,198,0,0,0,0,0,0,0),(59,200,1,0,0,0,0,0,0),(59,201,0,0,1,0,0,0,0),(59,202,0,0,0,0,0,0,0),(59,203,0,0,0,0,0,0,0),(59,209,0,0,0,0,0,0,0),(59,926,0,0,0,0,0,0,0),(60,2,2,0,0,0,0,0,0),(60,3,1,0,0,0,0,0,0),(60,4,0,2,0,0,0,0,0),(60,6,0,0,0,0,0,0,0),(60,7,0,0,0,0,0,0,0),(60,8,0,0,0,0,0,0,0),(60,10,0,2,0,0,0,0,0),(60,11,1,0,0,0,0,0,0),(60,13,0,0,0,0,0,0,0),(60,14,1,0,0,0,0,0,0),(60,16,0,0,0,0,0,0,0),(60,17,1,0,0,0,0,0,0),(60,18,0,2,0,0,0,0,0),(60,19,0,0,0,0,0,0,0),(60,20,2,0,0,0,0,0,0),(60,21,0,0,0,0,0,0,0),(60,23,0,1,0,0,0,0,0),(60,24,1,0,0,0,0,0,0),(60,25,0,1,0,0,0,0,0),(60,288,0,0,0,0,0,0,0),(60,289,0,0,0,0,0,0,0),(60,293,0,0,0,0,0,0,0),(60,294,1,0,0,0,0,0,0),(60,295,0,0,0,0,0,0,0),(60,296,0,0,0,0,0,0,0),(60,300,0,0,0,0,0,0,0),(60,301,0,0,0,0,0,0,0),(60,302,0,0,0,0,0,0,0),(60,303,0,0,0,0,0,0,0),(60,304,0,0,0,0,0,0,0),(60,308,0,1,0,0,0,0,0),(60,311,0,0,0,0,0,0,0),(60,312,0,0,0,0,0,0,0),(61,139,0,0,0,0,0,0,0),(61,140,0,0,0,0,0,0,0),(61,143,0,0,0,0,0,0,0),(61,148,0,0,0,0,0,0,0),(61,149,0,0,0,0,0,0,0),(61,152,0,1,0,0,0,0,0),(61,153,1,0,0,0,0,0,0),(61,155,0,0,0,0,0,0,0),(61,156,0,0,0,0,0,0,0),(61,158,0,0,0,0,0,0,0),(61,159,0,0,0,0,0,0,0),(61,160,0,0,0,0,0,0,0),(61,161,0,0,0,0,0,0,0),(61,163,0,0,0,0,0,0,0),(61,928,0,0,0,0,0,0,0),(61,929,0,0,0,0,0,0,0),(61,931,0,0,0,0,0,0,0),(61,933,2,0,0,0,0,0,0),(61,934,0,0,0,0,0,0,0),(61,936,0,1,0,0,0,0,0),(61,939,0,0,0,0,0,0,0),(61,941,0,1,1,0,0,0,0),(61,942,0,1,0,0,0,0,0),(61,946,1,0,0,0,0,0,0),(61,947,0,0,0,0,0,0,0),(61,950,2,0,0,0,0,0,0),(62,27,1,0,0,0,0,0,0),(62,28,0,1,0,0,0,0,0),(62,29,0,0,0,0,0,0,0),(62,31,0,1,0,0,0,0,0),(62,32,1,1,0,0,0,0,0),(62,37,0,0,0,0,0,0,0),(62,38,0,0,0,0,0,0,0),(62,40,0,0,0,0,0,0,0),(62,43,0,0,0,0,0,0,0),(62,46,0,0,0,0,0,0,0),(62,47,1,0,0,0,0,0,0),(62,48,0,0,0,0,0,0,0),(62,313,0,0,0,0,0,0,0),(62,316,0,0,0,0,0,0,0),(62,317,0,0,0,0,0,0,0),(62,320,0,0,0,0,0,0,0),(62,321,0,0,0,0,0,0,0),(62,322,0,0,0,0,0,0,0),(62,324,0,0,0,0,0,0,0),(62,327,0,0,0,0,0,0,0),(62,652,0,0,0,0,0,0,0),(62,952,0,0,0,0,0,0,0),(62,960,0,0,0,0,0,0,0),(62,963,0,0,0,0,0,0,0),(63,76,0,0,0,0,0,0,0),(63,77,0,1,0,0,0,0,0),(63,79,0,1,0,0,0,0,0),(63,87,1,0,0,0,0,0,0),(63,89,0,0,0,0,0,0,0),(63,90,0,0,0,0,0,0,0),(63,91,1,1,0,0,0,0,0),(63,93,1,0,0,0,0,0,0),(63,95,0,0,0,0,0,0,0),(63,98,0,0,0,0,0,0,0),(63,101,0,0,0,0,0,0,0),(63,103,0,0,0,0,0,0,0),(63,104,1,0,1,0,0,0,0),(63,110,0,0,1,0,0,0,0),(63,111,0,0,0,0,0,0,0),(63,112,1,1,0,0,0,0,0),(63,336,0,0,0,0,0,0,0),(63,338,0,0,0,0,0,0,0),(63,341,0,0,0,0,0,0,0),(63,342,0,0,0,0,0,0,0),(63,346,0,0,0,0,0,0,0),(63,347,2,0,0,0,0,0,0),(63,349,0,0,0,0,0,0,0),(63,353,0,1,0,0,0,0,0),(63,354,0,1,0,0,0,0,0),(64,66,0,0,0,0,0,0,0),(64,165,0,0,0,0,0,0,0),(64,166,0,1,0,0,0,0,0),(64,167,0,0,0,0,0,0,0),(64,168,0,0,0,0,0,0,0),(64,172,0,1,0,0,0,0,0),(64,174,0,0,0,0,0,0,0),(64,176,0,1,0,0,0,0,0),(64,177,0,0,0,0,0,0,0),(64,180,2,0,0,0,0,0,0),(64,181,0,0,0,0,0,0,0),(64,182,0,0,0,0,0,0,0),(64,183,1,0,0,0,0,0,0),(64,184,1,0,0,0,0,0,0),(64,186,0,0,0,0,0,0,0),(64,213,0,0,0,0,0,0,0),(64,217,0,0,0,0,0,0,0),(64,219,0,0,0,0,0,0,0),(64,230,0,0,0,0,0,0,0),(64,234,2,0,0,0,0,0,0),(64,235,0,0,0,0,0,0,0),(64,242,0,1,0,0,0,0,0),(64,243,0,0,0,0,0,0,0),(64,247,0,0,0,0,0,0,0),(64,325,0,1,0,0,0,0,0),(65,165,0,1,0,0,0,0,0),(65,166,0,0,0,0,0,0,0),(65,167,0,0,0,0,0,0,0),(65,168,0,1,0,0,0,0,0),(65,172,1,1,0,0,0,0,0),(65,174,0,2,0,0,0,0,0),(65,176,0,0,0,0,0,0,0),(65,177,0,0,0,0,0,0,0),(65,180,0,0,0,0,0,0,0),(65,182,0,1,0,0,0,0,0),(65,184,2,0,0,0,0,0,0),(65,186,1,0,0,0,0,0,0),(65,187,3,0,0,0,0,0,0),(65,379,0,0,0,0,0,0,0),(65,380,2,0,0,0,0,0,0),(65,381,0,0,0,0,0,0,0),(65,385,0,0,0,0,0,0,0),(65,386,0,0,0,0,0,0,0),(65,388,0,0,0,0,0,0,0),(65,389,0,0,0,0,0,0,0),(65,390,0,1,1,0,0,0,0),(65,391,0,0,0,0,0,0,0),(65,392,0,1,0,0,0,0,0),(65,394,0,0,0,0,0,0,0),(65,398,0,0,0,0,0,0,0),(66,66,0,2,0,0,0,0,0),(66,213,0,0,0,0,0,0,0),(66,217,0,0,0,0,0,0,0),(66,219,2,0,1,0,0,0,0),(66,230,0,0,0,0,0,0,0),(66,235,0,0,0,0,0,0,0),(66,242,0,0,0,0,0,0,0),(66,247,0,0,0,0,0,0,0),(66,325,1,0,0,0,0,0,0),(66,331,0,0,0,0,0,0,0),(66,338,0,0,0,0,0,0,0),(66,341,0,0,0,0,0,0,0),(66,342,0,0,0,0,0,0,0),(66,346,0,0,0,0,0,0,0),(66,347,0,0,1,0,0,0,0),(66,349,0,1,0,0,0,0,0),(66,353,1,0,0,0,0,0,0),(66,354,0,0,0,0,0,0,0),(66,917,0,0,0,0,0,0,0),(67,75,0,0,0,0,0,0,0),(67,76,0,1,0,0,0,0,0),(67,77,0,0,0,0,0,0,0),(67,79,0,1,0,0,0,0,0),(67,81,0,0,0,0,0,0,0),(67,87,1,0,0,0,0,0,0),(67,90,2,0,0,0,0,0,0),(67,91,0,0,0,0,0,0,0),(67,92,0,0,0,0,0,0,0),(67,93,0,0,0,0,0,0,0),(67,94,0,0,0,0,0,0,0),(67,98,0,0,0,0,0,0,0),(67,103,1,0,0,0,0,0,0),(67,104,0,0,0,0,0,0,0),(67,110,0,0,0,0,0,0,0),(67,111,0,0,0,0,0,0,0),(67,112,0,0,0,0,0,0,0),(67,315,0,0,0,0,0,0,0),(67,316,0,1,0,0,0,0,0),(67,317,1,0,0,0,0,0,0),(67,318,0,0,0,0,0,0,1),(67,321,0,0,0,0,0,0,0),(67,322,0,0,0,0,0,0,0),(67,324,0,0,0,0,0,0,0),(67,327,0,0,0,0,0,0,0),(67,329,0,1,0,0,0,0,0),(67,952,0,0,0,0,0,0,0),(67,953,0,0,0,0,0,0,0),(67,954,1,0,0,0,0,0,0),(69,2,0,0,0,0,0,0,0),(69,3,0,0,0,0,0,0,0),(69,4,0,0,0,0,0,0,0),(69,5,0,0,0,0,0,0,0),(69,8,0,0,0,0,0,0,0),(69,10,0,0,0,0,0,0,0),(69,12,0,0,0,0,0,0,0),(69,13,1,0,0,0,0,0,0),(69,14,0,0,0,0,0,0,0),(69,17,0,0,0,0,0,0,0),(69,18,0,0,0,0,0,0,0),(69,20,0,0,0,0,0,0,0),(69,21,0,0,0,0,0,0,0),(69,23,0,0,0,0,0,0,0),(69,24,0,0,0,0,0,1,0),(69,25,0,1,0,0,0,0,0),(69,139,0,0,0,0,0,0,0),(69,140,0,0,0,0,0,0,0),(69,143,0,0,0,0,0,0,0),(69,148,0,0,0,0,0,0,0),(69,149,0,0,0,0,0,0,0),(69,151,0,0,0,0,0,0,0),(69,152,0,0,0,0,0,0,0),(69,153,0,0,0,0,0,0,0),(69,154,0,0,1,0,0,0,0),(69,156,0,0,0,0,0,0,0),(69,157,0,0,0,0,0,0,0),(69,158,0,0,0,0,0,0,0),(69,159,0,0,0,0,0,0,0),(69,160,0,0,0,0,0,0,0),(69,161,0,0,0,0,0,0,0),(70,188,0,0,0,0,0,0,0),(70,189,0,0,0,0,0,0,0),(70,190,0,1,0,0,0,0,0),(70,191,1,0,1,0,0,0,0),(70,192,0,0,0,0,0,0,0),(70,195,0,0,1,0,0,0,0),(70,197,0,1,0,0,0,0,0),(70,200,0,0,0,0,0,0,0),(70,202,0,0,0,0,0,0,0),(70,203,0,0,0,0,0,0,0),(70,204,0,0,0,0,0,0,0),(70,206,0,0,0,0,0,0,0),(70,207,1,0,0,0,0,0,0),(70,209,0,0,0,0,0,0,0),(70,288,0,1,0,0,0,0,0),(70,289,0,0,1,0,0,0,0),(70,291,0,0,0,0,0,0,0),(70,293,0,0,0,0,0,0,0),(70,294,1,0,0,0,0,0,0),(70,301,0,0,0,0,0,0,0),(70,302,0,0,0,0,0,0,0),(70,303,1,1,0,0,0,0,0),(70,304,0,0,0,0,0,0,0),(70,309,0,0,0,0,0,0,0),(70,312,0,0,0,0,0,0,0),(70,926,1,0,0,0,0,0,0),(71,115,2,0,0,0,0,0,0),(71,116,0,1,0,0,0,0,0),(71,119,2,2,0,0,0,0,0),(71,120,0,0,0,0,0,0,0),(71,122,1,2,0,0,0,0,0),(71,123,1,0,0,0,0,0,0),(71,124,0,0,0,0,0,0,0),(71,126,0,0,0,0,0,0,0),(71,131,2,2,0,0,0,0,0),(71,134,0,0,0,0,0,0,0),(71,135,0,1,1,0,0,0,0),(71,137,2,0,0,0,0,0,0),(71,138,0,0,0,0,0,0,0),(71,357,0,0,0,0,0,0,0),(71,359,0,0,0,0,0,0,0),(71,363,0,0,0,0,0,0,0),(71,366,0,0,0,0,0,0,0),(71,368,0,1,1,0,0,0,0),(71,369,1,0,0,0,0,0,0),(71,371,0,0,0,0,0,0,0),(71,372,0,2,0,0,0,0,0),(71,376,0,0,0,0,0,0,1),(71,922,2,0,0,0,0,0,0),(72,50,0,0,0,0,0,0,0),(72,53,1,0,0,0,0,0,0),(72,55,0,0,0,0,0,0,0),(72,56,0,0,0,0,0,0,0),(72,57,1,0,0,0,0,0,0),(72,58,0,1,0,0,0,0,0),(72,59,0,2,0,0,0,0,0),(72,61,2,1,0,0,0,0,0),(72,62,0,0,0,0,0,0,0),(72,63,0,0,0,0,0,0,0),(72,64,0,0,0,0,0,0,0),(72,65,1,0,0,0,0,0,0),(72,67,0,0,0,0,0,0,0),(72,68,0,2,0,0,0,0,0),(72,71,0,0,0,0,0,0,0),(72,72,2,1,0,0,0,0,0),(72,74,1,0,0,0,1,0,0),(72,250,0,0,0,0,0,0,0),(72,259,0,1,0,0,0,0,0),(72,264,0,0,0,0,0,0,0),(72,270,0,0,0,0,0,0,0),(72,276,0,0,0,0,0,0,0),(72,277,1,0,2,0,0,0,0),(72,284,0,0,0,0,0,0,0),(72,287,0,0,0,0,0,0,0),(72,918,0,0,1,0,0,0,0),(73,248,0,0,0,0,0,0,0),(73,252,0,2,0,0,0,0,0),(73,256,0,0,0,0,0,0,0),(73,257,0,1,0,0,0,0,0),(73,264,1,0,0,0,0,0,0),(73,274,0,0,0,0,0,0,0),(73,276,0,0,0,0,0,0,0),(73,279,0,0,0,0,0,0,0),(73,282,1,0,0,0,0,0,0),(73,283,1,0,0,0,0,0,0),(73,287,1,0,1,0,0,0,0),(73,379,0,0,0,0,0,0,0),(73,380,0,1,0,0,0,0,0),(73,381,1,1,0,0,0,0,0),(73,385,0,0,0,0,0,0,0),(73,388,0,0,0,0,0,0,0),(73,392,0,0,0,0,0,0,0),(73,394,0,0,0,0,0,0,0),(73,397,1,0,0,0,0,0,0),(73,398,0,0,0,0,0,0,0),(73,401,1,0,0,0,0,0,0),(73,918,0,0,0,0,0,0,0),(74,50,0,0,0,0,0,0,0),(74,53,0,0,0,0,0,0,0),(74,55,0,0,0,0,0,0,0),(74,56,0,0,0,0,0,0,0),(74,57,0,1,0,0,0,0,0),(74,58,0,2,1,0,0,0,0),(74,59,0,0,0,0,0,0,0),(74,61,0,0,0,0,0,0,0),(74,62,0,0,0,0,0,0,0),(74,63,0,0,0,0,0,0,0),(74,65,0,0,0,0,0,0,0),(74,67,1,0,0,0,0,0,0),(74,68,0,0,0,0,0,0,0),(74,71,0,0,0,0,0,0,0),(74,72,0,0,0,0,0,0,0),(74,74,2,0,0,0,0,0,0),(74,115,1,0,0,0,0,0,0),(74,116,1,0,0,0,0,0,0),(74,119,1,0,0,0,0,0,0),(74,123,0,0,0,0,0,0,0),(74,124,0,1,0,0,0,0,0),(74,125,0,0,0,0,0,0,0),(74,126,0,0,0,0,0,0,0),(74,130,0,2,0,0,0,0,0),(74,131,0,0,0,0,0,0,0),(74,135,0,0,0,0,0,0,0),(74,137,0,0,0,0,0,0,0),(74,138,0,0,0,0,0,0,0),(75,288,0,0,0,0,0,0,0),(75,289,0,0,0,0,0,0,0),(75,292,0,0,0,0,0,0,0),(75,294,1,0,0,0,0,0,0),(75,297,0,0,0,0,0,0,0),(75,300,0,0,0,0,0,0,0),(75,301,0,0,0,0,0,0,0),(75,303,0,0,1,0,0,0,0),(75,304,0,0,0,0,0,0,0),(75,306,0,1,0,0,0,0,0),(75,307,0,0,0,0,0,0,0),(75,309,0,0,0,0,0,0,0),(75,311,0,0,0,0,0,0,0),(75,312,0,0,0,0,0,0,0),(75,359,1,0,1,0,0,0,0),(75,360,0,0,0,0,0,0,0),(75,363,0,0,1,0,0,0,0),(75,368,0,0,0,0,0,0,0),(75,369,0,1,0,0,0,0,0),(75,370,0,0,0,0,0,0,0),(75,371,0,0,0,0,0,0,0),(75,372,1,0,0,0,0,0,0),(75,375,0,0,0,0,0,0,0),(75,377,0,0,0,0,0,0,0),(75,922,0,1,0,0,0,0,0),(76,139,0,0,0,0,0,0,0),(76,140,1,0,1,0,0,0,1),(76,143,1,0,0,0,0,0,0),(76,148,0,0,0,0,0,0,0),(76,149,0,0,0,0,0,0,0),(76,150,0,0,0,0,0,0,0),(76,151,0,0,0,0,0,0,0),(76,152,0,0,0,0,0,0,0),(76,153,0,0,0,0,0,0,0),(76,156,0,0,0,0,0,0,0),(76,157,0,0,0,0,0,0,0),(76,158,0,0,0,0,0,0,0),(76,159,1,0,1,0,0,0,0),(76,160,0,1,0,0,0,0,0),(76,161,0,0,0,0,0,0,0),(76,189,0,0,0,0,0,0,0),(76,190,0,0,0,0,0,0,0),(76,191,0,0,1,0,0,0,0),(76,192,0,0,0,0,0,0,0),(76,193,0,0,0,0,0,0,0),(76,195,0,0,0,0,0,0,0),(76,196,0,0,0,0,0,0,0),(76,197,0,0,0,0,0,0,0),(76,200,0,0,0,0,0,0,0),(76,201,0,0,0,0,0,0,0),(76,202,0,0,0,0,0,0,0),(76,203,0,0,0,0,0,0,0),(76,204,0,0,0,0,0,0,0),(76,206,0,0,0,0,0,0,0),(76,207,0,0,0,0,0,0,0),(76,209,0,0,1,0,0,0,0),(76,330,0,0,0,0,0,0,0),(76,926,0,0,0,0,0,0,0),(78,75,0,0,0,0,0,0,0),(78,76,1,0,0,0,0,0,0),(78,77,0,0,0,0,0,0,0),(78,79,0,0,0,0,0,0,0),(78,81,0,0,0,0,0,0,0),(78,87,3,1,0,0,0,0,0),(78,90,0,1,0,0,0,0,0),(78,91,1,1,0,0,0,0,0),(78,93,0,0,0,0,0,0,0),(78,94,0,1,0,0,0,0,0),(78,98,0,0,0,0,0,0,0),(78,103,1,0,0,0,0,0,0),(78,104,0,1,1,0,0,0,0),(78,110,0,0,0,0,0,0,0),(78,112,0,0,0,0,0,0,0),(78,113,0,0,0,0,0,0,0),(78,931,0,0,0,0,0,0,0),(78,933,0,0,1,0,0,0,0),(78,934,0,0,0,0,0,0,0),(78,936,0,0,0,0,0,0,0),(78,937,1,0,0,0,0,0,0),(78,941,0,1,0,0,0,0,0),(78,942,0,0,0,0,0,0,0),(78,946,0,1,0,0,0,0,0),(78,947,0,0,0,0,0,0,0),(78,950,1,0,0,0,0,0,0),(79,66,0,1,0,0,0,0,0),(79,213,0,0,0,0,0,0,0),(79,217,0,0,0,0,0,0,0),(79,222,0,0,0,0,0,0,0),(79,223,0,0,1,0,0,0,0),(79,230,1,0,0,0,0,0,0),(79,234,0,0,0,0,0,0,0),(79,235,0,0,0,0,0,0,0),(79,242,0,0,0,0,0,0,0),(79,243,1,0,0,0,0,0,0),(79,247,0,0,0,0,0,0,0),(79,313,1,0,0,0,0,0,0),(79,315,0,0,0,0,0,0,0),(79,316,0,0,0,0,0,0,0),(79,317,0,0,0,0,0,0,0),(79,318,0,0,0,0,0,0,0),(79,319,0,0,0,0,0,0,0),(79,320,0,0,0,0,0,0,0),(79,321,0,0,0,0,0,0,0),(79,322,0,0,0,0,0,0,0),(79,324,0,0,0,0,0,0,0),(79,325,0,1,0,0,0,0,0),(79,329,0,0,0,0,0,0,0),(79,652,1,0,0,0,0,0,0),(79,953,0,0,0,0,0,0,0),(79,954,0,0,0,0,0,0,0),(79,963,0,0,0,0,0,0,0),(80,165,1,1,0,0,0,0,0),(80,168,0,0,0,0,0,0,0),(80,172,0,0,0,0,0,0,0),(80,176,0,0,0,0,0,0,0),(80,177,0,0,0,0,0,0,0),(80,180,1,2,0,0,0,0,0),(80,181,0,0,0,0,0,0,0),(80,182,0,0,1,0,0,0,0),(80,183,0,0,0,0,0,0,0),(80,184,1,0,0,0,0,0,0),(80,185,0,0,0,0,0,0,0),(80,186,0,0,0,0,0,0,0),(80,187,0,0,0,0,0,0,0),(80,331,0,0,0,0,0,0,0),(80,336,0,0,0,0,0,0,0),(80,338,0,0,0,0,0,0,0),(80,341,0,0,0,0,0,0,0),(80,342,0,0,0,0,0,0,0),(80,346,0,0,0,0,0,0,0),(80,347,0,3,0,0,0,0,0),(80,349,0,0,0,0,0,0,0),(80,351,0,0,0,0,0,0,0),(80,352,0,0,0,0,0,0,0),(80,353,3,0,0,0,0,0,0),(81,330,0,0,0,0,0,0,0),(81,336,1,0,0,0,0,0,0),(81,338,0,1,0,0,0,0,0),(81,341,0,0,0,0,0,0,0),(81,342,0,0,1,0,0,0,0),(81,346,0,0,0,0,0,0,0),(81,349,0,0,0,0,0,0,0),(81,351,0,0,0,0,0,0,0),(81,353,0,0,0,0,0,0,0),(81,379,0,0,0,0,0,0,0),(81,380,0,0,0,0,0,0,0),(81,381,0,0,1,0,0,0,0),(81,386,0,0,0,0,0,0,0),(81,387,0,0,0,0,0,0,0),(81,388,0,0,0,0,0,0,0),(81,389,2,0,0,0,0,0,0),(81,392,0,2,0,0,0,0,0),(81,394,0,0,0,0,0,0,0),(81,397,0,0,0,0,0,0,0),(81,398,0,0,0,0,0,0,0),(81,400,0,0,0,0,0,0,0),(82,165,0,0,0,0,0,0,0),(82,167,0,0,0,0,0,0,0),(82,168,0,0,0,0,0,0,0),(82,172,0,0,0,0,0,0,0),(82,174,1,0,1,0,0,0,0),(82,175,0,0,0,0,0,0,0),(82,176,0,0,0,0,0,0,0),(82,177,0,0,0,0,0,0,0),(82,180,0,0,0,0,0,0,0),(82,183,0,0,0,0,0,0,0),(82,184,1,0,0,0,0,0,0),(82,185,0,0,0,0,0,0,0),(82,186,0,1,0,0,0,0,0),(82,187,1,0,0,0,0,0,0),(82,315,0,0,0,0,0,0,0),(82,316,0,0,0,0,0,0,0),(82,317,1,0,0,0,0,0,0),(82,319,0,0,0,0,0,0,0),(82,320,0,0,0,0,0,0,0),(82,321,0,1,0,0,0,0,0),(82,322,0,0,0,0,0,0,0),(82,324,0,0,0,0,0,0,0),(82,329,0,0,0,0,0,0,0),(82,954,1,0,0,0,0,0,0),(83,66,1,1,1,0,0,0,0),(83,213,2,0,0,0,0,0,0),(83,217,0,0,0,0,0,0,0),(83,219,0,0,0,0,0,0,0),(83,230,0,0,0,0,0,0,0),(83,234,1,0,0,0,0,0,0),(83,235,0,0,0,0,0,0,0),(83,242,0,2,0,0,0,0,0),(83,243,0,0,0,0,0,0,0),(83,247,0,0,0,0,0,0,0),(83,325,0,0,0,0,0,0,0),(83,930,0,0,0,0,0,0,0),(83,931,0,0,0,0,0,0,0),(83,933,0,0,1,0,0,0,0),(83,934,0,0,0,0,0,0,0),(83,936,0,1,0,0,0,0,0),(83,937,0,0,0,0,0,0,0),(83,942,0,0,0,0,0,0,0),(83,944,1,0,0,0,0,0,0),(83,947,0,0,0,0,0,0,0),(83,950,2,0,1,0,1,0,0),(84,2,0,0,0,0,0,0,0),(84,3,1,0,0,0,0,0,0),(84,4,0,0,0,0,0,0,0),(84,10,0,0,0,0,0,0,0),(84,11,1,0,0,0,0,0,0),(84,12,0,0,0,0,0,0,0),(84,13,0,0,0,0,0,0,0),(84,14,0,0,0,0,0,0,0),(84,18,0,0,1,0,0,0,0),(84,20,0,0,0,0,0,0,0),(84,23,0,1,0,0,0,0,0),(84,24,0,0,0,0,1,0,0),(84,25,0,1,0,0,0,0,0),(84,76,1,0,0,0,0,0,0),(84,77,0,1,0,0,0,0,0),(84,79,0,0,0,0,0,0,0),(84,87,0,0,0,0,0,0,0),(84,90,0,0,0,0,0,0,0),(84,91,0,0,1,0,0,0,0),(84,92,0,0,0,0,0,0,0),(84,93,0,0,0,0,0,0,0),(84,95,1,0,0,0,0,0,0),(84,98,0,0,0,0,0,0,0),(84,100,0,0,1,0,0,0,0),(84,104,0,0,0,0,0,0,0),(84,110,0,1,0,0,0,0,0),(84,112,0,0,0,0,0,0,0),(85,27,1,0,0,0,0,0,0),(85,28,0,1,0,0,0,0,0),(85,31,2,1,0,0,0,0,0),(85,32,0,0,0,0,0,0,0),(85,37,0,0,0,0,0,0,0),(85,40,0,0,0,0,0,0,0),(85,41,0,1,0,0,0,0,0),(85,43,0,0,0,0,0,0,0),(85,46,0,0,0,0,0,0,0),(85,48,0,0,0,0,0,0,0),(85,49,1,0,0,0,0,0,0),(85,188,0,0,0,0,0,0,0),(85,189,1,0,0,0,0,0,0),(85,190,0,0,0,0,0,0,1),(85,193,0,0,0,0,0,0,0),(85,195,0,0,0,0,0,0,0),(85,197,0,0,0,0,0,0,0),(85,200,0,0,0,0,0,0,0),(85,201,0,0,0,0,0,0,0),(85,202,0,0,0,0,0,0,0),(85,204,0,0,0,0,0,0,0),(85,206,0,0,0,0,0,0,0),(85,209,0,0,1,0,0,0,0),(85,211,0,1,0,0,0,0,0),(85,330,0,0,0,0,0,0,0),(86,139,0,0,0,0,0,0,0),(86,140,0,0,0,0,0,0,0),(86,143,0,0,0,0,0,0,0),(86,146,0,0,0,0,0,0,0),(86,149,0,0,0,0,0,0,0),(86,151,0,1,0,0,0,0,0),(86,152,0,0,0,0,0,0,0),(86,153,4,1,0,0,0,0,0),(86,154,0,0,0,0,0,0,0),(86,155,0,1,0,0,0,0,0),(86,156,0,1,0,0,0,0,0),(86,157,0,1,0,0,0,0,0),(86,158,1,1,0,0,0,0,0),(86,159,1,0,0,0,0,0,0),(86,160,0,0,0,0,0,0,0),(86,161,0,0,0,0,0,0,0),(86,359,0,0,0,0,0,0,0),(86,360,0,0,0,0,0,0,0),(86,363,0,0,0,0,0,0,0),(86,367,1,0,0,0,0,0,1),(86,368,0,0,0,0,0,0,0),(86,369,2,0,0,0,0,0,0),(86,371,0,0,0,0,0,0,0),(86,372,0,0,0,0,0,0,0),(86,374,0,0,0,0,0,0,0),(86,375,0,0,0,0,0,0,0),(86,922,0,1,0,0,0,0,0),(87,50,1,0,0,0,0,0,0),(87,53,0,0,0,0,0,0,0),(87,55,0,0,0,0,0,0,0),(87,56,0,0,0,0,0,0,0),(87,57,0,0,0,0,0,0,0),(87,58,0,1,1,0,0,0,0),(87,59,1,1,0,0,0,0,0),(87,61,0,0,0,0,0,0,0),(87,62,0,0,0,0,0,0,0),(87,63,0,0,0,0,0,0,0),(87,64,0,0,0,0,0,0,0),(87,65,1,0,0,0,0,0,0),(87,67,0,1,1,0,0,0,0),(87,68,1,0,0,0,0,0,0),(87,72,0,1,0,0,0,0,0),(87,288,1,0,0,0,0,1,0),(87,289,1,0,0,0,0,0,1),(87,291,0,0,0,0,0,0,0),(87,294,0,0,1,0,0,0,0),(87,295,0,0,0,0,0,0,0),(87,300,0,0,0,0,0,0,0),(87,301,0,0,0,0,0,0,0),(87,303,0,0,0,0,0,0,0),(87,304,0,1,0,0,0,0,0),(87,308,0,0,1,0,0,0,0),(87,309,1,0,0,0,0,0,0),(87,312,1,0,0,0,0,0,0),(88,115,0,0,0,0,0,0,0),(88,119,0,1,0,0,0,0,0),(88,120,0,0,0,0,0,0,0),(88,123,0,0,0,0,0,0,0),(88,124,0,0,0,0,0,0,0),(88,125,0,0,0,0,0,0,0),(88,126,0,0,0,0,0,0,0),(88,127,1,1,0,0,0,0,0),(88,130,3,0,0,0,0,0,0),(88,131,1,2,0,0,0,0,0),(88,135,0,1,0,0,0,0,0),(88,137,0,0,0,0,0,0,0),(88,138,0,0,0,0,0,0,0),(88,248,0,0,0,0,0,0,0),(88,252,0,0,0,0,0,0,0),(88,257,0,0,0,0,0,0,0),(88,259,0,0,0,0,0,0,0),(88,264,1,0,0,0,0,0,0),(88,274,0,0,0,0,0,0,0),(88,276,0,0,0,0,0,0,0),(88,279,0,0,0,0,0,0,0),(88,282,0,0,0,0,0,0,0),(88,284,0,0,0,0,0,0,0),(88,287,0,1,0,0,0,0,0),(88,918,0,0,0,0,0,0,0),(89,115,0,0,0,0,0,0,0),(89,116,1,0,0,0,0,0,0),(89,119,2,1,0,0,0,0,0),(89,120,0,1,0,0,0,0,0),(89,122,0,1,0,0,0,0,0),(89,123,0,0,0,0,0,0,0),(89,124,0,0,0,0,0,0,0),(89,125,0,0,0,0,0,0,0),(89,126,0,0,0,0,0,0,0),(89,127,1,0,0,0,0,0,0),(89,130,2,0,0,0,0,0,0),(89,131,0,1,0,0,0,0,0),(89,133,0,0,0,0,0,0,0),(89,135,0,0,0,0,0,0,0),(89,138,0,0,0,0,0,0,0),(89,379,0,1,0,0,0,0,0),(89,380,0,0,0,0,0,0,0),(89,381,0,1,0,0,0,0,0),(89,385,0,1,0,0,0,0,0),(89,386,1,0,0,0,0,0,0),(89,387,0,0,1,0,0,0,0),(89,388,0,0,0,0,0,0,0),(89,391,0,0,0,0,0,0,0),(89,394,0,0,0,0,0,0,0),(89,398,2,0,0,0,0,0,0),(89,401,0,0,0,0,0,0,0),(90,248,0,0,0,0,0,0,0),(90,252,1,0,0,0,0,0,0),(90,259,1,1,0,0,0,0,0),(90,264,0,0,0,0,0,0,0),(90,274,0,0,0,0,0,0,0),(90,276,0,0,0,0,0,0,0),(90,279,0,0,0,0,0,0,0),(90,280,0,0,0,0,0,0,0),(90,284,1,0,0,0,0,0,0),(90,287,0,0,0,0,0,0,0),(90,289,0,0,0,0,0,0,0),(90,291,0,0,0,0,0,0,0),(90,292,0,0,0,0,0,0,0),(90,293,0,1,0,0,0,0,0),(90,294,1,0,0,0,0,0,0),(90,295,0,0,0,0,0,0,0),(90,301,0,0,0,0,0,0,0),(90,303,0,0,0,0,0,0,0),(90,304,0,0,0,0,0,0,0),(90,308,3,0,0,0,0,0,0),(90,309,0,0,0,0,0,0,0),(90,312,0,0,0,0,0,0,0),(91,51,1,0,0,0,0,0,0),(91,53,0,0,0,0,0,0,0),(91,55,0,0,0,0,0,0,0),(91,57,0,0,1,0,0,0,0),(91,59,0,0,0,0,0,0,0),(91,61,1,0,0,0,0,0,0),(91,62,0,0,0,0,0,0,0),(91,63,0,0,0,0,0,0,0),(91,65,0,0,0,0,0,0,0),(91,67,0,1,0,0,0,0,0),(91,68,0,0,0,0,0,0,0),(91,69,0,0,0,0,0,0,0),(91,71,0,0,0,0,0,0,0),(91,72,0,0,0,0,0,0,0),(91,139,0,0,0,0,0,0,0),(91,140,0,0,0,0,0,0,0),(91,143,0,0,0,0,0,0,0),(91,149,0,0,0,0,0,0,0),(91,151,0,0,0,0,0,0,0),(91,152,0,0,0,0,0,0,0),(91,153,1,0,0,0,0,0,0),(91,156,0,0,0,0,0,0,0),(91,157,0,0,0,0,0,0,0),(91,158,0,0,0,0,0,0,0),(91,159,0,0,0,0,0,0,0),(92,27,3,0,0,0,0,0,0),(92,28,0,0,0,0,0,0,0),(92,29,0,0,0,0,0,0,0),(92,31,2,0,0,0,0,0,0),(92,32,2,1,0,0,0,0,0),(92,33,0,0,0,0,0,0,0),(92,40,0,2,0,0,0,0,0),(92,41,0,2,0,0,0,0,0),(92,43,0,0,0,0,0,0,0),(92,46,0,0,0,0,0,0,0),(92,47,0,0,0,0,0,0,0),(92,48,0,0,0,0,0,0,0),(92,357,1,0,0,0,0,0,0),(92,360,0,0,0,0,0,0,0),(92,363,0,0,0,0,0,0,0),(92,367,0,0,0,0,0,0,0),(92,368,0,0,0,0,0,0,0),(92,369,0,0,0,0,0,0,0),(92,370,0,0,0,0,0,0,0),(92,371,0,0,0,0,0,0,0),(92,372,0,0,0,0,0,0,0),(92,374,0,0,0,0,0,0,0),(92,375,0,0,0,0,0,0,0),(92,376,0,0,0,0,0,0,0),(92,377,0,0,0,0,0,0,0),(92,922,0,0,0,0,0,0,0),(93,77,1,0,0,0,0,0,0),(93,79,1,0,0,0,0,0,0),(93,82,0,1,0,0,0,0,0),(93,84,0,0,0,0,0,0,0),(93,87,0,0,0,0,0,0,0),(93,91,0,1,0,0,0,0,0),(93,92,0,0,0,0,0,0,0),(93,95,0,1,0,0,0,0,0),(93,97,1,0,0,0,0,0,0),(93,98,0,0,0,0,0,0,0),(93,103,0,0,0,0,0,0,0),(93,104,0,1,1,0,0,0,0),(93,110,0,0,0,0,0,0,0),(93,112,2,0,0,0,0,0,0),(93,188,0,0,1,0,0,0,0),(93,189,0,1,0,0,0,0,0),(93,190,0,0,0,0,0,0,0),(93,191,2,0,0,0,0,0,0),(93,195,0,0,0,0,0,0,0),(93,197,0,0,0,0,0,0,0),(93,198,0,0,0,0,0,0,0),(93,200,0,0,0,0,0,0,0),(93,201,0,1,0,0,0,0,0),(93,203,0,0,0,0,0,0,0),(93,206,0,0,0,0,0,0,0),(93,209,0,0,0,0,0,0,0),(93,210,0,0,0,0,0,0,0),(93,212,0,0,0,0,0,0,0),(94,2,0,0,0,0,0,0,0),(94,5,0,1,0,0,0,0,0),(94,8,0,0,0,0,0,0,0),(94,10,0,0,0,0,0,0,0),(94,11,0,0,0,0,0,0,0),(94,12,0,0,0,0,0,0,0),(94,13,0,1,0,0,0,0,0),(94,14,1,0,0,0,0,0,0),(94,16,0,0,0,0,0,0,0),(94,17,1,0,0,0,0,0,0),(94,18,0,0,0,0,0,0,0),(94,19,0,0,0,0,0,0,0),(94,20,0,1,0,0,0,0,0),(94,24,1,1,0,0,0,0,0),(94,25,1,0,0,0,0,0,0),(94,66,0,1,0,0,0,0,0),(94,213,1,0,0,0,0,0,0),(94,217,0,0,0,0,0,0,0),(94,219,0,0,0,0,0,0,0),(94,223,0,0,0,0,0,0,0),(94,228,0,0,0,0,0,0,0),(94,230,0,0,0,0,0,0,0),(94,234,0,0,0,0,0,0,0),(94,235,0,0,0,0,0,0,0),(94,242,0,0,0,0,0,0,0),(94,247,0,0,0,0,0,0,0),(94,325,0,0,0,0,0,0,0),(96,313,0,0,0,0,0,1,0),(96,315,0,0,0,0,0,0,0),(96,317,1,0,0,0,0,0,0),(96,319,0,0,0,0,0,0,0),(96,320,1,0,0,0,0,0,0),(96,321,0,2,0,0,0,0,0),(96,322,0,0,0,0,0,0,0),(96,324,0,0,1,0,0,0,0),(96,327,0,0,0,0,0,0,0),(96,331,0,0,0,0,0,0,0),(96,336,0,0,1,0,0,0,0),(96,338,1,1,1,0,0,0,0),(96,341,0,0,0,0,0,0,0),(96,342,0,0,0,0,0,0,0),(96,346,0,0,0,0,0,0,0),(96,347,3,0,0,0,0,0,0),(96,349,1,0,0,0,0,0,0),(96,353,2,0,0,0,0,0,0),(96,354,1,2,0,0,0,0,0),(96,652,0,0,0,0,0,0,0),(97,313,0,0,0,0,0,0,0),(97,316,0,0,0,0,0,0,0),(97,319,0,0,0,0,0,0,0),(97,320,0,0,0,0,0,0,0),(97,321,0,1,0,0,0,0,0),(97,322,0,0,0,0,0,0,0),(97,324,1,0,0,0,0,0,0),(97,325,0,0,0,0,0,0,0),(97,326,2,0,0,0,0,0,0),(97,328,0,2,0,0,0,0,0),(97,329,0,0,0,0,0,0,0),(97,379,0,0,0,0,0,0,0),(97,381,0,0,0,0,0,0,0),(97,383,0,0,0,0,0,0,0),(97,385,0,0,0,0,0,0,0),(97,386,0,0,0,0,0,0,0),(97,387,0,0,0,0,0,0,0),(97,389,0,0,0,0,0,0,0),(97,390,0,0,0,0,0,0,0),(97,392,0,0,0,0,0,0,0),(97,394,0,0,0,0,0,0,0),(97,397,0,0,0,0,0,0,0),(97,398,0,0,0,0,0,0,0),(97,946,0,0,0,0,0,0,0),(99,2,1,0,0,0,0,0,0),(99,5,0,1,0,0,0,0,0),(99,7,0,0,0,0,0,0,0),(99,8,0,0,1,0,0,0,0),(99,10,0,0,0,0,0,0,0),(99,11,0,0,0,0,0,1,0),(99,13,0,0,0,0,0,0,0),(99,14,0,0,0,0,0,0,0),(99,16,0,0,0,0,0,0,0),(99,17,0,0,0,0,0,0,0),(99,18,0,0,0,0,0,0,0),(99,19,0,0,0,0,0,0,0),(99,20,0,0,0,0,0,0,0),(99,21,0,0,0,0,0,0,0),(99,23,0,0,0,0,0,0,0),(99,25,1,1,1,0,0,0,0),(99,165,0,0,0,0,0,0,0),(99,167,0,0,0,0,0,0,0),(99,168,0,0,0,0,0,0,0),(99,172,0,1,0,0,0,0,0),(99,174,1,0,0,0,0,0,0),(99,175,0,0,0,0,0,0,0),(99,176,0,0,0,0,0,0,0),(99,177,0,0,0,0,0,0,0),(99,178,0,0,0,0,0,0,0),(99,180,0,0,0,0,0,0,0),(99,182,0,0,0,0,0,0,0),(99,183,0,0,0,0,0,0,0),(99,184,0,0,0,0,0,0,0),(99,185,0,0,1,0,0,0,0),(99,186,0,0,0,0,0,0,0),(99,187,1,1,0,0,0,0,0),(100,188,0,1,0,0,0,0,0),(100,189,0,0,0,0,0,0,0),(100,190,0,0,0,0,0,0,0),(100,191,0,1,1,0,0,0,0),(100,193,1,0,0,0,0,0,0),(100,194,2,0,0,0,0,0,0),(100,197,0,0,1,0,0,0,0),(100,199,0,0,0,0,0,0,0),(100,200,0,0,0,0,0,0,0),(100,201,1,1,0,0,0,0,0),(100,202,0,0,0,0,0,0,0),(100,203,0,0,0,0,0,0,0),(100,206,0,0,0,0,0,0,0),(100,207,0,0,0,0,0,0,0),(100,208,0,0,0,0,0,0,0),(100,209,0,0,0,0,0,0,0),(100,211,1,1,0,0,0,0,0),(100,213,0,0,0,0,0,0,0),(100,219,0,0,0,0,0,0,0),(100,225,0,1,0,0,0,0,0),(100,228,0,0,0,0,0,0,0),(100,229,0,0,0,0,0,0,0),(100,230,0,0,0,0,0,0,0),(100,234,0,0,0,0,0,0,0),(100,235,0,1,0,0,0,0,0),(100,242,1,0,1,0,0,0,0),(100,247,1,0,0,0,0,0,0),(101,75,0,0,0,0,0,0,0),(101,76,0,1,0,0,0,0,0),(101,77,0,2,0,0,0,0,0),(101,79,1,0,0,0,0,0,0),(101,84,0,0,0,0,0,0,0),(101,87,2,2,0,0,0,0,0),(101,92,0,0,0,0,0,0,0),(101,93,0,0,0,0,0,0,0),(101,95,3,1,0,0,0,0,0),(101,97,1,1,0,0,0,0,0),(101,101,0,0,0,0,0,0,0),(101,103,1,0,0,0,0,0,0),(101,110,0,0,0,0,0,0,0),(101,111,0,0,0,0,0,0,0),(101,113,0,0,0,0,0,0,0),(101,355,0,0,0,0,0,0,1),(101,357,0,1,0,0,0,0,0),(101,359,0,0,0,0,0,0,0),(101,363,0,0,0,0,0,0,0),(101,366,0,0,0,0,0,0,0),(101,369,1,0,0,0,0,0,0),(101,370,0,0,0,0,0,0,0),(101,371,0,0,0,0,0,0,0),(101,372,1,0,0,0,0,0,0),(101,375,0,0,0,0,0,0,0),(101,376,0,0,0,0,0,0,0),(101,377,0,0,0,0,0,0,0),(102,27,0,0,0,0,0,0,0),(102,29,0,0,0,0,0,0,0),(102,31,0,0,0,0,0,0,0),(102,32,0,0,0,0,0,0,0),(102,37,0,0,1,0,0,0,0),(102,38,0,0,1,0,0,0,0),(102,43,0,1,0,0,0,0,0),(102,46,0,0,0,0,0,0,0),(102,48,0,0,0,0,0,0,0),(102,49,2,0,0,0,0,0,0),(102,53,0,0,0,0,0,0,0),(102,55,0,0,0,0,0,0,0),(102,57,2,0,0,0,0,0,0),(102,58,0,1,0,0,0,0,0),(102,59,0,0,0,0,0,0,0),(102,61,1,0,0,0,0,0,0),(102,62,0,0,0,0,0,0,0),(102,63,0,0,0,0,0,0,0),(102,65,0,0,0,0,0,0,0),(102,66,0,0,0,0,0,0,0),(102,67,0,0,0,0,0,0,0),(102,68,0,1,1,0,0,0,0),(102,69,0,0,0,0,0,0,0),(102,71,0,0,0,0,0,0,0),(103,139,0,0,0,0,0,0,0),(103,140,0,0,0,0,0,0,0),(103,143,1,0,0,0,0,0,0),(103,149,0,0,0,0,0,0,0),(103,151,0,0,0,0,0,0,0),(103,152,0,0,0,0,0,0,0),(103,153,2,2,0,0,0,0,0),(103,155,0,0,0,0,0,0,0),(103,156,0,1,1,0,0,0,0),(103,157,0,0,0,0,0,0,0),(103,158,0,1,0,0,0,0,0),(103,159,2,0,0,0,0,0,0),(103,161,1,0,0,0,0,0,0),(103,248,0,0,0,0,0,0,0),(103,252,1,1,0,0,0,0,0),(103,255,0,0,0,0,0,0,0),(103,259,0,0,0,0,0,0,0),(103,264,0,2,0,0,0,0,0),(103,274,0,0,1,0,0,0,0),(103,277,1,0,0,0,0,0,0),(103,281,0,0,0,0,0,0,0),(103,285,1,0,0,0,0,0,0),(103,287,0,0,0,0,0,0,0),(104,115,2,1,0,0,0,0,0),(104,116,0,0,0,0,0,0,0),(104,119,2,1,0,0,0,0,0),(104,121,1,1,0,0,0,0,0),(104,124,0,0,0,0,0,0,0),(104,125,0,0,0,0,0,0,0),(104,126,0,0,0,0,0,0,0),(104,130,2,0,0,0,0,0,0),(104,131,1,0,0,0,0,0,0),(104,132,0,1,0,0,0,0,0),(104,135,0,1,0,0,0,0,0),(104,136,1,1,0,0,0,0,0),(104,137,1,2,0,0,0,0,0),(104,138,0,1,0,0,0,0,0),(104,289,0,0,0,0,0,0,0),(104,293,0,0,0,0,0,0,0),(104,294,0,0,0,0,0,0,0),(104,301,0,0,0,0,0,0,0),(104,303,0,0,0,0,0,0,0),(104,304,0,0,0,0,0,0,1),(104,306,1,0,0,0,0,0,0),(104,308,1,0,0,0,1,0,0),(104,309,0,1,0,0,0,0,0),(104,311,0,0,0,0,0,0,0),(104,312,0,0,0,0,0,0,0),(105,288,0,0,0,0,0,0,0),(105,289,0,0,0,0,0,0,0),(105,291,0,0,0,0,0,0,0),(105,293,0,1,0,0,0,0,0),(105,294,1,0,0,0,0,0,0),(105,295,1,0,0,0,0,0,0),(105,301,0,0,0,0,0,0,0),(105,303,1,0,0,0,0,0,0),(105,304,0,0,0,0,0,0,0),(105,308,0,0,0,0,0,0,0),(105,309,0,0,0,0,0,0,0),(105,379,0,0,0,0,0,0,0),(105,380,1,0,0,0,0,0,0),(105,381,0,0,0,0,0,0,0),(105,388,0,0,0,0,0,0,0),(105,389,0,0,0,0,0,0,0),(105,390,0,0,0,0,0,0,0),(105,391,0,0,0,0,0,0,0),(105,394,0,0,0,0,0,0,0),(105,395,0,0,0,0,0,0,0),(105,397,0,0,0,0,0,0,0),(105,400,0,0,0,0,0,0,0),(106,115,0,1,1,0,0,0,0),(106,116,0,0,0,0,0,0,0),(106,119,2,0,1,0,0,0,0),(106,120,0,0,0,0,0,0,0),(106,121,0,0,0,0,0,0,0),(106,123,0,0,0,0,0,0,0),(106,124,0,0,1,0,0,0,0),(106,126,0,0,0,0,0,0,0),(106,127,0,0,0,0,0,0,0),(106,129,1,0,0,0,0,0,0),(106,131,0,1,0,0,0,0,0),(106,135,0,0,0,0,0,0,0),(106,137,0,0,0,0,0,0,0),(106,138,0,1,1,0,0,0,0),(106,139,0,0,0,0,0,0,0),(106,140,0,0,0,0,0,0,0),(106,143,0,0,0,0,0,0,0),(106,149,0,0,0,0,0,0,0),(106,151,1,0,0,0,0,0,0),(106,152,0,0,0,0,0,0,0),(106,153,0,1,0,0,0,0,0),(106,155,0,0,0,0,0,0,0),(106,156,0,0,0,0,0,0,0),(106,157,0,0,0,0,0,0,0),(106,158,0,0,0,0,0,0,0),(106,159,0,0,1,0,0,0,0),(106,160,0,0,0,0,0,0,0),(106,161,0,0,0,0,0,0,0),(107,27,2,2,0,0,0,0,0),(107,28,1,0,0,0,0,0,0),(107,29,0,0,0,0,0,0,0),(107,31,2,3,0,0,0,0,0),(107,32,2,0,0,0,0,0,0),(107,37,0,0,0,0,0,0,0),(107,38,1,2,0,0,0,0,0),(107,40,0,0,0,0,0,0,0),(107,41,0,0,0,0,0,0,0),(107,43,0,1,0,0,0,0,0),(107,46,0,0,0,0,0,0,0),(107,47,0,0,0,0,0,0,0),(107,48,0,0,0,0,0,0,0),(107,49,1,0,0,0,0,0,0),(107,253,0,0,0,0,0,0,0),(107,255,0,0,0,0,0,0,0),(107,256,0,0,0,0,0,0,0),(107,257,0,0,0,0,0,0,0),(107,272,0,0,0,0,0,0,0),(107,277,0,0,0,0,0,0,0),(107,279,0,0,0,0,0,0,0),(107,280,0,0,1,0,0,0,0),(107,287,0,0,0,0,0,0,0),(107,964,0,0,0,0,0,0,0),(108,50,0,0,1,0,0,0,0),(108,53,0,0,0,0,0,0,0),(108,55,0,0,0,0,0,0,0),(108,56,0,0,0,0,0,0,0),(108,57,1,0,0,0,0,0,0),(108,59,0,0,0,0,0,0,0),(108,61,0,0,0,0,0,0,0),(108,62,0,0,0,0,0,0,0),(108,65,0,0,0,0,0,0,0),(108,66,0,0,0,0,0,0,0),(108,67,0,0,0,0,0,0,0),(108,68,0,1,0,0,0,0,0),(108,69,0,0,0,0,0,0,0),(108,71,0,0,0,0,0,0,0),(108,72,0,0,0,0,0,0,0),(108,75,0,1,0,0,0,0,0),(108,77,1,1,0,0,0,0,0),(108,79,0,0,0,0,0,0,0),(108,81,0,0,0,0,0,0,0),(108,82,2,2,0,0,0,0,0),(108,84,0,0,0,0,0,0,0),(108,87,0,0,0,0,0,0,0),(108,90,0,0,0,0,0,0,0),(108,92,0,0,0,0,0,0,0),(108,95,1,0,1,0,0,0,0),(108,101,0,0,0,0,0,0,0),(108,103,0,0,0,0,0,0,0),(108,110,0,0,0,0,0,0,0),(108,111,0,0,0,0,0,0,0),(108,112,0,0,0,0,0,0,0),(108,113,0,0,0,0,0,0,0),(109,213,2,1,0,0,0,0,0),(109,219,1,0,0,0,0,0,0),(109,225,0,1,0,0,0,0,0),(109,228,1,1,0,0,0,0,0),(109,230,0,0,0,0,0,0,0),(109,234,0,0,0,0,0,0,0),(109,235,0,0,0,0,0,0,0),(109,238,0,0,0,0,0,0,0),(109,242,1,1,0,0,0,0,0),(109,243,1,1,0,0,0,0,0),(109,247,0,0,0,0,0,0,0),(109,355,0,0,0,0,0,0,0),(109,357,0,0,0,0,0,0,0),(109,359,0,0,0,0,0,0,0),(109,360,0,0,0,0,0,0,0),(109,363,0,0,0,0,0,0,0),(109,367,0,0,0,0,0,0,0),(109,368,0,0,0,0,0,0,0),(109,369,0,0,0,0,0,0,0),(109,370,0,0,0,0,0,0,0),(109,371,1,0,0,0,0,0,0),(109,372,1,0,0,0,0,0,0),(109,374,0,1,0,0,0,0,0),(109,375,0,0,0,0,0,0,0),(109,376,0,0,0,0,0,0,0),(110,165,3,0,0,0,0,0,0),(110,167,0,1,0,0,0,0,0),(110,168,0,0,0,0,0,0,0),(110,172,0,0,0,0,0,0,0),(110,174,1,1,0,0,0,0,0),(110,175,0,0,0,0,0,0,0),(110,176,0,0,0,0,0,0,0),(110,177,0,0,0,0,0,0,0),(110,180,0,1,0,0,0,0,0),(110,181,0,1,0,0,0,0,0),(110,183,0,0,0,0,0,0,0),(110,185,0,0,0,0,0,0,0),(110,186,1,0,0,0,0,0,0),(110,188,0,0,0,0,0,0,0),(110,189,0,0,0,0,0,0,0),(110,191,1,0,1,0,0,0,0),(110,194,0,0,0,0,0,0,0),(110,197,0,0,0,0,0,0,0),(110,199,0,0,0,0,0,0,0),(110,200,0,0,0,0,0,0,0),(110,201,0,1,0,0,0,0,0),(110,202,0,0,0,0,0,0,0),(110,203,0,0,0,0,0,0,0),(110,204,0,0,0,0,0,0,0),(110,211,0,0,0,0,0,0,0),(111,2,2,0,0,0,0,0,0),(111,3,2,0,0,0,0,0,0),(111,4,0,0,0,0,0,0,0),(111,5,0,1,0,0,0,0,0),(111,6,0,0,0,0,0,0,0),(111,8,0,0,0,0,0,0,0),(111,10,0,0,0,0,0,0,0),(111,11,0,0,0,0,0,0,0),(111,12,0,0,0,0,0,0,0),(111,13,0,0,0,0,0,0,0),(111,16,0,0,0,0,0,0,0),(111,17,0,0,0,0,0,0,0),(111,18,0,2,0,0,0,0,0),(111,19,0,0,0,0,0,0,0),(111,23,0,0,0,0,0,0,0),(111,24,0,1,0,0,0,0,0),(111,25,1,0,0,0,0,0,0),(111,331,0,0,0,0,0,0,0),(111,334,0,0,0,0,0,0,0),(111,336,1,0,0,0,0,0,0),(111,338,0,0,0,0,0,0,0),(111,345,0,0,0,0,0,0,0),(111,346,0,0,0,0,0,0,0),(111,349,0,0,0,0,0,0,0),(111,351,0,0,0,0,0,0,0),(111,353,0,0,0,0,0,0,0),(111,354,1,1,0,0,0,0,0),(113,3,0,0,0,0,0,0,0),(113,4,1,1,0,0,0,0,0),(113,5,1,0,0,0,0,0,0),(113,6,0,0,0,0,0,0,0),(113,7,0,0,0,0,0,0,0),(113,8,0,1,0,0,0,0,0),(113,10,0,2,0,0,0,0,0),(113,11,0,0,0,0,0,0,0),(113,14,1,0,0,0,0,0,0),(113,16,0,0,0,0,0,0,0),(113,17,0,1,0,0,0,0,0),(113,18,0,0,0,0,0,0,0),(113,19,0,0,0,0,0,0,0),(113,20,0,0,0,0,0,0,0),(113,21,0,0,0,0,0,0,0),(113,24,2,0,0,0,0,0,0),(113,25,0,0,0,0,0,0,0),(113,313,1,1,0,0,0,0,0),(113,320,0,1,0,0,0,0,0),(113,321,0,0,0,0,0,0,0),(113,322,0,0,0,0,0,0,0),(113,324,0,0,0,0,0,0,0),(113,325,0,0,0,0,0,0,0),(113,327,0,0,0,0,0,0,0),(113,328,0,0,0,0,0,0,0),(113,329,0,0,0,0,0,0,0),(113,946,1,0,0,0,0,0,0),(114,188,0,0,0,0,0,0,0),(114,189,0,0,0,0,0,0,0),(114,190,0,0,0,0,0,0,0),(114,191,2,0,0,0,0,0,0),(114,194,0,1,0,0,0,0,0),(114,197,1,0,0,0,0,0,0),(114,198,0,0,0,0,0,0,0),(114,199,0,0,0,0,0,0,0),(114,200,0,0,0,0,0,0,0),(114,201,0,0,0,0,0,0,0),(114,202,0,0,0,0,0,0,0),(114,203,0,0,0,0,0,0,0),(114,204,0,0,0,0,0,0,0),(114,208,0,0,0,0,0,0,0),(114,209,0,0,0,0,0,0,0),(114,211,0,0,0,0,0,0,0),(114,212,0,0,0,0,0,0,0),(114,330,0,0,0,0,0,0,0),(114,331,0,0,0,0,0,0,0),(114,336,1,0,0,0,0,0,0),(114,341,0,0,0,0,0,0,0),(114,342,3,0,0,0,0,0,0),(114,346,0,1,0,0,0,0,0),(114,349,0,0,0,0,0,0,0),(114,351,1,1,0,0,0,0,0),(114,352,0,1,0,0,0,0,0),(114,353,0,0,0,0,0,0,0),(114,354,3,1,0,0,0,0,0),(115,165,1,0,0,0,0,0,0),(115,167,0,0,0,0,0,0,0),(115,168,0,0,0,0,0,0,0),(115,172,0,1,0,0,0,0,0),(115,174,1,0,0,0,0,0,0),(115,176,0,1,0,0,0,0,0),(115,177,0,0,0,0,0,0,0),(115,180,1,1,0,0,0,0,0),(115,181,0,0,0,0,0,0,0),(115,183,0,0,0,0,0,0,0),(115,185,0,0,0,0,0,0,0),(115,186,0,0,0,0,0,0,0),(115,355,0,0,0,0,0,0,0),(115,357,0,0,0,0,0,0,0),(115,359,0,0,0,0,0,0,0),(115,366,0,0,0,0,0,0,0),(115,369,0,0,0,0,0,0,0),(115,371,0,0,0,0,0,0,0),(115,372,1,0,1,0,0,0,0),(115,373,0,1,0,0,0,0,0),(115,375,0,0,0,0,0,0,0),(115,376,0,0,0,0,0,0,0),(116,50,0,0,1,0,0,0,0),(116,53,0,1,0,0,0,0,0),(116,55,0,0,0,0,0,0,0),(116,56,1,0,0,0,0,0,0),(116,57,3,3,0,0,0,0,0),(116,59,0,0,0,0,0,0,0),(116,61,2,0,0,0,0,0,0),(116,62,0,0,0,0,0,0,0),(116,63,1,0,0,0,0,0,0),(116,64,0,1,0,0,0,0,0),(116,65,2,0,0,0,0,0,0),(116,67,0,1,0,0,0,0,0),(116,68,0,0,0,0,0,0,0),(116,69,0,3,0,0,0,0,0),(116,213,0,0,0,0,0,0,0),(116,217,0,0,0,0,0,0,0),(116,219,0,0,0,0,0,0,0),(116,225,0,0,0,0,0,0,0),(116,230,0,0,0,0,0,0,0),(116,234,0,1,0,0,0,0,0),(116,235,0,0,0,0,0,0,0),(116,242,1,0,0,0,0,0,0),(116,243,0,0,0,0,0,0,0),(116,247,0,0,0,0,0,0,0),(117,75,0,0,0,0,0,0,0),(117,77,2,0,0,0,0,0,0),(117,79,0,1,0,0,0,0,0),(117,81,0,0,0,0,0,0,0),(117,87,1,0,0,0,0,0,0),(117,90,0,0,0,0,0,0,0),(117,92,0,0,1,0,0,0,0),(117,93,0,0,0,0,0,0,0),(117,95,0,1,0,0,0,0,0),(117,98,0,0,0,0,0,0,0),(117,101,0,0,0,0,0,0,0),(117,103,1,1,0,0,0,0,0),(117,104,0,0,0,0,0,0,0),(117,106,0,0,0,0,0,0,0),(117,110,0,0,0,0,0,0,0),(117,111,0,0,0,0,0,0,0),(117,112,0,0,0,0,0,0,0),(117,113,0,0,0,0,0,0,0),(117,248,0,0,0,0,0,0,0),(117,252,1,0,1,0,1,0,0),(117,256,0,0,0,0,0,0,0),(117,257,0,0,0,0,0,0,0),(117,258,0,0,0,0,0,0,0),(117,259,0,0,0,0,0,0,0),(117,276,0,0,0,0,0,0,0),(117,277,0,0,0,0,0,0,0),(117,282,0,1,0,0,0,0,0),(117,284,0,0,0,0,0,0,0),(117,287,0,0,0,0,0,0,0),(117,953,0,0,0,0,0,0,0),(118,27,1,0,1,0,0,0,0),(118,29,0,0,0,0,0,0,0),(118,31,1,2,0,0,0,0,0),(118,32,2,1,0,0,0,0,0),(118,37,0,0,0,0,0,0,0),(118,38,0,0,0,0,0,0,0),(118,40,0,0,0,0,0,0,0),(118,43,0,0,0,0,0,0,0),(118,46,0,0,0,0,0,0,0),(118,47,1,1,0,1,0,0,0),(118,48,0,0,0,0,0,0,0),(118,49,0,0,0,0,0,0,0),(118,115,0,0,1,0,0,0,0),(118,116,0,0,0,0,0,0,0),(118,119,0,0,0,0,0,0,0),(118,120,0,0,0,0,0,0,0),(118,121,0,0,0,0,0,0,0),(118,123,0,0,0,0,0,0,0),(118,124,0,0,0,0,0,0,0),(118,126,0,0,0,0,0,0,0),(118,127,0,0,0,0,0,0,0),(118,129,0,0,0,0,0,0,0),(118,131,0,0,0,0,0,0,0),(118,135,0,0,0,0,0,0,0),(118,137,0,0,0,0,0,0,0),(118,138,0,0,0,0,0,0,0),(119,139,0,1,0,0,0,0,0),(119,140,0,0,0,0,0,0,0),(119,143,0,0,0,0,0,0,0),(119,149,0,0,0,0,0,0,0),(119,151,0,0,1,0,0,0,0),(119,152,0,0,0,0,0,0,0),(119,153,1,3,0,0,0,0,0),(119,155,0,0,1,0,0,0,0),(119,156,0,0,0,0,0,0,0),(119,158,1,0,0,0,0,0,0),(119,159,1,0,0,0,0,0,0),(119,160,1,0,0,0,0,0,0),(119,161,0,0,0,0,0,0,0),(119,163,0,0,0,0,0,0,0),(119,288,0,0,1,0,0,0,0),(119,289,0,0,0,0,0,0,0),(119,291,0,0,0,0,0,0,0),(119,292,0,0,0,0,0,0,0),(119,293,0,0,0,0,0,0,0),(119,294,0,0,1,0,0,0,0),(119,295,0,0,0,0,0,0,0),(119,296,0,0,0,0,0,0,0),(119,301,0,0,0,0,0,0,0),(119,303,0,1,0,0,0,0,0),(119,304,0,0,0,0,0,0,0),(119,308,1,0,0,0,0,0,0),(119,309,1,0,0,0,0,0,0),(120,427,0,0,0,0,0,0,0),(120,428,0,0,0,0,0,0,0),(120,429,0,0,0,0,0,0,0),(120,430,0,0,0,0,0,0,0),(120,433,0,0,0,0,0,0,0),(120,434,0,0,0,0,0,0,0),(120,439,0,0,0,0,0,0,0),(120,440,1,0,0,0,0,0,0),(120,442,0,0,0,0,0,0,0),(120,472,0,0,1,0,0,0,0),(120,475,0,0,0,0,0,0,0),(120,479,1,0,0,0,0,0,0),(120,483,0,0,0,0,0,0,0),(120,484,0,0,0,0,0,0,0),(120,486,0,0,0,0,0,0,0),(120,487,0,0,0,0,0,0,0),(120,488,1,0,0,0,0,0,0),(120,490,0,0,0,0,0,0,0),(120,492,0,0,0,0,0,0,0),(120,493,0,0,0,0,0,0,0),(121,543,0,0,0,0,0,0,0),(121,544,0,0,0,0,0,0,0),(121,545,0,0,0,0,0,0,0),(121,547,0,0,0,0,0,0,0),(121,549,0,0,0,0,0,0,0),(121,552,0,0,0,0,0,0,0),(121,557,0,0,0,0,0,0,0),(121,558,0,0,0,0,0,0,0),(121,559,0,0,0,0,0,0,0),(121,560,0,0,0,0,0,0,0),(121,564,0,0,0,0,0,0,0),(121,568,0,0,0,0,0,0,0),(121,604,0,0,0,0,0,0,0),(121,605,0,2,0,0,0,0,0),(121,607,1,0,0,0,0,0,0),(121,611,2,0,0,0,0,0,0),(121,612,0,1,0,0,0,0,0),(121,616,0,0,0,0,0,0,0),(121,619,0,0,0,0,0,0,0),(121,620,0,0,0,0,0,0,0),(121,621,0,0,0,0,0,0,0),(121,965,0,0,0,0,0,0,0),(122,766,0,0,0,0,0,0,0),(122,767,1,1,0,0,0,0,0),(122,768,0,0,0,0,0,0,0),(122,771,1,0,0,0,0,0,0),(122,777,0,0,0,0,0,0,0),(122,785,0,0,1,0,0,0,0),(122,788,0,1,0,0,0,0,0),(122,789,1,0,0,0,0,0,0),(122,794,0,0,0,0,0,0,0),(122,874,0,0,1,0,0,0,0),(122,876,0,0,0,0,0,0,0),(122,877,0,0,0,0,0,0,0),(122,881,0,0,0,0,0,0,0),(122,882,1,0,0,0,0,0,0),(122,884,0,0,0,0,0,0,0),(122,888,0,0,0,0,0,0,0),(122,889,0,0,1,0,0,0,0),(122,890,0,0,0,0,0,0,0),(122,891,0,0,0,0,0,0,0),(122,892,0,0,0,0,0,0,0),(122,893,0,0,0,0,0,0,0),(122,966,0,0,1,0,0,0,0),(122,967,0,0,0,0,0,0,0),(122,968,1,0,0,0,0,0,0),(123,450,0,0,0,0,0,0,0),(123,451,0,0,0,0,0,0,0),(123,453,0,0,0,0,0,0,0),(123,455,0,0,0,0,0,0,0),(123,456,1,0,0,0,0,0,0),(123,460,0,0,0,0,0,0,0),(123,462,0,0,0,0,0,0,0),(123,465,0,0,0,0,0,0,0),(123,466,0,0,0,0,0,0,0),(123,470,0,0,0,0,0,0,0),(123,847,0,0,0,0,0,0,0),(123,849,0,0,0,0,0,0,0),(123,850,0,0,0,0,0,0,0),(123,853,0,0,0,0,0,0,0),(123,855,0,0,0,0,0,0,0),(123,856,0,0,0,0,0,0,0),(123,858,0,0,0,0,0,0,0),(123,859,0,0,0,0,0,0,0),(123,862,0,0,1,0,0,0,0),(123,865,0,0,0,0,0,0,0),(123,867,0,0,0,0,0,0,0),(123,869,0,0,0,0,0,0,0),(123,870,0,0,0,0,0,0,0),(123,969,0,0,0,0,0,0,0),(124,519,0,0,0,0,0,0,0),(124,520,0,0,0,0,0,0,0),(124,521,0,0,0,0,0,0,0),(124,522,0,0,0,0,0,0,0),(124,524,2,0,0,0,0,0,0),(124,527,0,0,0,0,0,0,0),(124,529,1,0,0,0,0,0,0),(124,535,0,0,0,0,0,0,0),(124,536,2,0,0,0,0,0,0),(124,538,1,0,0,0,0,0,0),(124,739,0,0,1,0,0,0,0),(124,740,0,0,0,0,0,0,0),(124,741,0,0,0,0,0,0,0),(124,743,0,0,0,0,0,0,0),(124,746,0,0,0,0,0,0,0),(124,748,0,0,0,0,0,0,0),(124,750,0,0,0,0,0,0,0),(124,751,0,0,0,0,0,0,0),(124,757,0,0,0,0,0,0,0),(124,758,0,0,0,0,0,0,0),(125,405,0,0,0,0,0,0,0),(125,409,1,0,0,0,0,0,0),(125,411,0,0,0,0,0,0,0),(125,413,0,0,0,0,0,0,0),(125,414,0,0,0,0,0,0,0),(125,415,0,0,0,0,0,0,0),(125,416,1,0,0,0,0,0,0),(125,418,0,0,0,0,0,0,0),(125,423,0,0,1,0,0,0,0),(125,425,1,0,0,0,0,0,0),(126,292,1,0,0,0,0,0,0),(126,662,0,0,0,0,0,0,0),(126,663,0,0,0,0,0,0,0),(126,667,0,0,0,0,0,0,0),(126,668,0,0,0,0,0,0,0),(126,670,0,0,0,0,0,0,0),(126,671,0,0,0,0,0,0,0),(126,672,0,0,0,0,0,0,0),(126,674,0,0,0,0,0,0,0),(126,675,0,0,0,0,0,0,0),(126,677,1,0,0,0,0,0,0),(126,678,0,0,0,0,0,0,0),(126,679,0,0,0,0,0,0,0),(126,683,1,0,0,0,0,0,0),(126,895,0,0,0,0,0,0,0),(126,899,1,0,1,0,0,0,0),(126,901,0,0,0,0,0,0,0),(126,904,1,0,0,0,0,0,0),(126,908,0,0,0,0,0,0,0),(126,910,0,0,0,0,0,0,0),(126,970,0,0,0,0,0,0,0),(126,971,0,0,0,0,0,0,0),(126,972,0,0,0,0,0,0,0),(126,973,0,0,0,0,0,0,0),(126,974,1,0,0,0,0,0,0),(127,495,0,0,0,0,0,0,0),(127,497,0,0,0,0,0,0,0),(127,498,0,0,0,0,0,0,0),(127,501,1,0,0,0,0,0,0),(127,506,0,0,0,0,0,0,0),(127,507,0,0,0,0,0,0,0),(127,511,0,0,0,0,0,0,0),(127,512,0,0,0,0,0,0,0),(127,513,0,0,0,0,0,0,0),(127,516,0,0,0,0,0,0,0),(127,691,0,0,0,0,0,0,0),(127,692,0,0,0,0,0,0,0),(127,693,0,3,0,0,0,0,0),(127,694,0,0,0,0,0,0,0),(127,695,2,0,0,0,0,0,0),(127,698,0,0,0,0,0,0,0),(127,700,0,0,0,0,0,0,0),(127,701,1,0,0,0,0,0,0),(127,703,0,0,1,0,0,0,0),(127,708,0,0,0,0,0,0,0),(127,710,0,0,0,0,0,0,0),(127,975,2,0,0,0,0,0,0),(128,624,0,0,0,0,0,0,0),(128,626,1,0,0,0,0,0,0),(128,637,1,0,0,0,0,0,0),(128,640,0,0,0,0,0,0,0),(128,642,0,0,0,0,0,0,0),(128,643,0,1,0,0,0,0,0),(128,649,2,1,0,0,0,0,0),(128,653,2,0,0,0,0,0,0),(128,656,0,2,0,0,0,0,0),(128,659,0,0,0,0,0,0,0),(128,660,0,1,0,0,0,0,0),(128,796,0,1,0,0,0,0,0),(128,797,2,0,0,0,0,0,0),(128,798,1,0,0,0,0,0,0),(128,801,0,1,0,0,0,0,0),(128,806,0,0,0,0,0,0,0),(128,807,0,1,0,0,0,0,0),(128,808,0,0,0,0,0,0,0),(128,809,0,0,0,0,0,0,0),(128,810,0,0,0,0,0,0,0),(128,816,0,0,0,0,0,0,0),(128,817,0,0,0,0,0,0,0),(128,976,0,0,0,0,0,0,0),(128,977,0,0,0,0,0,0,0),(128,978,0,0,0,0,0,0,0),(128,979,0,0,0,0,0,0,0),(129,579,0,0,0,0,0,0,0),(129,580,0,0,0,0,0,0,1),(129,581,0,0,0,0,0,0,0),(129,585,0,0,0,0,0,0,0),(129,588,1,0,0,0,0,0,0),(129,589,1,0,0,0,0,0,0),(129,590,2,0,0,0,0,0,0),(129,591,1,0,0,0,0,0,0),(129,593,0,0,0,0,1,0,0),(129,594,0,0,1,0,0,1,0),(129,595,0,0,0,0,0,0,0),(129,597,0,0,0,0,0,0,0),(129,598,0,0,0,0,0,0,0),(129,821,1,0,0,0,0,0,0),(129,824,0,0,0,0,0,0,0),(129,830,1,0,0,0,0,0,0),(129,836,0,0,0,0,0,0,0),(129,837,0,0,0,0,0,0,0),(129,839,0,0,0,0,0,0,0),(129,840,0,0,0,0,0,0,0),(129,841,0,0,0,0,0,0,0),(129,843,0,0,1,0,0,0,0),(130,472,0,0,0,0,0,0,0),(130,473,1,0,0,0,0,0,0),(130,475,0,0,0,0,0,0,0),(130,476,0,0,0,0,0,0,0),(130,479,0,0,1,0,0,0,0),(130,480,0,0,0,0,0,0,0),(130,483,0,0,0,0,0,0,0),(130,484,0,0,0,0,0,0,0),(130,488,0,0,0,0,0,0,0),(130,492,0,0,1,0,0,0,0),(130,578,0,0,1,0,0,0,0),(130,579,0,0,0,0,0,0,0),(130,580,0,0,0,0,0,0,0),(130,581,0,0,1,0,0,0,0),(130,585,0,0,0,0,0,0,0),(130,590,0,0,0,0,0,0,0),(130,591,1,0,0,0,0,0,0),(130,592,1,0,0,0,0,0,0),(130,593,0,0,0,0,1,0,0),(130,594,0,0,0,0,0,0,0),(130,595,0,0,0,0,0,0,0),(130,597,0,0,0,0,0,0,0),(130,598,0,0,0,0,0,0,0),(131,797,3,0,0,0,0,0,0),(131,807,0,2,0,0,0,0,0),(131,808,0,0,0,0,0,0,0),(131,816,0,0,0,0,0,0,0),(131,821,1,0,0,0,0,0,0),(131,824,0,0,0,0,0,0,0),(131,825,2,0,0,0,0,0,0),(131,830,1,0,0,0,0,0,0),(131,836,1,0,0,0,0,0,0),(131,837,2,0,0,0,0,0,0),(131,838,0,0,0,0,0,0,0),(131,839,4,0,0,0,0,0,0),(131,841,0,0,0,0,0,0,0),(131,843,0,0,0,0,0,0,0),(131,977,0,0,0,0,0,0,0),(131,978,0,0,0,0,0,0,0),(131,979,0,0,0,0,0,0,0),(131,980,0,0,0,0,0,0,0),(131,981,0,1,0,0,0,0,0),(132,496,0,0,0,0,0,0,0),(132,498,1,0,0,0,0,0,0),(132,499,5,0,0,0,0,0,0),(132,500,0,0,0,0,0,0,0),(132,501,2,0,0,0,0,0,0),(132,502,2,0,0,0,0,0,0),(132,507,0,0,0,0,0,0,0),(132,509,2,0,0,0,0,0,0),(132,511,1,0,0,0,0,0,0),(132,512,0,0,0,0,1,0,0),(132,513,2,0,0,0,0,0,0),(132,516,0,0,0,0,0,0,0),(132,517,0,0,0,0,0,0,0),(132,626,1,0,0,0,0,0,0),(132,635,0,0,0,0,0,0,0),(132,637,0,0,0,0,0,0,0),(132,640,0,1,0,0,0,0,0),(132,653,0,0,0,0,0,0,0),(132,656,1,1,0,0,0,0,0),(132,658,0,0,0,0,0,0,0),(133,674,0,0,0,0,0,0,0),(133,689,0,0,0,0,0,0,0),(133,691,0,0,0,0,0,0,0),(133,692,0,0,0,0,0,0,0),(133,693,0,0,0,0,0,0,0),(133,695,1,0,0,0,0,0,0),(133,697,1,0,0,0,0,0,0),(133,700,0,0,0,0,0,0,0),(133,703,4,0,0,0,0,0,0),(133,706,2,0,0,0,0,0,0),(133,708,2,0,0,0,0,0,0),(133,899,1,0,0,0,0,0,0),(133,901,0,0,0,0,0,0,0),(133,904,0,0,0,0,0,0,0),(133,910,0,0,0,0,0,0,0),(133,971,0,0,1,0,0,0,0),(133,974,0,0,0,0,0,0,0),(133,975,1,0,0,0,0,0,0),(133,982,0,0,0,0,0,0,0),(133,983,0,0,0,0,0,0,0),(134,662,2,0,0,0,0,0,0),(134,663,0,0,0,0,0,0,0),(134,668,0,0,0,0,0,0,0),(134,670,0,0,0,0,0,0,0),(134,672,2,0,0,0,0,0,0),(134,675,0,0,0,0,0,0,0),(134,678,0,0,0,0,0,0,0),(134,684,0,0,0,0,0,0,0),(134,685,0,0,0,0,0,0,0),(135,403,0,0,0,0,0,0,0),(135,404,0,0,0,0,0,0,0),(135,410,0,0,0,0,0,0,0),(135,411,1,0,0,0,0,0,0),(135,412,0,0,0,0,0,0,0),(135,413,0,0,0,0,0,0,0),(135,415,0,0,0,0,0,0,0),(135,416,3,0,0,0,0,0,0),(135,417,0,0,0,0,0,0,0),(135,419,0,0,0,0,0,0,0),(135,423,0,0,0,0,0,0,0),(135,425,1,0,0,0,0,0,0),(135,519,0,0,0,0,0,0,0),(135,521,0,0,0,0,0,0,0),(135,523,0,0,0,0,0,0,0),(135,524,2,0,0,0,0,0,0),(135,525,0,0,0,0,0,0,0),(135,527,0,0,0,0,0,0,0),(135,528,0,0,0,0,0,0,0),(135,529,2,0,0,0,0,0,0),(135,534,0,0,0,0,0,0,0),(135,536,0,0,0,0,0,0,0),(135,537,0,0,0,0,0,0,0),(135,538,0,0,0,0,0,0,0),(136,449,1,0,0,0,0,0,0),(136,450,0,0,0,0,0,0,0),(136,451,0,0,0,0,0,0,0),(136,453,0,0,0,0,0,0,0),(136,456,0,0,1,0,0,0,0),(136,457,0,0,0,0,0,0,0),(136,462,1,0,0,0,0,0,0),(136,463,0,0,0,0,0,0,0),(136,465,0,0,0,0,0,0,0),(136,471,0,0,0,0,0,0,0),(136,736,0,0,0,0,0,0,0),(136,741,0,0,0,0,0,0,0),(136,743,2,1,0,0,1,0,0),(136,746,0,0,0,0,0,0,0),(136,748,0,1,0,0,0,0,0),(136,749,1,0,0,0,0,0,0),(136,750,0,0,0,0,0,0,0),(136,751,0,1,0,0,0,0,0),(136,752,0,0,0,0,0,0,0),(136,755,1,0,0,0,0,0,0),(136,758,0,0,0,0,0,0,0),(136,984,0,0,0,0,0,0,0),(136,985,0,0,0,0,0,0,0),(137,767,0,0,0,0,1,0,0),(137,768,2,0,0,0,0,0,0),(137,771,0,0,0,0,0,0,0),(137,777,0,0,0,0,0,0,0),(137,781,0,0,0,0,0,0,0),(137,788,0,0,0,0,0,0,0),(137,790,1,0,1,0,0,0,0),(137,794,0,0,0,0,0,0,0),(137,847,0,0,0,0,0,0,0),(137,852,0,0,0,0,0,0,0),(137,855,1,0,0,0,0,0,0),(137,860,0,0,0,0,0,0,0),(137,862,0,0,0,0,0,0,0),(137,865,2,0,0,0,0,0,0),(137,867,0,0,0,0,0,0,0),(137,870,0,0,0,0,0,0,0),(138,603,0,0,0,0,0,0,0),(138,604,0,0,0,0,0,0,0),(138,605,0,2,0,0,0,0,0),(138,606,0,0,0,0,0,0,0),(138,607,0,1,0,0,0,0,0),(138,608,0,0,0,0,0,0,0),(138,611,2,1,0,0,0,0,0),(138,612,2,0,0,0,0,0,0),(138,614,0,0,0,0,0,0,0),(138,619,0,0,0,0,0,0,0),(138,620,0,0,0,0,0,0,0),(138,874,0,0,0,0,0,0,0),(138,876,1,0,0,0,0,0,0),(138,879,0,0,0,0,0,0,0),(138,880,0,0,0,0,0,0,0),(138,882,1,0,0,0,0,0,0),(138,885,0,0,0,0,0,0,0),(138,887,0,0,0,0,0,0,0),(138,888,0,0,0,0,0,0,0),(138,892,0,0,0,0,0,0,0),(138,893,0,0,0,0,0,0,0),(138,966,0,0,0,0,0,0,0),(138,967,0,0,0,0,0,0,0),(138,968,0,0,0,0,0,0,0),(138,986,0,0,0,0,0,0,0),(139,427,0,0,0,0,0,0,0),(139,429,1,0,0,0,0,0,0),(139,430,0,0,0,0,0,0,0),(139,433,2,0,1,0,0,0,0),(139,434,0,0,0,0,0,0,0),(139,436,0,0,0,0,0,0,0),(139,439,0,0,0,0,0,0,0),(139,440,0,0,1,0,0,0,0),(139,442,0,0,1,0,0,0,0),(139,543,2,0,1,0,0,0,0),(139,544,0,0,0,0,0,0,0),(139,545,0,0,0,0,0,0,0),(139,549,0,0,0,0,0,0,0),(139,552,0,0,0,0,0,0,0),(139,557,1,0,0,0,0,0,0),(139,558,0,0,0,0,0,0,0),(139,559,0,0,0,0,0,0,0),(139,560,0,0,0,0,0,0,0),(139,563,0,0,0,0,0,0,0),(139,564,0,0,1,0,0,0,0),(139,568,0,0,0,0,0,0,0),(139,575,0,0,0,0,0,0,0),(140,472,0,0,0,0,0,0,0),(140,475,0,0,1,0,0,0,0),(140,479,0,0,1,0,0,0,0),(140,480,1,0,0,0,0,0,0),(140,483,0,0,0,0,0,0,0),(140,484,0,0,0,0,0,0,0),(140,486,0,0,0,0,0,0,0),(140,487,1,0,0,0,0,0,0),(140,488,0,0,0,0,0,0,0),(140,493,0,0,1,0,0,0,0),(140,494,0,0,0,0,0,0,0),(140,543,0,0,0,0,0,0,0),(140,545,1,0,1,0,0,0,0),(140,547,0,0,0,0,0,0,0),(140,549,1,0,0,0,0,0,0),(140,552,0,0,0,0,0,0,0),(140,557,0,0,0,0,0,0,0),(140,558,0,0,0,0,0,0,0),(140,559,0,0,1,0,0,0,0),(140,560,0,0,0,0,0,0,0),(140,564,0,0,0,0,0,0,0),(140,566,0,0,0,0,0,0,0),(140,568,0,0,0,0,0,0,0),(140,574,0,0,0,0,0,0,0),(140,575,0,0,0,0,0,0,0),(141,427,0,0,0,0,0,0,0),(141,428,0,0,0,0,0,0,0),(141,430,0,0,0,0,0,0,0),(141,433,1,0,0,0,0,0,0),(141,439,0,0,0,0,0,0,0),(141,442,0,0,0,0,0,0,0),(141,443,0,0,0,0,0,0,0),(141,444,5,0,1,0,0,0,0),(141,446,0,0,0,0,0,0,0),(141,874,0,0,0,0,0,0,0),(141,876,1,0,0,0,0,0,0),(141,877,0,0,0,0,0,0,0),(141,880,1,0,0,0,0,0,0),(141,881,0,0,0,0,0,0,0),(141,884,0,0,0,0,0,0,0),(141,888,0,0,0,0,0,0,0),(141,892,0,0,0,0,0,0,0),(141,893,0,0,0,0,0,0,0),(141,966,0,0,1,0,0,0,0),(141,967,0,0,1,0,0,0,0),(141,968,2,0,1,0,0,0,0),(141,986,0,0,0,0,0,0,0),(142,603,1,0,1,0,0,0,0),(142,604,0,1,0,0,0,0,0),(142,605,1,1,0,0,0,0,0),(142,606,0,0,0,0,0,0,0),(142,607,1,0,0,0,0,0,0),(142,608,0,0,0,0,0,0,0),(142,611,0,0,0,0,0,0,0),(142,612,0,1,0,0,0,0,0),(142,616,0,0,0,0,0,0,0),(142,619,0,0,0,0,0,0,0),(142,847,0,0,0,0,0,0,0),(142,848,0,0,0,0,0,0,0),(142,849,0,0,0,0,0,0,0),(142,850,0,0,0,0,0,0,0),(142,852,0,0,0,0,0,0,0),(142,853,0,0,0,0,0,0,0),(142,855,0,0,0,0,0,0,0),(142,856,0,0,0,0,0,0,0),(142,859,0,0,0,0,0,0,0),(142,862,0,0,0,0,0,0,0),(142,863,0,0,0,0,0,0,0),(142,865,0,0,0,0,0,0,0),(142,867,0,0,0,0,0,0,0),(142,870,0,0,0,0,0,0,0),(142,969,0,0,0,0,0,0,0),(142,987,0,0,0,0,0,0,0),(143,739,1,1,0,0,0,0,0),(143,740,0,0,0,0,0,0,0),(143,742,0,0,0,0,0,0,0),(143,743,1,0,0,0,0,0,0),(143,746,0,0,0,0,0,0,0),(143,748,0,0,0,0,0,0,0),(143,749,0,0,0,0,0,0,0),(143,750,0,0,0,0,0,0,0),(143,751,0,0,0,0,0,0,0),(143,752,0,0,0,0,0,0,0),(143,754,0,0,0,0,0,0,0),(143,755,1,0,0,0,0,0,0),(143,757,0,1,0,0,0,0,0),(143,758,0,1,0,0,0,0,0),(143,759,0,0,0,0,0,0,0),(143,768,0,0,0,0,0,0,0),(143,770,0,0,0,0,0,0,0),(143,771,0,0,0,0,0,0,0),(143,777,0,0,0,0,0,0,0),(143,781,0,0,0,0,0,0,0),(143,790,0,0,0,0,0,0,0),(143,794,0,0,0,0,0,0,0),(143,988,0,0,0,0,0,0,0),(143,989,0,0,0,0,0,0,0),(144,403,0,0,0,0,0,0,0),(144,408,1,0,0,0,0,0,0),(144,409,0,0,0,0,0,0,0),(144,412,0,0,0,0,0,0,0),(144,413,0,0,0,0,0,0,0),(144,416,0,1,0,0,0,0,0),(144,417,0,0,0,0,0,0,0),(144,420,0,0,0,0,0,0,0),(144,423,0,0,0,0,0,0,0),(144,424,0,0,0,0,0,0,0),(144,425,0,0,0,0,0,0,0),(144,426,0,0,0,0,0,0,0),(144,449,1,0,0,0,0,0,0),(144,450,0,0,0,0,0,0,0),(144,451,0,0,0,0,0,0,0),(144,453,0,0,0,0,0,0,0),(144,455,0,0,0,0,0,0,0),(144,456,1,0,0,0,0,0,0),(144,461,0,0,0,0,0,0,0),(144,462,0,0,0,0,0,0,0),(144,465,1,0,0,0,0,0,0),(144,466,0,0,0,0,0,0,0),(144,467,0,0,0,0,0,0,0),(145,292,1,0,0,0,0,0,0),(145,521,0,0,0,0,0,0,0),(145,522,0,0,0,0,0,0,0),(145,524,0,0,0,0,0,0,0),(145,525,0,0,0,0,0,0,0),(145,527,0,0,0,0,0,0,0),(145,529,0,0,0,0,0,0,0),(145,536,0,0,0,0,0,0,0),(145,537,1,0,0,0,0,0,0),(145,538,1,0,0,0,0,0,0),(145,662,0,0,0,0,0,0,0),(145,663,0,0,0,0,0,0,0),(145,665,0,0,0,0,0,0,0),(145,667,0,0,0,0,0,0,0),(145,668,1,0,0,0,0,0,0),(145,670,0,0,0,0,0,0,0),(145,673,0,0,0,0,0,0,0),(145,675,0,0,0,0,0,0,0),(145,677,0,0,0,0,0,0,0),(145,678,0,0,0,0,0,0,0),(145,679,0,0,0,0,0,0,0),(145,683,1,0,0,0,0,0,0),(146,689,0,0,0,0,0,0,0),(146,691,0,0,0,0,0,0,0),(146,693,0,2,0,0,0,0,0),(146,695,0,0,0,0,0,0,0),(146,697,0,0,0,0,0,0,0),(146,700,0,0,0,0,0,0,0),(146,701,0,0,0,0,0,0,0),(146,702,0,0,0,0,0,0,0),(146,703,1,0,0,0,0,0,0),(146,704,0,0,0,0,0,0,0),(146,706,2,0,0,0,0,0,0),(146,708,0,0,0,0,0,0,0),(146,975,1,0,0,0,0,0,0),(146,983,0,0,0,0,0,0,0),(147,623,0,0,0,0,0,0,0),(147,625,0,0,0,0,0,0,0),(147,633,0,0,0,0,0,0,0),(147,635,0,1,0,0,0,0,0),(147,638,1,0,0,0,0,0,0),(147,640,0,1,0,0,0,0,0),(147,648,0,0,0,0,0,0,0),(147,650,0,0,0,0,0,0,0),(147,653,1,0,0,0,1,0,0),(147,659,0,0,0,0,0,0,0),(147,660,0,0,0,0,0,0,0),(147,674,0,0,0,0,0,0,0),(147,820,0,0,0,0,0,0,0),(147,895,0,0,0,0,0,0,0),(147,897,0,0,0,0,0,0,0),(147,910,0,0,0,0,0,0,0),(147,971,1,0,0,0,0,0,0),(147,974,1,0,0,0,0,0,0),(147,982,0,0,0,0,0,0,0),(148,496,0,0,0,0,0,0,0),(148,499,2,0,0,0,0,0,0),(148,500,0,0,0,0,0,0,0),(148,501,0,0,0,0,0,0,0),(148,502,0,0,0,0,0,0,0),(148,507,0,0,0,0,0,0,0),(148,509,0,0,0,0,0,0,0),(148,512,0,0,0,0,0,0,0),(148,513,0,1,0,0,0,0,0),(148,516,0,0,0,0,0,0,0),(148,517,0,0,0,0,0,0,0),(148,821,0,0,0,0,0,0,0),(148,822,0,0,1,0,0,0,0),(148,823,0,0,0,0,0,0,0),(148,824,0,0,0,0,0,0,1),(148,825,0,0,0,0,0,0,0),(148,830,0,0,0,0,0,0,0),(148,835,0,0,0,0,0,0,0),(148,836,0,0,0,0,0,0,0),(148,839,0,0,0,0,0,0,0),(148,840,0,0,0,0,0,0,0),(148,841,0,0,0,0,0,0,0),(148,843,0,0,0,0,0,0,0),(149,579,0,0,0,0,0,0,0),(149,580,0,0,0,0,0,0,0),(149,581,0,0,0,0,1,0,0),(149,583,0,0,0,0,0,0,0),(149,584,0,0,0,0,0,0,0),(149,588,2,0,0,0,0,0,0),(149,589,0,0,0,0,0,0,0),(149,591,0,0,0,0,0,0,0),(149,592,1,0,0,0,0,0,0),(149,593,1,0,0,0,0,0,0),(149,594,0,0,0,0,0,0,0),(149,595,0,0,0,0,0,0,0),(149,596,0,0,0,0,0,0,0),(149,598,0,0,0,0,0,0,0),(149,797,1,1,0,0,0,0,0),(149,805,1,1,0,0,0,0,0),(149,813,0,0,0,0,0,0,0),(149,814,0,0,0,0,0,0,0),(149,816,0,0,1,0,0,0,0),(149,818,0,0,0,0,0,0,0),(149,977,0,0,0,0,0,0,0),(149,979,0,0,0,0,0,0,0),(149,980,0,0,0,0,0,0,0),(149,981,0,0,1,0,0,0,0),(149,990,1,0,0,0,0,0,0),(150,472,0,0,0,0,0,0,0),(150,475,0,0,0,0,0,0,0),(150,479,0,0,0,0,0,0,0),(150,480,3,0,0,0,0,1,0),(150,483,0,0,0,0,0,0,0),(150,484,0,0,0,0,0,0,0),(150,486,0,0,0,0,0,0,0),(150,487,1,0,0,0,0,0,0),(150,488,2,0,0,0,0,0,0),(150,490,0,0,0,0,0,0,0),(150,493,0,0,0,0,0,0,0),(150,797,2,0,0,0,1,0,0),(150,805,0,0,0,0,0,0,0),(150,807,0,1,0,0,0,0,0),(150,808,0,0,0,0,0,0,0),(150,810,0,1,0,0,0,0,0),(150,814,0,0,0,0,0,0,0),(150,816,0,0,0,0,0,0,0),(150,817,0,0,0,0,0,0,0),(150,977,0,0,0,0,0,0,0),(150,978,0,0,0,0,0,0,0),(150,979,0,0,0,0,0,0,0),(151,495,1,0,0,0,0,0,0),(151,497,0,0,0,0,0,0,0),(151,499,1,0,0,0,0,0,0),(151,501,0,0,0,0,0,0,0),(151,509,0,0,0,0,0,0,0),(151,512,0,0,0,0,0,0,0),(151,517,0,0,0,0,0,0,0),(151,518,1,0,0,0,0,0,0),(151,577,0,0,0,0,0,0,0),(151,578,0,0,1,0,0,0,0),(151,579,0,0,0,0,0,0,0),(151,580,0,0,0,0,0,0,0),(151,581,0,0,1,0,0,0,0),(151,584,0,0,0,0,0,0,0),(151,585,0,0,0,0,0,0,0),(151,588,0,0,0,0,0,0,0),(151,589,0,0,0,0,0,0,0),(151,590,0,0,0,0,0,0,0),(151,591,0,0,0,0,0,0,0),(151,593,2,0,0,0,0,0,0),(151,594,0,0,0,0,0,0,0),(151,595,0,0,0,0,0,0,0),(151,596,0,0,0,0,0,0,0),(151,597,0,0,0,0,0,0,0),(151,598,0,0,0,0,0,0,0),(151,991,0,0,0,0,0,0,0),(152,640,1,0,0,0,0,0,0),(152,642,0,0,0,0,0,0,0),(152,643,1,0,0,0,0,0,0),(152,649,0,2,0,0,0,0,0),(152,654,0,0,0,0,0,0,0),(152,659,1,0,0,0,0,0,0),(152,660,0,0,0,0,0,0,0),(152,992,0,1,0,0,0,0,0),(153,522,0,0,0,0,0,0,0),(153,523,0,0,0,0,0,0,0),(153,524,1,0,0,0,0,0,0),(153,525,0,0,0,0,0,0,0),(153,526,2,0,0,0,0,0,0),(153,527,0,0,0,0,0,0,0),(153,528,1,0,0,0,0,0,0),(153,529,0,0,0,0,0,0,0),(153,535,0,0,0,0,0,0,0),(153,536,1,0,0,0,0,0,0),(153,538,0,0,0,0,0,0,0),(153,689,0,0,0,0,0,0,0),(153,691,0,0,0,0,0,0,0),(153,692,0,0,0,0,0,0,0),(153,693,0,0,0,0,0,0,0),(153,694,0,0,1,0,0,0,0),(153,695,1,0,0,0,0,0,0),(153,697,0,0,0,0,0,0,0),(153,698,0,0,0,0,0,0,0),(153,703,0,0,0,0,0,0,0),(153,708,2,0,0,0,0,0,0),(153,975,1,0,0,0,0,0,0),(153,983,0,0,0,0,0,0,0),(154,449,2,0,0,0,0,0,0),(154,450,0,0,0,0,0,0,0),(154,451,0,0,0,0,0,0,0),(154,453,0,0,0,0,0,0,0),(154,455,0,0,0,0,0,0,0),(154,456,0,0,0,0,0,0,0),(154,460,0,0,0,0,0,0,0),(154,465,0,0,0,0,0,0,0),(154,466,0,0,0,0,0,0,0),(154,662,0,0,1,0,0,0,0),(154,663,0,0,0,0,0,0,0),(154,665,0,0,0,0,0,0,0),(154,667,0,0,0,0,0,0,0),(154,670,0,0,0,0,0,0,0),(154,671,0,0,0,0,0,0,0),(154,672,0,0,0,0,0,0,0),(154,673,0,0,0,0,0,0,0),(154,675,0,0,0,0,0,0,0),(154,678,0,0,0,0,0,0,0),(154,679,1,0,0,0,0,0,0),(154,984,1,0,0,0,0,0,0),(155,403,1,0,0,0,0,0,0),(155,409,6,0,1,0,0,0,0),(155,412,0,0,0,0,0,0,0),(155,413,1,0,0,0,0,0,0),(155,414,0,0,0,0,0,0,0),(155,416,1,0,0,0,0,0,0),(155,419,0,0,0,0,0,0,0),(155,420,0,0,0,0,0,0,0),(155,425,0,0,0,0,0,0,0),(155,766,0,0,0,0,0,0,0),(155,767,1,0,0,0,0,0,0),(155,768,0,0,0,0,0,0,0),(155,771,0,0,0,0,0,0,0),(155,772,1,0,0,0,0,0,0),(155,777,0,0,0,0,0,0,0),(155,781,1,0,0,0,0,0,0),(155,788,0,0,0,0,0,0,0),(155,794,0,0,0,0,0,0,0),(156,602,3,0,0,0,0,0,0),(156,604,0,0,0,1,0,0,0),(156,605,1,1,0,0,0,0,0),(156,607,0,1,0,0,0,0,0),(156,608,0,0,0,0,0,0,0),(156,612,0,1,0,0,0,0,0),(156,616,0,0,0,0,0,0,0),(156,617,0,0,0,0,0,0,0),(156,619,0,0,0,0,0,0,0),(156,620,0,0,0,0,0,0,0),(156,740,0,0,0,0,0,0,0),(156,742,0,0,0,0,0,0,0),(156,743,0,0,1,0,0,0,0),(156,748,0,0,0,0,0,0,0),(156,749,0,0,0,0,0,0,0),(156,750,0,0,0,0,0,0,0),(156,751,0,0,0,0,0,0,0),(156,754,0,0,0,0,0,0,0),(156,756,0,0,0,0,0,0,0),(156,757,0,0,0,0,0,0,0),(157,427,0,0,0,0,0,0,0),(157,428,0,0,0,0,0,0,0),(157,430,0,0,0,0,0,0,0),(157,433,5,0,0,0,0,0,0),(157,436,0,0,0,0,0,0,0),(157,439,1,0,1,0,0,0,0),(157,440,1,0,0,0,0,0,0),(157,442,0,0,0,0,0,0,0),(157,444,3,0,0,0,2,0,0),(157,446,0,0,0,0,0,0,0),(157,847,0,0,0,0,0,0,0),(157,848,0,0,0,1,0,0,0),(157,849,0,0,0,0,0,0,0),(157,852,0,0,0,0,0,0,0),(157,853,0,0,0,0,0,0,0),(157,859,1,0,0,0,0,0,0),(157,862,0,0,2,0,0,0,0),(157,865,0,0,0,0,0,0,0),(157,867,0,0,0,0,0,0,0),(157,969,0,0,0,0,0,0,0),(158,543,0,0,0,0,0,0,0),(158,544,1,0,0,0,0,0,0),(158,545,1,0,0,0,0,0,0),(158,547,0,0,0,0,0,0,0),(158,549,2,0,0,0,0,0,0),(158,552,0,0,0,0,0,0,0),(158,557,3,0,0,0,0,0,0),(158,558,0,0,0,0,0,0,0),(158,564,0,0,0,0,0,0,1),(158,567,0,0,0,0,0,0,0),(158,568,0,0,0,0,0,0,0),(158,569,0,0,0,0,0,0,0),(158,575,1,0,0,0,0,0,0),(158,874,0,0,0,0,0,0,0),(158,876,2,0,0,0,0,0,0),(158,880,0,0,0,0,0,0,0),(158,881,0,0,0,0,0,0,0),(158,884,0,0,0,0,0,0,0),(158,888,0,0,0,0,0,0,0),(158,889,0,0,0,0,0,0,0),(158,893,0,0,0,0,0,0,0),(158,966,0,0,0,0,0,0,0),(158,968,0,0,0,0,0,0,0),(159,472,0,0,0,0,0,0,0),(159,475,0,0,0,0,0,0,0),(159,480,1,0,0,0,0,0,0),(159,481,0,0,0,0,0,0,0),(159,483,0,0,0,0,0,0,0),(159,484,0,0,0,0,0,0,0),(159,486,1,0,0,0,0,0,0),(159,487,1,0,0,0,0,0,0),(159,488,1,0,1,0,0,0,0),(159,492,1,0,0,0,0,0,0),(159,494,0,0,0,0,0,0,0),(159,871,0,0,0,0,0,0,0),(159,874,0,0,0,0,0,0,0),(159,876,0,0,0,0,0,0,0),(159,877,0,0,0,0,0,0,0),(159,879,0,0,0,0,0,0,0),(159,880,0,0,0,0,0,0,0),(159,887,0,0,0,0,0,0,0),(159,888,0,0,0,0,0,0,0),(159,889,0,0,0,0,0,0,0),(159,893,0,0,1,0,0,0,0),(159,966,1,0,0,0,0,0,0),(159,967,0,0,1,0,0,0,0),(159,968,0,0,0,0,0,0,0),(160,543,2,0,0,0,0,0,0),(160,545,1,0,0,0,0,0,0),(160,549,0,0,0,0,0,0,0),(160,552,0,0,0,0,0,0,0),(160,557,0,0,0,0,0,0,0),(160,558,0,0,0,0,0,0,0),(160,559,0,0,0,0,0,0,0),(160,560,0,0,0,0,0,0,0),(160,564,0,0,0,0,0,0,0),(160,568,0,0,0,0,0,0,0),(160,847,0,0,0,0,0,0,0),(160,849,0,0,0,0,0,0,0),(160,852,0,0,0,0,0,0,0),(160,853,0,0,0,0,0,0,0),(160,855,0,0,0,0,0,0,0),(160,858,1,0,0,0,0,0,0),(160,867,0,0,0,0,0,0,0),(160,870,0,0,0,0,0,0,0),(161,427,0,0,0,0,0,0,0),(161,428,0,0,0,0,0,0,0),(161,429,0,0,0,0,0,0,0),(161,433,1,0,0,0,0,0,0),(161,436,4,0,0,0,0,0,0),(161,437,2,0,0,0,0,0,0),(161,439,0,0,0,0,0,0,0),(161,440,2,0,0,0,0,0,0),(161,442,0,0,0,0,0,0,0),(161,444,2,0,0,0,0,0,0),(161,739,0,0,0,0,0,0,0),(161,742,0,0,0,0,0,0,0),(161,743,0,0,0,0,0,0,0),(161,750,0,0,0,0,0,0,0),(161,751,0,0,0,0,0,0,0),(161,756,0,0,0,0,0,0,0),(162,403,0,0,0,0,0,0,0),(162,404,0,0,0,0,0,0,0),(162,409,3,0,0,0,0,1,0),(162,410,0,0,1,0,0,0,0),(162,412,0,0,0,0,0,0,0),(162,414,0,0,0,0,0,0,0),(162,415,0,0,0,0,0,0,0),(162,416,1,0,0,0,0,0,0),(162,419,0,0,1,0,0,0,0),(162,423,0,0,0,0,0,0,0),(162,425,2,0,0,0,0,0,0),(162,604,0,0,1,0,0,0,0),(162,605,0,0,1,0,0,0,0),(162,606,0,0,0,0,0,0,0),(162,607,0,0,0,0,0,0,0),(162,608,0,0,0,0,0,0,0),(162,611,0,0,0,0,0,0,0),(162,619,0,0,1,0,0,0,0),(162,965,0,0,0,0,0,0,0),(162,993,0,0,1,0,0,0,0),(163,663,1,0,1,0,0,0,0),(163,667,0,0,0,0,0,0,0),(163,668,0,0,1,0,0,0,0),(163,670,1,0,0,0,0,0,0),(163,671,0,0,0,0,0,0,0),(163,675,0,0,0,0,0,0,0),(163,676,0,0,0,0,0,0,0),(163,679,0,0,2,0,0,0,0),(163,682,0,0,0,0,0,0,0),(163,763,0,0,0,0,0,0,0),(163,764,0,0,0,0,0,0,0),(163,767,1,0,0,0,0,0,0),(163,769,0,0,0,0,0,0,0),(163,771,0,0,0,0,0,0,0),(163,775,1,0,0,0,0,0,0),(163,778,0,0,1,0,0,0,0),(163,782,0,0,0,0,0,0,0),(163,783,0,0,0,0,0,0,0),(163,994,0,0,0,0,0,0,0),(164,449,2,0,0,0,0,0,0),(164,450,0,0,0,0,0,0,0),(164,451,2,0,0,0,0,0,0),(164,453,0,0,0,0,0,0,0),(164,455,0,0,0,0,0,0,0),(164,456,0,0,0,0,0,0,0),(164,460,0,0,0,0,0,0,0),(164,462,0,0,0,0,0,0,0),(164,466,0,0,0,0,0,0,0),(164,691,0,0,0,0,0,0,0),(164,692,0,0,0,0,0,0,0),(164,693,0,1,0,0,0,0,0),(164,694,1,0,2,0,0,0,0),(164,695,0,0,0,0,0,0,0),(164,697,0,0,0,0,0,0,0),(164,698,0,0,0,0,0,0,0),(164,700,0,0,0,0,0,0,0),(164,703,0,0,0,0,0,0,0),(164,708,1,0,0,0,0,0,0),(164,710,0,0,0,0,0,0,0),(164,975,0,0,0,0,0,0,0),(164,983,0,0,0,0,0,0,0),(164,984,0,0,0,0,0,0,0),(165,520,0,0,0,0,0,0,0),(165,521,0,0,0,0,0,0,0),(165,522,1,0,0,0,0,0,0),(165,524,2,0,0,0,0,0,0),(165,526,0,0,0,0,0,0,0),(165,527,1,0,0,0,0,0,0),(165,528,0,0,0,0,0,0,0),(165,531,1,0,0,0,0,0,0),(165,536,1,0,0,0,0,0,0),(165,538,0,0,0,0,0,0,0),(165,625,0,0,0,0,0,0,0),(165,631,0,0,0,0,0,0,0),(165,632,0,0,0,0,0,0,0),(165,635,0,1,0,0,0,0,0),(165,640,2,0,0,0,0,0,0),(165,643,0,0,0,0,0,0,0),(165,649,0,1,0,0,0,0,0),(165,653,1,1,0,0,0,0,0),(165,659,0,0,0,0,0,0,0),(165,660,1,0,0,0,0,0,0),(165,995,0,0,0,0,0,0,0),(166,821,1,0,0,0,0,0,0),(166,822,0,0,0,0,0,0,0),(166,823,1,0,0,0,0,0,0),(166,825,1,0,0,0,0,0,0),(166,830,0,0,0,0,0,0,0),(166,831,0,0,0,0,0,0,0),(166,835,0,0,0,0,0,0,0),(166,836,0,0,0,0,0,0,0),(166,838,0,0,0,0,0,0,0),(166,841,0,0,0,0,0,0,0),(166,843,0,0,0,0,0,0,0),(167,578,1,0,0,0,0,0,0),(167,579,0,0,0,0,0,0,0),(167,580,0,0,0,0,0,0,0),(167,585,0,0,0,0,0,0,0),(167,590,0,0,0,0,0,0,0),(167,591,0,0,0,0,0,0,0),(167,593,0,0,0,0,0,0,0),(167,595,0,0,0,0,0,0,0),(167,597,0,0,0,0,0,0,0),(167,598,0,0,0,0,0,0,0),(167,599,0,0,0,0,0,0,0),(167,820,0,0,0,0,0,0,0),(167,895,0,0,0,0,0,0,0),(167,899,1,0,0,0,0,0,0),(167,900,0,0,0,0,0,0,0),(167,901,0,0,0,0,0,0,0),(167,904,0,0,0,0,0,0,0),(167,907,0,0,0,0,0,0,0),(167,910,0,0,0,0,0,0,0),(167,971,1,0,0,0,0,0,0),(167,972,1,0,0,0,0,0,0),(167,990,0,0,0,0,0,0,0),(168,497,0,0,0,0,0,0,0),(168,498,1,0,0,0,0,0,0),(168,499,2,0,0,0,0,0,0),(168,500,0,0,0,0,0,0,0),(168,501,0,0,0,0,0,0,0),(168,502,0,0,1,0,0,0,0),(168,509,0,0,0,0,0,0,0),(168,511,0,0,0,0,0,0,0),(168,512,0,0,0,0,0,0,0),(168,513,0,0,0,0,0,0,0),(168,797,1,0,0,0,0,0,0),(168,798,0,0,0,0,0,0,0),(168,801,0,0,0,0,0,0,0),(168,806,0,0,0,0,0,0,0),(168,808,0,0,1,0,0,0,0),(168,809,0,0,0,0,0,0,0),(168,810,0,0,0,0,0,0,0),(168,816,0,0,0,0,0,0,0),(168,817,0,0,0,0,0,0,0),(168,976,0,0,0,0,0,0,0),(168,977,0,0,0,0,0,0,0),(168,978,0,1,0,0,0,0,0),(168,979,0,0,0,0,0,0,0),(169,472,0,0,0,0,0,0,0),(169,475,0,0,0,0,0,0,0),(169,479,0,0,0,0,0,0,0),(169,480,0,0,0,0,0,0,0),(169,481,1,0,0,0,0,0,0),(169,483,0,0,0,0,0,0,0),(169,486,0,0,0,0,0,0,0),(169,487,0,0,0,0,0,0,0),(169,488,0,0,0,0,0,0,0),(169,492,0,0,1,0,0,0,0),(169,493,0,0,0,0,0,0,0),(169,496,0,0,0,0,0,0,0),(169,498,0,0,0,0,0,0,0),(169,499,0,0,0,0,0,0,0),(169,501,1,0,0,0,0,0,0),(169,502,0,0,0,0,0,0,0),(169,507,0,0,0,0,0,0,0),(169,509,1,0,0,0,0,0,0),(169,510,0,0,0,0,0,0,0),(169,512,0,0,0,0,0,0,0),(169,513,0,0,0,0,0,0,0),(170,674,1,0,1,0,0,0,0),(170,796,1,2,0,0,0,0,0),(170,797,3,1,0,0,0,0,0),(170,798,0,0,0,0,0,0,0),(170,801,0,0,0,0,0,0,0),(170,810,1,1,0,0,0,0,0),(170,814,0,0,0,0,0,0,0),(170,816,0,0,1,0,0,0,0),(170,818,0,0,0,0,0,0,0),(170,820,0,0,0,0,0,0,0),(170,897,0,0,0,0,0,0,0),(170,899,1,0,0,0,0,0,0),(170,901,0,0,0,0,0,0,0),(170,904,0,0,0,0,0,0,0),(170,907,0,0,0,0,0,0,0),(170,908,0,0,0,0,0,0,0),(170,973,0,0,0,0,0,0,0),(170,978,0,1,0,0,0,0,0),(170,979,0,0,0,0,0,0,0),(170,980,0,0,0,0,0,0,0),(170,982,0,0,0,0,0,0,0),(171,577,0,0,0,0,0,0,0),(171,578,1,0,0,0,0,0,0),(171,579,0,0,0,0,0,0,0),(171,581,0,0,0,0,0,0,0),(171,589,0,0,0,0,0,0,0),(171,590,0,0,0,0,0,0,0),(171,591,0,0,0,0,0,0,0),(171,593,0,0,0,0,0,0,0),(171,594,0,0,0,0,0,0,0),(171,598,0,0,0,0,0,0,0),(172,519,0,0,0,0,0,0,0),(172,520,0,0,0,0,0,0,0),(172,522,0,0,0,0,0,0,0),(172,523,0,0,0,0,0,0,0),(172,524,1,0,0,0,0,0,0),(172,526,0,0,0,0,0,0,0),(172,527,0,0,0,0,0,0,0),(172,529,0,0,0,0,0,0,0),(172,534,0,0,0,0,0,0,0),(172,535,0,0,0,0,0,0,0),(172,536,0,0,0,0,0,0,0),(172,538,2,0,0,0,0,0,0),(172,821,0,0,0,0,0,0,0),(172,823,1,0,0,0,0,0,0),(172,824,0,0,0,0,0,0,0),(172,830,0,0,0,0,0,0,0),(172,834,0,0,0,0,0,0,0),(172,840,0,0,0,0,0,0,0),(172,841,1,0,0,0,0,0,0),(172,843,0,0,0,0,0,0,0),(172,996,0,0,0,0,0,0,0),(173,449,2,0,0,0,0,0,0),(173,450,0,0,0,0,0,0,0),(173,451,0,0,0,0,0,0,0),(173,453,0,0,0,0,0,0,0),(173,455,0,0,0,0,0,0,0),(173,456,0,0,0,0,0,0,0),(173,461,0,0,0,0,0,0,0),(173,462,1,0,0,0,0,0,0),(173,466,0,0,0,0,0,0,0),(173,467,0,0,0,0,0,0,0),(173,622,0,0,0,0,0,0,0),(173,625,0,0,0,0,0,0,0),(173,632,0,0,1,0,0,0,0),(173,635,1,0,0,0,0,0,0),(173,640,1,0,0,0,0,0,0),(173,644,0,0,0,0,0,0,0),(173,647,0,2,0,0,0,0,0),(173,650,2,0,0,0,0,0,0),(173,652,0,2,0,0,0,0,0),(174,691,0,0,0,0,0,0,0),(174,692,0,0,0,0,0,0,0),(174,693,0,2,0,0,0,0,0),(174,697,0,0,0,0,0,0,0),(174,700,0,0,0,0,0,0,0),(174,701,0,0,0,0,0,0,0),(174,703,0,0,0,0,0,0,0),(174,706,1,0,0,0,0,0,0),(174,708,0,0,0,0,0,0,0),(174,710,0,0,0,0,0,0,0),(174,767,0,0,0,0,0,0,0),(174,768,1,0,0,0,0,0,0),(174,770,0,0,0,0,0,0,0),(174,771,0,0,0,0,0,0,0),(174,777,0,0,0,0,0,0,0),(174,781,0,0,0,0,0,0,0),(174,788,0,0,0,0,0,0,0),(174,790,0,0,0,0,0,0,0),(174,975,1,0,0,0,0,0,0),(175,603,0,0,0,0,0,0,0),(175,604,1,0,0,0,0,0,0),(175,607,0,0,0,0,0,0,0),(175,608,1,0,0,0,0,0,0),(175,611,0,0,0,0,0,0,0),(175,612,0,0,1,0,0,0,0),(175,616,0,0,0,0,0,0,0),(175,619,0,0,1,0,0,0,0),(175,620,1,0,0,0,0,0,0),(175,662,0,0,1,0,0,0,0),(175,663,0,0,0,0,0,0,0),(175,665,1,0,2,0,0,0,0),(175,667,0,0,0,0,0,0,0),(175,668,1,0,0,0,0,0,0),(175,670,0,0,1,0,0,0,0),(175,671,0,0,0,0,0,0,0),(175,673,0,0,0,0,0,0,0),(175,676,0,0,0,0,0,0,0),(175,678,0,0,0,0,1,0,0),(175,965,0,0,1,0,0,1,0),(176,403,0,0,0,0,0,0,0),(176,409,1,0,0,0,0,0,0),(176,410,0,0,1,0,0,0,0),(176,411,0,0,0,0,0,0,0),(176,412,0,0,0,0,0,0,0),(176,415,0,0,0,0,0,0,0),(176,416,0,0,0,0,0,0,0),(176,419,0,0,0,0,0,0,0),(176,425,0,0,0,0,0,0,0),(176,427,0,0,0,0,0,0,0),(176,428,0,0,1,0,0,0,0),(176,429,1,0,0,0,0,0,0),(176,430,0,0,0,0,0,0,0),(176,433,1,0,0,0,0,0,0),(176,440,0,0,0,0,0,0,0),(176,442,0,0,0,0,0,0,0),(176,443,0,0,0,0,0,0,0),(176,444,1,0,0,0,0,0,0),(176,446,0,0,0,0,0,0,0),(177,543,0,0,0,0,0,0,0),(177,544,0,0,0,0,0,0,0),(177,545,0,0,0,0,0,0,0),(177,547,0,0,0,0,0,0,0),(177,549,0,0,0,0,0,0,0),(177,552,0,0,0,0,0,0,0),(177,557,1,0,0,0,0,0,0),(177,558,1,0,0,0,0,0,0),(177,560,0,0,0,0,0,0,0),(177,564,0,0,0,0,0,0,0),(177,566,0,0,0,0,0,0,0),(177,568,0,0,0,0,0,0,0),(177,738,0,0,0,0,0,0,0),(177,739,0,0,1,0,0,0,0),(177,740,0,0,0,0,0,0,0),(177,742,0,0,0,0,0,0,0),(177,743,1,0,0,0,0,0,0),(177,746,0,0,0,0,0,0,0),(177,748,0,0,0,0,0,0,1),(177,749,0,0,0,0,0,0,0),(177,751,0,0,0,0,0,0,0),(177,752,0,0,0,0,0,0,0),(177,754,0,0,0,0,0,0,0),(177,757,0,0,0,0,0,0,0),(178,849,2,0,0,0,0,0,0),(178,852,0,0,0,0,0,0,0),(178,853,0,0,0,0,0,0,0),(178,855,0,0,0,0,0,0,0),(178,858,0,0,0,0,0,0,0),(178,861,0,0,0,0,0,0,0),(178,862,0,0,0,0,0,0,0),(178,863,3,0,0,0,0,0,0),(178,867,0,0,0,0,0,0,0),(178,869,1,0,0,0,0,0,0),(178,870,0,0,0,0,0,0,0),(178,876,0,0,0,0,0,0,0),(178,880,0,0,0,0,0,0,0),(178,881,0,0,0,0,0,0,0),(178,882,0,0,0,0,0,0,0),(178,884,0,0,0,0,0,0,0),(178,886,1,0,0,0,0,0,0),(178,887,1,0,0,0,0,0,0),(178,890,0,0,0,0,0,0,0),(178,893,0,0,0,0,0,0,0),(179,472,1,0,0,0,0,0,0),(179,473,0,0,0,0,0,0,0),(179,475,0,0,0,0,0,0,0),(179,479,0,0,1,0,0,0,0),(179,480,3,0,0,0,0,0,0),(179,483,0,0,0,0,0,0,0),(179,484,0,0,0,0,0,0,0),(179,488,1,0,0,0,0,0,0),(179,492,0,0,0,0,0,0,0),(179,494,0,0,0,0,0,0,0),(179,847,0,0,0,0,0,0,0),(179,849,0,0,0,0,0,0,0),(179,852,0,0,0,0,0,0,0),(179,855,2,0,0,0,0,0,0),(179,858,0,0,0,0,0,0,0),(179,862,0,0,0,0,0,0,0),(179,865,0,0,0,0,0,0,0),(179,867,0,0,1,0,0,0,0),(179,969,0,0,0,0,0,0,0),(180,738,0,0,0,0,0,0,0),(180,739,1,0,0,0,0,0,0),(180,740,0,1,0,0,0,0,1),(180,742,0,1,0,0,0,0,0),(180,743,3,1,0,0,0,0,0),(180,746,0,0,0,0,0,0,0),(180,748,0,0,0,0,0,0,0),(180,750,0,0,0,0,0,0,0),(180,751,0,0,0,0,0,0,0),(180,754,0,0,1,0,0,0,0),(180,757,0,0,0,0,0,0,0),(180,759,0,0,0,0,0,0,0),(180,873,0,0,0,0,0,0,0),(180,874,2,0,0,0,0,0,0),(180,876,0,0,0,0,0,0,0),(180,880,0,0,0,0,0,0,0),(180,881,0,0,0,0,0,0,0),(180,884,0,0,0,0,0,0,0),(180,888,0,0,0,0,0,0,0),(180,889,0,0,0,0,0,0,0),(180,893,0,0,1,0,0,0,0),(180,968,1,0,0,0,0,0,0),(181,403,0,0,0,0,0,0,0),(181,405,0,0,0,0,0,0,0),(181,409,5,0,0,0,0,0,0),(181,411,0,0,0,0,0,0,0),(181,412,0,0,0,0,0,0,0),(181,413,0,0,0,0,0,0,0),(181,415,0,0,0,0,0,0,0),(181,416,0,0,0,0,0,0,0),(181,417,0,0,0,0,0,0,0),(181,423,0,0,1,0,0,0,0),(181,425,1,0,0,0,0,0,0),(181,543,0,0,0,0,0,0,0),(181,544,0,0,0,0,0,0,0),(181,545,0,0,1,0,0,0,0),(181,547,0,0,0,0,0,0,0),(181,549,0,0,0,0,0,0,0),(181,552,0,0,0,0,0,0,0),(181,557,0,0,0,0,0,0,0),(181,558,0,0,0,0,0,0,0),(181,559,0,0,0,0,0,0,0),(181,560,0,0,0,0,0,0,0),(181,564,0,0,1,0,0,0,0),(181,566,0,0,0,0,0,0,0),(181,568,0,0,0,0,0,0,0),(181,575,0,0,0,0,0,0,0),(182,427,0,0,0,0,0,0,0),(182,428,0,0,0,0,0,0,0),(182,429,1,0,0,0,0,0,0),(182,430,0,0,0,0,0,0,0),(182,433,0,0,0,0,0,0,0),(182,436,0,0,0,0,0,0,0),(182,439,0,0,0,0,0,0,0),(182,440,2,0,0,0,0,0,0),(182,442,0,0,0,0,0,0,0),(182,446,0,0,0,0,0,0,0),(182,447,0,0,0,0,0,0,0),(182,667,0,0,0,0,0,0,0),(182,668,1,0,1,0,0,0,0),(182,670,0,0,0,0,0,0,0),(182,672,0,0,1,0,0,0,0),(182,673,1,0,0,0,0,0,0),(182,675,0,0,0,0,0,0,0),(182,676,0,0,0,0,0,0,0),(182,678,0,0,0,0,0,0,0),(182,679,0,0,0,0,0,0,0),(182,680,0,0,0,0,0,0,0),(182,685,0,0,0,0,0,0,0),(183,603,0,0,0,0,0,0,0),(183,604,0,0,0,0,0,0,0),(183,605,0,0,0,0,0,0,0),(183,606,0,0,0,0,0,0,0),(183,607,0,0,0,0,0,0,0),(183,608,0,0,0,0,0,0,0),(183,609,0,0,0,0,0,0,0),(183,611,0,0,0,0,0,0,0),(183,616,0,0,0,0,0,0,0),(183,688,0,0,0,0,0,0,0),(183,691,0,0,0,0,0,0,0),(183,692,0,0,0,0,0,0,0),(183,693,0,0,0,0,0,0,0),(183,694,0,0,1,0,0,0,0),(183,697,0,0,0,0,0,0,0),(183,700,0,0,0,0,0,0,0),(183,701,0,0,0,0,0,0,0),(183,703,0,0,0,0,0,0,0),(183,706,0,0,0,0,0,0,0),(183,708,0,0,0,0,0,0,0),(183,710,0,0,0,0,0,0,0),(183,965,0,0,0,0,0,0,0),(183,975,0,0,0,0,0,0,0),(184,533,1,0,0,1,0,0,0),(184,624,0,0,0,0,0,0,0),(184,625,0,0,0,0,0,0,0),(184,626,0,0,0,0,0,0,0),(184,632,0,0,1,0,0,0,0),(184,635,0,0,0,0,0,0,0),(184,638,0,0,0,0,0,0,0),(184,640,0,0,0,0,0,0,0),(184,643,0,0,1,0,0,0,0),(184,648,0,0,0,0,0,0,0),(184,650,0,1,0,0,0,0,0),(184,659,0,0,0,0,0,0,0),(184,660,1,0,0,0,0,0,1),(184,767,0,0,0,0,0,0,0),(184,768,0,0,0,0,0,0,0),(184,771,0,0,0,0,0,0,0),(184,777,0,0,0,0,0,0,0),(184,781,0,0,0,0,0,0,0),(184,790,0,0,0,0,0,0,0),(184,794,0,0,0,0,0,0,0),(184,795,0,0,0,0,0,0,0),(185,449,0,0,0,0,1,0,0),(185,450,0,0,0,0,0,0,0),(185,451,0,0,0,0,0,0,0),(185,453,0,0,0,0,0,0,0),(185,456,2,0,0,0,0,0,0),(185,460,0,0,0,0,0,0,0),(185,462,1,0,1,0,0,0,0),(185,465,1,0,1,0,0,0,0),(185,467,0,0,0,0,0,0,0),(185,470,1,0,0,0,0,0,0),(185,471,2,0,0,0,0,0,0),(185,821,0,0,0,0,0,0,0),(185,823,1,0,0,0,0,0,0),(185,824,0,0,0,0,0,0,0),(185,825,0,0,0,0,0,0,0),(185,834,0,0,0,0,0,0,0),(185,836,0,0,1,0,0,0,0),(185,839,1,0,0,0,0,0,0),(185,840,0,0,0,0,0,0,0),(185,841,0,0,0,0,0,0,0),(185,844,0,0,0,0,0,0,0),(186,520,0,0,0,0,0,0,0),(186,521,0,0,1,0,0,0,0),(186,522,0,0,0,0,0,0,0),(186,523,0,0,0,0,0,0,0),(186,524,1,0,0,0,0,0,0),(186,525,0,0,0,0,0,0,0),(186,526,0,0,0,0,0,0,0),(186,527,0,0,0,0,0,0,0),(186,528,1,0,0,0,0,0,0),(186,529,0,0,0,0,0,0,0),(186,531,0,0,0,0,0,0,0),(186,535,0,0,0,0,0,0,0),(186,536,0,0,0,0,0,0,0),(186,538,0,0,0,0,0,0,0),(186,539,0,0,0,0,0,0,0),(186,577,0,0,0,0,0,0,0),(186,578,1,0,0,0,0,0,0),(186,579,0,0,0,0,0,0,0),(186,580,0,0,0,0,0,0,0),(186,581,0,0,0,0,0,0,0),(186,584,0,0,0,0,0,0,0),(186,585,0,0,0,0,0,0,0),(186,588,0,0,0,0,0,0,0),(186,590,1,0,1,0,0,0,0),(186,591,0,0,0,0,0,0,0),(186,593,0,0,0,0,0,0,0),(186,597,0,0,0,0,0,0,0),(187,796,0,0,0,0,0,0,0),(187,797,1,0,0,0,0,0,0),(187,801,0,1,0,0,1,0,0),(187,804,0,0,1,0,0,0,0),(187,813,0,0,1,0,0,0,0),(187,814,0,0,0,0,0,0,0),(187,816,0,0,0,0,0,0,0),(187,818,0,0,0,0,0,0,0),(187,978,0,0,0,0,0,0,0),(187,979,0,0,0,0,0,0,0),(187,981,0,0,0,0,0,0,0),(188,495,0,0,0,0,0,0,0),(188,498,0,0,0,0,0,0,0),(188,499,2,0,0,0,0,0,0),(188,502,1,0,1,0,0,0,0),(188,509,0,0,0,0,0,0,0),(188,510,0,0,0,0,0,0,0),(188,512,0,0,0,0,0,0,0),(188,513,0,0,1,0,0,0,0),(188,517,0,0,0,0,0,0,0),(188,674,0,0,0,0,0,0,0),(188,820,0,0,0,0,0,0,0),(188,895,0,0,0,0,0,0,0),(188,897,0,0,0,0,0,0,0),(188,899,0,0,0,0,0,0,0),(188,900,0,0,0,0,0,0,0),(188,910,0,0,0,0,0,0,0),(188,970,0,0,0,0,0,0,0),(188,971,0,0,1,0,0,0,0),(188,972,0,0,0,0,0,0,0),(188,974,1,0,0,0,0,0,0),(188,982,0,0,0,0,0,0,0),(189,473,0,0,0,0,0,0,0),(189,475,0,0,0,0,0,0,0),(189,476,0,0,0,0,0,0,0),(189,480,2,0,0,0,0,0,0),(189,481,1,0,0,0,0,0,0),(189,484,0,0,0,0,0,0,0),(189,485,0,0,0,0,0,0,0),(189,486,0,0,0,0,0,0,0),(189,488,1,0,0,0,0,0,0),(189,492,0,0,0,0,0,0,0),(189,494,0,0,0,0,0,0,0),(189,820,0,0,0,0,0,0,0),(189,895,1,0,1,0,0,0,0),(189,897,0,0,0,0,0,0,0),(189,899,2,0,0,0,0,0,0),(189,900,0,0,0,0,0,0,1),(189,904,1,0,0,0,0,0,0),(189,905,0,0,1,0,0,0,0),(189,909,0,0,0,0,0,0,0),(189,971,0,0,0,0,0,0,0),(189,982,0,0,1,0,0,0,0),(190,496,0,0,0,0,0,0,0),(190,498,0,0,0,0,0,0,0),(190,499,1,0,0,0,0,0,0),(190,501,0,0,0,0,0,0,0),(190,502,0,0,0,0,0,0,0),(190,509,2,0,0,0,0,0,0),(190,510,0,0,0,0,0,0,0),(190,511,0,0,0,0,0,0,0),(190,512,0,0,0,0,0,0,0),(190,513,0,0,0,0,0,0,0),(190,514,4,0,0,0,0,0,0),(190,517,0,0,0,0,0,0,0),(191,521,0,0,0,0,0,0,0),(191,522,0,0,0,0,0,0,0),(191,523,0,0,1,0,0,0,0),(191,524,2,0,0,0,0,0,0),(191,525,2,0,0,0,0,0,0),(191,527,1,0,0,0,0,0,0),(191,529,0,0,0,0,0,0,0),(191,531,1,0,0,0,0,0,0),(191,534,0,0,0,0,0,0,0),(191,535,0,0,0,0,0,0,0),(191,539,1,0,0,0,0,0,0),(191,796,0,0,0,0,0,0,0),(191,797,3,0,0,0,0,0,0),(191,804,0,0,0,0,0,0,0),(191,808,0,0,0,0,0,0,0),(191,810,0,2,0,0,0,0,0),(191,814,0,0,0,0,0,0,0),(191,816,0,0,0,0,0,0,0),(191,818,0,0,0,0,0,0,0),(191,976,1,2,0,0,0,0,0),(191,977,0,0,0,0,0,0,0),(191,978,1,1,0,0,0,0,0),(191,980,0,0,0,0,0,0,0),(191,997,0,0,0,0,0,0,0),(192,448,0,0,0,0,0,0,0),(192,449,3,0,0,0,0,0,0),(192,450,1,0,0,0,0,0,0),(192,451,1,0,0,0,0,0,0),(192,453,0,0,1,0,0,0,0),(192,455,0,0,1,0,0,0,0),(192,456,0,0,0,0,0,0,0),(192,462,0,0,0,0,0,0,0),(192,465,0,0,0,0,0,0,0),(192,471,0,0,0,0,0,0,0),(192,578,0,0,1,0,0,0,0),(192,579,1,0,1,0,0,0,0),(192,581,0,0,0,0,0,0,0),(192,582,0,0,0,0,0,0,0),(192,584,0,0,1,0,0,0,0),(192,590,0,0,0,0,0,0,0),(192,591,0,0,0,0,0,0,0),(192,593,0,0,1,0,0,0,0),(192,595,0,0,0,0,0,0,0),(192,596,0,0,0,0,0,0,0),(192,597,1,0,0,0,0,0,0),(192,598,0,0,0,0,0,0,0),(192,998,0,0,0,0,0,0,0),(193,767,0,0,0,0,0,0,0),(193,768,0,0,0,0,0,0,0),(193,771,0,0,0,0,0,0,0),(193,772,0,0,0,0,0,0,0),(193,777,0,0,0,0,0,0,0),(193,781,1,0,0,0,0,0,0),(193,789,0,0,0,0,0,0,0),(193,790,0,0,0,0,0,0,0),(193,794,0,0,0,0,0,0,0),(193,795,0,0,0,0,0,0,0),(193,821,0,0,0,0,0,0,0),(193,823,0,0,0,0,0,0,0),(193,825,1,0,0,0,0,0,0),(193,830,0,0,0,0,0,0,1),(193,836,0,0,0,0,0,0,0),(193,837,0,0,0,0,0,0,0),(193,838,0,0,1,0,0,0,0),(193,839,1,0,0,0,0,0,0),(193,840,0,0,0,0,0,0,0),(193,841,0,0,0,0,0,0,0),(193,843,0,0,0,0,0,0,0),(193,996,0,0,0,0,0,0,0),(193,999,0,0,0,0,0,0,0),(194,601,0,0,0,0,0,0,0),(194,603,0,0,0,0,0,0,0),(194,604,0,0,1,0,0,0,0),(194,607,2,0,0,0,0,0,0),(194,608,0,0,0,0,0,0,0),(194,612,0,0,0,0,0,0,0),(194,613,0,0,0,0,0,0,0),(194,619,0,0,0,0,0,0,0),(194,621,0,0,0,0,0,0,0),(194,626,1,1,0,0,0,0,0),(194,632,1,0,0,0,0,0,0),(194,635,1,1,0,0,0,0,0),(194,638,0,0,0,0,0,0,0),(194,648,0,0,0,0,0,0,0),(194,650,1,0,0,0,0,0,0),(194,653,1,0,0,0,0,0,0),(194,659,0,0,1,0,0,0,0),(194,660,0,0,0,0,0,0,0),(195,427,1,0,0,0,0,0,0),(195,428,0,0,0,0,0,0,0),(195,430,1,0,0,0,0,0,0),(195,433,1,0,0,0,0,0,0),(195,439,0,0,0,0,0,0,0),(195,442,0,0,0,0,0,0,0),(195,443,0,0,1,0,0,0,0),(195,444,2,0,0,0,0,0,0),(195,446,0,0,0,0,0,0,0),(195,689,0,0,0,0,0,0,0),(195,691,0,0,0,0,0,0,0),(195,693,1,0,0,0,1,0,0),(195,694,0,0,0,0,0,0,0),(195,697,0,0,0,0,0,0,0),(195,698,0,0,0,0,0,0,0),(195,700,0,0,0,1,0,0,0),(195,703,0,0,0,0,0,0,0),(195,708,0,0,0,0,0,0,0),(195,710,0,0,0,0,0,0,0),(195,975,0,0,0,0,0,0,0),(195,983,0,0,0,0,0,0,0),(195,1000,0,0,0,0,0,0,0),(196,540,0,0,0,0,0,0,0),(196,545,1,0,0,0,0,0,0),(196,547,0,0,0,0,0,0,0),(196,549,2,0,0,0,0,0,0),(196,552,0,0,1,0,0,0,0),(196,557,0,0,0,0,0,0,0),(196,559,1,0,1,0,0,0,0),(196,560,0,0,0,0,0,0,0),(196,564,0,0,0,0,0,0,0),(196,568,0,0,0,0,0,0,0),(196,569,0,0,0,0,0,0,0),(196,662,1,0,1,0,1,0,0),(196,663,0,0,0,0,0,0,0),(196,665,0,0,1,0,0,0,0),(196,667,0,0,0,0,0,0,0),(196,670,0,0,0,0,0,0,0),(196,671,0,0,0,0,0,0,0),(196,672,0,0,0,0,0,0,0),(196,675,0,0,0,0,0,0,0),(196,676,0,0,1,0,0,0,0),(196,677,0,0,0,0,0,0,0),(196,679,0,0,1,0,0,0,0),(196,680,0,0,0,0,0,0,0),(196,685,0,0,0,0,0,0,0),(197,403,2,0,0,0,0,0,0),(197,408,3,0,0,0,0,0,0),(197,410,0,0,0,0,0,0,0),(197,412,0,0,0,0,0,0,0),(197,413,5,0,0,0,0,0,0),(197,415,0,0,0,0,0,0,0),(197,423,0,0,0,0,0,0,0),(197,424,8,0,0,0,0,0,0),(197,425,1,0,0,0,0,0,0),(197,426,2,0,0,0,0,0,0),(197,871,0,0,0,0,0,0,0),(197,874,0,0,0,0,0,0,0),(197,876,0,0,0,0,0,0,0),(197,878,1,0,0,0,0,0,0),(197,882,1,0,0,0,0,0,0),(197,884,0,0,0,0,0,0,0),(197,886,0,0,0,0,0,0,0),(197,888,0,0,0,0,0,0,0),(198,740,0,0,0,0,0,0,0),(198,742,0,0,0,0,0,0,0),(198,743,2,0,0,0,0,0,0),(198,748,0,0,0,0,0,0,0),(198,749,0,0,0,0,0,0,0),(198,750,0,0,0,0,0,0,0),(198,751,1,2,1,0,0,0,0),(198,756,0,0,0,0,0,0,0),(198,758,0,0,0,0,0,0,0),(198,759,0,0,0,0,0,0,0),(198,847,1,0,0,0,0,0,0),(198,848,0,0,0,0,0,0,0),(198,849,2,0,0,0,0,0,0),(198,853,0,0,0,0,0,0,0),(198,855,1,0,0,0,0,0,0),(198,862,0,0,1,0,0,0,0),(198,863,1,0,0,0,0,0,0),(198,867,0,0,0,0,0,0,0),(198,868,0,0,0,0,0,0,0),(198,870,0,0,0,0,0,0,0),(198,969,1,0,0,0,0,0,0),(198,1001,0,1,0,0,0,0,0),(199,472,0,0,0,0,0,0,0),(199,473,0,0,0,0,0,0,0),(199,475,0,0,0,0,0,0,0),(199,479,1,0,0,0,0,0,0),(199,480,1,0,0,0,0,0,0),(199,482,0,0,0,0,0,0,0),(199,483,0,0,0,0,0,0,0),(199,484,0,0,0,0,0,0,0),(199,485,0,0,0,0,0,0,0),(199,486,0,0,0,0,0,0,0),(199,487,3,0,0,0,0,0,0),(199,488,0,0,0,0,0,0,0),(199,492,0,0,1,0,0,0,0),(199,493,0,0,0,0,0,0,0),(199,494,0,0,0,0,0,0,0),(199,738,0,0,0,0,0,0,0),(199,739,1,0,1,0,0,0,0),(199,740,0,0,0,0,0,0,0),(199,741,0,0,0,0,0,0,0),(199,742,0,0,0,0,0,0,0),(199,748,0,0,0,0,0,0,0),(199,749,0,0,0,0,0,0,0),(199,751,0,0,0,0,0,0,0),(199,753,0,0,0,0,0,0,0),(199,756,0,0,0,0,0,0,0),(199,757,0,0,0,0,0,0,0),(199,758,0,0,0,0,0,0,0),(199,759,0,0,0,0,0,0,0),(199,1001,0,0,0,0,0,0,0),(200,403,1,0,0,0,0,0,0),(200,409,4,0,0,0,0,0,0),(200,410,1,0,0,0,0,0,0),(200,413,0,0,0,0,0,0,0),(200,415,0,0,0,0,0,0,0),(200,416,1,0,0,0,0,0,0),(200,417,0,0,0,0,0,0,0),(200,423,0,0,0,0,0,0,0),(200,425,0,0,0,0,0,0,0),(200,847,0,0,0,0,0,0,0),(200,849,0,0,0,0,0,0,0),(200,852,0,0,0,0,0,0,0),(200,853,0,0,0,0,0,0,0),(200,855,0,0,0,0,0,0,0),(200,862,0,0,0,0,0,0,0),(200,863,0,0,0,0,0,0,0),(200,867,0,0,0,0,0,0,0),(200,869,0,0,0,0,0,0,0),(200,870,0,0,0,0,0,0,0),(201,662,1,0,1,0,0,0,0),(201,663,0,0,0,0,0,0,0),(201,665,0,0,0,0,0,0,0),(201,667,0,0,0,0,0,0,0),(201,668,1,0,0,0,1,0,0),(201,670,0,0,0,0,0,0,0),(201,672,0,0,0,0,0,0,0),(201,676,0,0,1,0,0,0,0),(201,680,0,0,0,0,0,0,0),(201,877,0,0,0,0,0,0,0),(201,879,0,0,0,0,0,0,0),(201,881,0,0,0,0,0,0,0),(201,882,1,0,0,0,0,0,0),(201,884,0,0,0,0,0,0,0),(201,885,0,0,0,0,0,0,0),(201,886,1,0,1,0,0,0,0),(201,888,0,0,0,0,0,0,0),(201,890,0,0,0,0,0,0,0),(201,893,0,0,0,0,0,0,0),(201,968,1,0,0,0,0,0,0),(202,543,0,0,0,0,0,0,0),(202,545,0,0,0,0,0,0,0),(202,547,0,0,0,0,0,0,0),(202,549,1,0,0,0,0,0,0),(202,557,1,0,0,0,0,0,0),(202,558,0,0,0,0,0,0,0),(202,559,0,0,1,0,0,0,0),(202,560,0,0,0,0,0,0,0),(202,564,1,0,1,0,0,0,0),(202,568,0,0,0,0,0,0,0),(202,569,0,0,0,0,0,0,0),(202,575,0,0,1,0,0,0,0),(202,689,0,0,0,0,0,0,0),(202,691,0,0,0,0,0,0,0),(202,692,0,0,0,0,0,0,0),(202,693,0,0,0,0,0,0,0),(202,694,0,0,0,0,0,0,0),(202,695,0,0,0,0,0,0,0),(202,697,0,0,0,0,0,0,0),(202,698,0,0,0,0,0,0,0),(202,703,0,0,0,0,0,0,0),(202,710,0,0,0,0,0,0,0),(202,975,0,0,0,0,0,0,0),(203,427,0,0,0,0,0,0,0),(203,430,0,0,0,0,0,0,0),(203,433,1,0,0,0,0,0,0),(203,439,0,0,0,0,0,0,0),(203,440,0,0,0,0,0,0,0),(203,442,0,0,0,0,0,0,0),(203,443,0,0,0,0,0,0,0),(203,444,2,0,0,0,0,0,0),(203,446,0,0,0,0,0,0,0),(203,447,0,0,0,0,0,0,0),(203,533,0,0,1,0,0,0,0),(203,625,0,0,0,0,0,0,0),(203,626,0,0,1,0,0,0,0),(203,632,0,0,0,0,0,0,0),(203,635,0,0,0,0,0,0,0),(203,640,0,0,0,0,0,0,0),(203,648,0,0,0,0,0,0,0),(203,650,0,0,0,0,0,0,0),(203,653,0,0,0,0,0,0,0),(203,659,0,0,0,0,0,0,0),(203,660,0,0,1,0,0,0,0),(203,1000,0,0,0,0,0,0,0),(204,603,0,0,0,0,0,0,0),(204,604,0,0,0,0,0,0,0),(204,605,0,0,1,0,1,0,0),(204,607,0,0,0,0,0,0,0),(204,608,0,0,0,0,0,0,0),(204,609,0,0,0,0,0,0,0),(204,611,0,0,1,0,0,0,0),(204,612,0,0,0,0,0,0,0),(204,615,2,0,0,0,0,0,0),(204,619,0,0,0,0,0,0,0),(204,620,0,0,0,0,0,0,0),(204,821,0,0,0,0,0,0,0),(204,825,1,0,0,0,0,0,0),(204,830,0,0,0,0,0,0,0),(204,831,0,0,0,0,0,0,0),(204,836,0,0,0,0,0,0,0),(204,837,2,0,0,0,0,0,0),(204,838,0,0,0,0,0,0,0),(204,839,0,0,1,0,0,0,0),(204,840,0,0,0,0,0,0,0),(204,841,0,0,0,0,0,0,0),(204,843,0,0,0,0,0,0,0),(204,965,0,0,0,0,0,0,0),(205,579,0,0,0,0,0,0,0),(205,580,0,0,0,0,0,0,0),(205,581,1,0,1,0,0,0,0),(205,582,0,0,0,0,0,0,0),(205,585,0,0,0,0,0,0,0),(205,589,1,0,1,0,0,0,0),(205,590,1,0,0,0,0,0,0),(205,591,0,0,0,0,0,0,0),(205,593,0,0,0,0,0,0,0),(205,595,0,0,0,0,0,0,0),(205,767,1,0,0,0,0,0,0),(205,768,0,0,1,0,0,0,0),(205,771,0,0,0,0,0,0,0),(205,772,0,0,0,0,0,0,0),(205,777,0,0,0,0,0,0,0),(205,781,1,0,0,0,0,0,0),(205,789,1,0,0,0,0,0,0),(205,790,0,0,0,0,0,0,0),(205,794,0,0,0,0,0,0,0),(205,795,2,0,0,0,0,0,0),(206,448,1,0,0,0,0,0,0),(206,449,1,0,0,0,0,0,0),(206,450,0,0,0,0,0,0,0),(206,451,0,0,0,0,0,0,0),(206,453,0,0,0,0,0,0,0),(206,455,0,0,0,0,0,0,0),(206,458,0,0,0,0,0,0,0),(206,459,0,0,0,0,0,0,0),(206,460,0,0,0,0,0,0,0),(206,462,0,0,0,0,0,0,0),(206,465,1,0,0,0,0,0,0),(206,471,0,0,0,0,0,0,0),(206,796,1,0,0,0,0,0,0),(206,797,1,1,0,0,0,0,0),(206,801,0,0,0,0,0,0,0),(206,804,0,0,1,0,0,0,0),(206,806,0,0,0,0,0,0,0),(206,810,0,0,0,0,0,0,0),(206,814,0,0,0,0,0,0,0),(206,816,0,0,0,0,0,0,0),(206,976,0,1,0,0,0,0,0),(206,978,0,0,0,0,0,0,0),(206,1002,0,0,0,0,0,0,0),(207,495,0,0,0,0,0,0,0),(207,496,1,0,0,0,0,0,0),(207,497,0,0,0,0,0,0,0),(207,498,1,0,0,0,0,0,0),(207,499,0,0,0,0,0,0,0),(207,510,0,0,0,0,0,0,0),(207,511,1,0,0,0,0,0,0),(207,512,0,0,0,0,0,0,0),(207,513,0,0,0,0,0,0,0),(207,514,0,0,0,0,0,0,0),(207,517,0,0,0,0,0,0,0),(207,519,0,0,0,0,0,0,0),(207,520,0,0,1,0,0,0,0),(207,521,0,0,0,0,0,0,0),(207,524,1,0,0,0,0,0,0),(207,526,1,0,0,0,0,0,0),(207,527,2,0,1,0,0,0,0),(207,529,0,0,0,0,0,0,0),(207,531,1,0,0,0,0,0,0),(207,534,0,0,0,0,0,0,0),(207,536,1,0,0,0,0,0,0),(207,538,1,0,0,0,0,0,0),(208,674,1,0,0,1,0,0,0),(208,897,0,0,0,0,0,0,0),(208,899,0,0,0,0,0,0,0),(208,900,0,0,0,0,0,0,0),(208,905,0,0,0,0,0,0,0),(208,907,0,0,0,0,0,0,0),(208,909,1,0,0,0,0,0,0),(208,970,0,0,0,0,0,0,0),(208,971,1,0,0,0,0,0,0),(209,472,0,0,0,0,0,0,0),(209,473,0,0,0,0,0,0,0),(209,475,0,0,0,0,0,0,0),(209,476,0,0,0,0,0,0,0),(209,479,2,0,0,0,0,0,0),(209,480,2,0,0,0,0,0,0),(209,483,0,0,0,0,0,0,0),(209,486,0,0,1,0,0,0,0),(209,487,0,0,0,0,0,0,0),(209,493,0,0,0,0,0,0,0),(209,494,0,0,0,0,0,0,0),(211,449,1,0,0,0,0,1,0),(211,450,0,0,0,0,0,0,0),(211,451,0,0,0,0,0,0,0),(211,453,0,0,0,0,0,0,0),(211,455,1,0,0,0,0,0,0),(211,456,0,0,0,0,0,0,0),(211,461,0,0,0,0,0,0,0),(211,462,2,0,0,0,0,0,0),(211,466,2,0,0,0,0,0,0),(211,471,0,0,0,0,0,0,0),(211,496,0,0,1,0,0,0,0),(211,497,0,0,0,1,0,0,0),(211,498,0,0,0,0,0,0,0),(211,501,0,0,0,0,0,0,0),(211,502,0,0,0,0,0,0,0),(211,509,0,0,0,0,0,0,0),(211,510,0,0,0,0,0,0,0),(211,511,0,0,0,0,0,0,0),(211,513,0,0,0,0,0,0,0),(211,514,1,0,0,0,0,0,0),(211,517,0,0,0,0,0,0,0),(212,762,0,0,0,0,0,0,0),(212,767,0,0,0,0,0,0,0),(212,768,1,0,0,0,0,0,0),(212,771,0,0,0,0,0,0,0),(212,772,0,0,0,0,0,0,0),(212,777,0,0,0,0,0,0,0),(212,779,0,0,0,0,0,0,0),(212,781,1,0,2,0,0,0,0),(212,789,0,0,0,0,0,0,0),(212,794,0,0,1,0,0,0,0),(212,795,0,0,0,0,0,0,0),(212,796,0,2,0,0,0,0,0),(212,797,2,1,0,0,0,0,0),(212,804,0,0,1,0,0,0,0),(212,805,0,0,0,0,0,0,0),(212,808,0,0,0,0,0,0,0),(212,810,2,2,0,0,0,0,0),(212,814,0,0,0,0,0,0,0),(212,816,0,0,0,0,0,0,0),(212,817,0,0,0,0,0,0,0),(212,818,1,0,0,0,0,0,0),(212,1002,0,0,0,0,0,0,0),(213,577,0,0,0,0,0,0,0),(213,578,1,0,0,0,0,0,0),(213,581,0,0,0,0,0,0,0),(213,582,0,0,0,0,0,0,0),(213,585,0,0,0,0,0,0,0),(213,588,1,0,0,0,0,0,0),(213,589,0,0,0,0,0,0,0),(213,590,1,0,0,0,0,0,0),(213,591,0,0,0,0,0,0,0),(213,593,0,0,0,0,0,0,0),(213,598,0,0,0,0,0,0,0),(213,599,0,0,0,0,0,0,0),(213,602,0,0,0,0,0,0,0),(213,603,0,0,0,0,0,0,0),(213,605,1,0,0,0,0,0,0),(213,607,0,0,0,0,0,0,0),(213,608,0,0,0,0,0,0,0),(213,611,1,0,0,0,0,0,0),(213,612,0,0,0,0,0,0,0),(213,616,0,0,0,0,0,0,0),(213,617,0,0,0,0,0,0,0),(213,620,0,0,0,0,0,0,0),(214,427,0,0,0,0,0,0,0),(214,433,0,0,0,0,0,0,0),(214,439,0,0,0,0,0,0,0),(214,442,0,0,0,0,0,0,0),(214,443,0,0,1,0,0,0,0),(214,444,1,0,0,0,0,1,0),(214,447,0,0,0,0,0,0,0),(214,821,1,0,0,0,0,0,0),(214,830,0,0,0,0,0,0,0),(214,831,1,0,0,0,0,0,0),(214,834,0,0,0,0,0,0,0),(214,835,0,0,0,0,0,0,0),(214,837,1,0,0,0,0,0,0),(214,838,0,0,0,0,0,0,0),(214,839,0,0,2,0,0,0,0),(214,840,0,0,0,0,0,0,0),(214,841,0,0,0,0,0,0,0),(214,843,0,0,0,0,0,0,0),(214,1000,0,0,0,0,0,0,0),(214,1003,0,0,0,0,0,0,0),(215,540,0,0,0,0,0,0,0),(215,543,0,0,0,0,0,0,0),(215,545,1,0,0,0,0,0,0),(215,549,4,0,0,0,0,0,0),(215,557,1,0,0,0,0,0,0),(215,558,0,0,0,0,0,0,0),(215,559,0,0,0,0,0,0,0),(215,560,0,0,1,0,0,0,0),(215,564,0,0,0,0,0,0,0),(215,568,0,0,0,0,0,0,0),(215,575,0,0,0,0,0,0,0),(215,624,0,0,0,0,0,0,0),(215,625,0,1,0,0,0,0,0),(215,626,0,0,0,0,0,0,0),(215,629,0,0,0,0,0,0,0),(215,635,0,0,0,0,0,0,0),(215,640,1,0,0,0,0,0,0),(215,653,1,0,0,0,1,0,0),(215,659,0,0,0,0,0,0,0),(215,660,0,0,0,0,0,0,0),(216,689,0,0,0,0,0,0,0),(216,691,0,0,0,0,0,0,0),(216,692,0,0,0,0,0,0,0),(216,693,0,2,1,0,0,0,0),(216,694,0,0,0,0,0,0,0),(216,695,2,0,0,0,0,0,0),(216,697,0,0,0,0,0,0,0),(216,698,0,0,0,0,0,0,0),(216,700,0,0,0,0,0,0,0),(216,703,1,0,0,0,0,0,0),(216,876,0,0,0,0,0,0,0),(216,877,0,0,0,0,0,0,0),(216,879,0,0,0,0,0,0,0),(216,880,0,0,0,0,0,0,0),(216,881,0,0,0,0,0,0,0),(216,884,0,0,0,0,0,0,0),(216,885,0,0,0,0,0,0,0),(216,886,0,0,0,0,0,0,0),(216,887,1,0,0,0,0,0,0),(216,888,0,0,0,0,0,0,0),(216,889,0,0,0,0,0,0,0),(216,890,0,0,1,0,0,0,0),(216,891,0,0,0,0,0,0,0),(216,893,0,0,0,0,0,0,0),(216,968,0,0,0,0,0,0,0),(216,975,1,0,0,0,0,0,0),(216,983,0,0,0,0,0,0,0),(217,663,0,0,0,0,0,0,0),(217,665,1,0,0,0,0,0,0),(217,667,0,0,0,0,0,0,0),(217,668,0,0,0,0,0,0,0),(217,670,0,0,0,0,0,0,0),(217,672,1,0,1,0,0,0,0),(217,675,0,0,0,0,0,0,0),(217,676,0,0,0,0,0,0,0),(217,677,0,0,0,0,0,0,0),(217,678,0,0,0,0,0,0,0),(217,679,0,0,1,0,0,0,0),(217,684,0,0,0,0,0,0,0),(217,685,0,0,0,0,0,0,0),(217,847,1,0,0,0,0,0,0),(217,849,0,0,0,0,0,0,0),(217,852,0,0,0,0,0,0,0),(217,853,0,0,0,0,0,0,0),(217,855,0,0,0,0,0,0,0),(217,862,0,0,0,0,0,0,0),(217,867,0,0,0,0,0,0,0),(217,869,1,0,1,0,0,0,0),(217,870,0,0,0,0,0,0,0),(217,969,0,0,0,0,0,0,0),(218,403,0,0,0,0,0,0,0),(218,409,1,0,0,0,0,0,0),(218,413,0,0,0,0,0,0,0),(218,414,0,0,0,0,0,0,0),(218,416,1,0,0,0,0,0,0),(218,417,0,0,0,0,0,0,0),(218,420,0,0,0,0,0,0,0),(218,422,0,0,0,0,0,0,0),(218,423,0,0,0,0,0,0,0),(218,425,0,0,0,0,0,0,0),(218,738,0,0,0,0,0,0,0),(218,740,0,0,0,0,0,0,0),(218,743,0,0,0,0,0,0,0),(218,748,0,0,0,0,0,0,0),(218,749,0,0,0,0,0,0,0),(218,750,0,0,0,0,0,0,0),(218,751,1,0,0,0,0,0,0),(218,753,0,0,0,0,0,0,0),(218,755,0,0,0,0,0,0,0),(218,756,0,0,0,0,0,0,0),(218,757,0,0,0,0,0,0,0),(219,403,0,0,0,0,0,0,0),(219,409,1,0,0,0,0,0,0),(219,410,0,0,0,1,0,0,0),(219,412,0,0,0,0,0,0,0),(219,415,0,0,0,0,0,0,0),(219,416,0,0,1,0,0,0,0),(219,417,0,0,0,0,0,0,0),(219,419,0,0,0,0,0,0,1),(219,420,0,0,0,0,0,0,0),(219,424,2,0,0,0,0,0,0),(219,425,0,0,0,0,0,0,0),(219,472,0,0,0,0,0,0,0),(219,475,0,0,0,0,0,0,0),(219,476,0,0,0,0,0,0,0),(219,479,0,0,1,0,0,0,0),(219,480,1,0,0,0,0,0,0),(219,483,0,0,0,0,0,0,0),(219,487,0,0,0,0,0,0,0),(219,488,0,0,0,1,0,0,0),(219,492,0,0,0,0,0,0,0),(219,493,0,0,0,0,0,0,0),(220,662,1,0,0,0,0,0,0),(220,663,0,0,0,0,0,0,0),(220,665,1,0,0,0,0,0,0),(220,667,0,0,0,0,0,0,0),(220,668,2,0,0,0,0,0,0),(220,670,0,0,0,0,0,0,0),(220,671,0,0,0,0,0,0,0),(220,672,1,0,0,0,0,0,0),(220,675,0,0,0,0,0,0,0),(220,676,0,0,0,0,0,0,0),(220,677,2,0,0,0,0,0,0),(220,679,0,0,0,0,0,0,0),(220,685,0,0,0,0,0,0,0),(220,739,0,0,0,0,0,0,0),(220,740,0,0,0,0,0,0,0),(220,742,0,0,0,0,0,0,0),(220,743,1,0,0,0,0,0,0),(220,746,0,0,0,0,0,0,0),(220,748,0,0,0,0,0,0,0),(220,750,0,0,0,0,0,0,0),(220,751,0,0,0,0,0,0,0),(220,753,0,0,0,0,0,0,0),(220,754,0,0,0,0,0,0,0),(220,755,0,0,0,0,0,0,0),(220,756,0,0,0,0,0,0,0),(220,757,0,0,0,0,0,0,0),(220,759,0,0,0,0,0,0,0),(220,994,0,0,0,0,0,0,0),(220,1001,0,0,0,0,0,0,0),(221,689,0,0,0,0,0,0,0),(221,691,0,0,0,0,0,0,0),(221,692,0,0,0,0,0,0,0),(221,694,0,0,0,0,0,0,0),(221,695,0,0,0,0,0,0,0),(221,697,0,0,0,0,0,0,0),(221,703,0,0,0,0,0,0,1),(221,704,0,0,0,0,0,0,0),(221,708,2,0,0,0,0,0,0),(221,848,0,0,0,0,0,0,0),(221,849,0,0,0,0,0,0,0),(221,855,0,0,0,0,0,0,0),(221,858,0,0,0,0,0,0,0),(221,863,1,0,0,0,0,0,0),(221,867,0,0,0,0,0,0,0),(221,869,0,0,0,0,0,0,0),(221,870,0,0,0,0,0,0,0),(221,975,0,0,0,0,0,0,0),(221,983,0,0,0,0,0,0,0),(222,623,1,1,0,0,0,0,0),(222,624,0,1,0,0,0,0,0),(222,625,0,0,0,0,0,0,0),(222,626,3,1,0,0,0,0,0),(222,632,0,0,0,0,0,0,0),(222,635,1,1,0,0,0,0,0),(222,640,3,1,0,0,0,0,0),(222,643,0,0,0,0,0,0,1),(222,648,0,0,0,0,0,0,0),(222,650,1,1,0,0,0,0,0),(222,653,1,0,0,0,0,0,0),(222,654,0,1,0,0,0,0,0),(222,874,0,0,0,0,0,0,0),(222,876,0,0,0,0,0,0,0),(222,879,0,0,0,0,0,0,0),(222,881,0,0,0,0,0,0,0),(222,884,0,0,0,0,0,0,0),(222,885,0,0,0,0,0,0,0),(222,886,1,0,0,0,0,0,0),(222,887,0,0,0,0,0,0,0),(222,893,0,0,0,0,0,0,0),(222,967,0,0,0,0,0,0,0),(223,543,0,0,0,0,0,0,0),(223,545,1,0,0,0,0,0,0),(223,549,1,0,0,0,0,0,0),(223,557,1,0,0,0,0,0,0),(223,558,0,0,0,0,0,0,0),(223,560,0,0,0,0,0,0,0),(223,563,0,0,0,0,0,0,0),(223,564,0,0,0,0,0,0,0),(223,566,1,0,0,0,0,0,0),(223,568,0,0,0,0,0,0,0),(223,569,0,0,0,0,0,0,0),(223,575,0,0,0,0,0,0,0),(223,821,0,0,0,0,0,0,0),(223,822,0,0,0,0,0,0,0),(223,823,0,0,0,0,0,0,0),(223,825,0,0,0,0,0,0,0),(223,830,1,0,0,0,0,0,0),(223,831,1,0,0,0,0,0,0),(223,835,0,0,0,0,0,0,0),(223,836,0,0,0,0,0,0,0),(223,837,0,0,0,0,0,0,0),(223,840,0,0,0,0,0,0,0),(223,843,0,0,0,0,0,0,0),(224,427,0,0,0,0,0,0,0),(224,429,0,0,0,0,0,0,0),(224,433,2,0,0,0,0,0,0),(224,435,0,0,0,0,0,0,0),(224,436,0,0,0,0,0,0,0),(224,438,0,0,0,0,0,0,0),(224,440,0,0,0,0,0,0,0),(224,443,0,0,0,0,0,0,0),(224,446,0,0,0,0,0,0,0),(224,447,0,0,0,0,0,0,0),(224,577,0,0,0,0,0,0,0),(224,578,0,0,0,0,0,0,0),(224,581,0,0,0,0,0,0,0),(224,588,0,0,0,0,0,0,0),(224,589,1,0,0,0,0,0,0),(224,590,0,0,1,0,0,0,0),(224,591,0,0,0,0,0,0,0),(224,593,0,0,0,0,0,0,0),(224,597,0,0,0,0,0,0,0),(225,602,1,0,0,0,0,0,0),(225,603,1,0,0,0,0,0,0),(225,604,0,0,0,0,0,0,0),(225,605,0,0,0,0,1,0,0),(225,607,0,0,0,0,0,0,0),(225,608,0,0,0,0,0,0,0),(225,611,0,0,0,0,0,0,0),(225,612,0,0,0,0,0,0,0),(225,614,0,0,0,0,0,0,0),(225,619,0,0,0,0,0,0,0),(225,621,0,0,0,0,0,0,0),(225,796,0,1,0,0,0,0,0),(225,797,0,0,0,0,0,0,0),(225,801,1,0,0,0,0,0,0),(225,804,0,1,0,0,0,0,0),(225,808,0,0,0,0,0,0,0),(225,809,1,0,0,0,0,0,0),(225,813,0,1,0,0,0,0,0),(225,814,0,0,0,0,0,0,0),(225,816,1,0,1,0,0,0,0),(225,817,0,0,0,0,0,0,0),(225,818,0,0,0,0,0,0,0),(225,977,0,0,0,0,0,0,0),(226,496,1,0,0,0,0,0,0),(226,498,0,0,0,0,0,0,0),(226,499,0,0,0,0,0,0,0),(226,500,1,0,0,0,0,0,0),(226,501,1,0,0,0,0,0,0),(226,502,0,0,0,0,0,0,0),(226,509,1,0,0,0,0,0,0),(226,512,1,0,0,0,1,0,0),(226,513,0,0,0,0,0,0,0),(226,516,0,0,0,0,0,0,0),(226,517,0,0,0,0,0,0,0),(226,761,0,0,0,0,0,0,0),(226,767,0,0,0,0,0,0,0),(226,768,1,0,0,0,0,0,0),(226,771,0,0,0,0,0,0,0),(226,777,0,0,0,0,0,0,0),(226,788,0,0,0,0,0,0,0),(226,790,0,0,0,0,0,0,0),(226,794,0,0,0,0,0,0,0),(226,795,1,0,0,0,0,0,0),(227,449,6,0,0,0,0,0,0),(227,450,2,0,0,0,0,0,0),(227,451,0,0,0,0,0,0,0),(227,453,0,0,0,0,0,0,0),(227,455,0,0,0,0,0,0,0),(227,456,1,0,0,0,0,0,0),(227,462,0,0,0,0,0,0,0),(227,466,1,0,0,0,0,0,0),(227,467,0,0,0,0,0,0,0),(227,471,3,0,0,0,0,0,0),(227,895,0,0,1,0,0,0,0),(227,897,0,0,0,0,0,0,0),(227,907,0,0,0,0,0,0,0),(227,910,0,0,0,0,0,0,1),(227,970,1,0,0,0,0,0,0),(227,973,1,0,0,0,0,0,0),(227,974,0,0,0,0,0,0,0),(227,982,0,0,0,0,0,0,0),(228,520,0,0,0,0,0,0,0),(228,521,0,0,0,0,0,0,0),(228,522,0,0,0,0,0,0,0),(228,523,0,0,1,0,0,0,0),(228,524,2,0,0,0,0,0,0),(228,525,0,0,1,0,0,0,0),(228,526,0,0,0,0,0,0,0),(228,527,1,0,0,0,0,0,0),(228,529,0,0,0,0,0,0,0),(228,532,0,0,1,0,0,0,0),(228,538,0,0,0,0,0,0,0),(229,472,0,0,0,0,0,0,0),(229,475,0,0,0,0,0,0,0),(229,479,0,0,0,0,0,0,0),(229,480,1,0,0,0,0,0,0),(229,481,1,0,0,0,0,0,0),(229,483,0,0,0,0,0,0,0),(229,486,0,0,0,0,0,0,0),(229,487,1,0,0,0,0,0,0),(229,492,1,0,0,0,0,0,0),(229,493,0,0,0,0,0,0,0),(229,494,0,0,0,0,0,0,0),(229,520,0,0,0,0,0,0,0),(229,521,0,0,0,0,0,0,0),(229,523,0,0,0,0,0,0,0),(229,524,0,0,0,0,0,0,0),(229,525,0,0,0,0,0,0,0),(229,526,1,0,0,0,0,0,0),(229,527,0,0,1,0,0,0,0),(229,528,0,0,0,0,0,0,0),(229,529,0,0,0,0,0,0,0),(229,531,0,0,1,0,0,0,0),(229,532,0,0,0,0,0,0,0),(229,534,0,0,0,0,0,0,0),(229,536,0,0,0,0,0,0,0),(229,537,0,0,0,0,0,0,0),(229,538,1,0,0,0,0,0,0),(230,448,0,0,0,0,0,0,0),(230,449,1,0,0,0,0,0,0),(230,450,0,0,0,0,0,0,0),(230,455,0,0,0,0,0,0,0),(230,456,0,0,0,0,0,0,0),(230,462,0,0,0,0,0,0,0),(230,465,0,0,1,0,0,0,0),(230,466,1,0,0,0,0,0,0),(230,467,0,0,0,0,0,0,0),(230,471,0,0,0,0,0,0,0),(231,497,0,0,0,0,0,0,0),(231,498,0,0,1,0,0,0,0),(231,499,1,0,0,0,0,0,0),(231,507,0,0,0,0,0,0,0),(231,509,1,0,0,0,0,0,0),(231,510,0,0,0,0,0,0,0),(231,511,0,0,0,0,0,0,0),(231,512,0,0,0,0,0,0,0),(231,513,0,0,0,0,0,0,0),(231,517,0,0,0,0,0,0,0),(231,602,0,0,0,0,0,0,0),(231,603,0,0,0,0,0,0,0),(231,604,1,0,0,0,0,0,0),(231,605,0,0,1,0,0,0,0),(231,607,1,0,0,0,0,0,0),(231,608,0,1,0,0,0,0,0),(231,609,0,0,0,0,0,0,0),(231,611,1,0,2,0,0,0,0),(231,613,0,0,0,0,0,0,0),(231,619,0,0,0,0,0,0,0),(231,621,0,1,0,0,0,0,0),(232,427,1,0,0,0,0,0,0),(232,428,0,0,0,0,0,0,0),(232,433,3,0,0,0,0,0,0),(232,435,3,0,0,0,0,0,0),(232,439,0,0,0,0,0,0,0),(232,440,1,0,0,0,0,0,0),(232,442,0,0,0,0,0,0,0),(232,443,0,0,0,0,0,0,0),(232,444,6,0,0,0,0,0,0),(232,445,1,0,0,0,0,0,0),(232,446,0,0,0,0,0,0,0),(232,447,0,0,0,0,0,0,0),(232,796,0,0,0,0,0,0,0),(232,797,1,0,0,0,0,0,0),(232,798,0,1,0,0,0,0,0),(232,805,0,0,0,0,0,0,0),(232,809,0,0,1,0,0,0,0),(232,816,0,0,1,0,0,0,0),(232,977,0,0,0,0,0,0,0),(232,979,0,0,0,0,0,0,0),(232,980,0,0,0,0,0,0,0),(233,543,0,0,0,0,0,0,0),(233,545,1,0,0,0,0,0,0),(233,549,0,0,0,0,0,0,0),(233,557,0,0,0,0,0,0,0),(233,558,0,0,1,0,0,0,0),(233,559,0,0,0,0,0,0,0),(233,560,0,0,0,0,0,0,0),(233,563,0,0,1,0,0,0,0),(233,564,0,0,0,0,0,0,0),(233,566,0,0,0,0,0,0,0),(233,568,0,0,0,0,0,0,0),(233,569,0,0,0,0,0,0,0),(233,575,0,0,0,0,0,0,0),(233,578,0,0,0,0,0,0,0),(233,580,0,0,0,0,0,0,0),(233,581,0,0,0,0,0,0,0),(233,582,0,0,0,0,0,0,0),(233,585,0,0,0,0,0,0,0),(233,589,0,0,0,0,0,0,0),(233,590,1,0,0,0,0,0,0),(233,591,0,0,0,0,0,0,0),(233,593,1,0,0,0,0,0,0),(233,594,0,0,0,0,0,0,0),(233,597,1,0,0,0,0,0,0),(233,599,0,0,0,0,0,0,0),(234,821,0,0,0,0,0,0,0),(234,825,0,0,0,0,0,0,0),(234,827,0,0,0,0,0,0,0),(234,830,0,0,0,0,0,0,0),(234,831,0,0,0,0,0,0,0),(234,837,2,0,0,0,0,0,0),(234,838,0,0,1,0,0,0,0),(234,839,1,0,0,0,0,0,0),(234,841,0,0,0,0,0,0,0),(234,845,0,0,0,0,0,0,0),(234,874,1,0,0,0,0,0,0),(234,877,0,0,0,0,0,0,0),(234,881,0,0,0,0,0,0,0),(234,882,2,0,0,0,0,0,0),(234,884,1,0,0,0,0,0,0),(234,885,0,0,0,0,0,0,0),(234,886,0,0,0,0,0,0,0),(234,887,1,0,0,0,0,0,0),(234,888,0,0,0,0,0,0,0),(234,890,0,0,0,0,0,0,0),(234,891,0,0,0,0,0,0,0),(234,893,0,0,0,0,0,0,0),(234,999,0,0,0,0,0,0,0),(235,622,0,0,0,0,0,0,0),(235,625,1,0,0,0,0,0,0),(235,629,0,0,0,0,0,0,0),(235,635,0,1,0,0,0,0,0),(235,640,1,1,0,0,0,0,0),(235,641,0,0,0,0,0,0,0),(235,643,0,0,1,0,0,0,0),(235,656,0,0,0,0,0,0,0),(235,659,1,0,0,0,0,0,0),(235,847,0,0,0,0,0,0,0),(235,853,0,0,0,0,0,0,0),(235,855,0,0,0,0,0,0,0),(235,856,0,0,0,0,0,0,0),(235,861,0,0,0,0,0,0,0),(235,862,0,0,0,0,0,0,0),(235,863,0,0,0,0,0,0,0),(235,867,0,0,0,0,0,0,0),(235,869,0,0,0,0,0,0,0),(235,870,0,0,0,0,0,0,0),(235,969,1,0,0,0,0,0,0),(236,689,1,0,0,0,0,0,0),(236,692,0,0,0,0,0,0,0),(236,693,1,0,0,0,0,0,0),(236,694,0,0,0,0,0,0,0),(236,697,0,0,0,0,0,0,0),(236,698,0,0,1,0,0,0,0),(236,702,0,0,1,0,0,0,0),(236,703,0,0,0,0,0,0,0),(236,704,0,0,0,0,0,0,0),(236,708,1,0,0,0,0,0,0),(236,710,0,0,0,0,0,0,0),(236,738,0,0,0,0,0,0,0),(236,739,2,1,0,0,0,0,0),(236,740,0,0,0,0,0,0,0),(236,741,0,0,0,0,0,0,0),(236,743,3,1,0,0,1,0,0),(236,746,0,0,0,0,0,0,0),(236,751,0,3,0,0,0,0,0),(236,753,0,0,0,0,0,0,0),(236,754,0,0,0,0,0,0,0),(236,758,0,0,0,0,0,0,0),(237,403,3,0,0,0,0,0,0),(237,408,1,0,0,0,0,0,0),(237,410,0,0,0,0,0,0,0),(237,412,0,0,0,0,0,0,0),(237,415,0,0,0,0,0,0,0),(237,423,0,0,0,0,0,0,0),(237,424,3,0,0,0,0,0,0),(237,425,1,0,0,0,0,0,0),(237,426,1,0,0,0,0,0,0),(237,662,0,0,0,0,0,0,0),(237,663,0,0,0,0,0,0,0),(237,665,0,0,0,0,0,0,0),(237,667,0,0,0,0,0,0,0),(237,670,0,0,0,0,0,0,0),(237,671,0,0,0,0,0,0,0),(237,672,1,0,0,0,0,0,0),(237,674,0,0,0,0,0,0,0),(237,676,0,0,0,0,0,0,0),(237,677,1,0,0,0,0,0,0),(237,678,0,0,0,0,0,0,0),(238,472,0,0,0,0,0,0,0),(238,473,1,0,0,0,0,0,0),(238,475,0,0,0,0,0,0,0),(238,479,0,0,0,0,0,0,0),(238,480,2,0,0,0,0,0,0),(238,481,3,0,0,0,0,0,0),(238,483,0,0,0,0,0,0,0),(238,484,0,0,0,0,0,0,0),(238,486,0,0,0,0,0,0,0),(238,487,0,0,0,0,0,0,0),(238,492,0,0,0,0,0,0,0),(238,494,0,0,0,0,0,0,0),(238,662,0,0,0,0,0,0,0),(238,663,0,0,0,0,0,0,0),(238,665,1,0,0,0,0,0,0),(238,667,0,0,0,0,0,0,0),(238,670,0,0,0,0,0,0,0),(238,672,0,0,0,0,0,0,0),(238,677,0,0,0,0,0,0,0),(238,678,0,0,0,0,0,0,0),(238,679,0,0,1,0,0,0,0),(239,403,0,0,0,0,0,0,0),(239,408,2,0,0,0,0,0,0),(239,413,1,0,0,0,0,0,0),(239,414,1,0,0,0,0,0,0),(239,415,0,0,0,0,0,0,0),(239,416,1,0,0,0,0,0,0),(239,423,0,0,0,0,0,0,0),(239,424,1,0,0,0,0,0,0),(239,425,1,0,0,0,0,0,0),(239,426,0,0,0,0,0,0,0),(239,687,0,0,0,0,0,0,0),(239,689,0,0,1,0,0,0,0),(239,691,0,0,0,0,0,0,0),(239,692,0,0,0,0,0,0,0),(239,694,0,0,0,0,0,0,0),(239,695,0,0,0,0,0,0,0),(239,697,0,0,0,0,0,0,0),(239,700,0,0,0,0,0,0,0),(239,701,0,0,0,0,0,0,0),(239,703,0,0,0,0,0,0,0),(239,704,0,0,0,0,0,0,0),(239,708,0,0,0,0,0,0,0),(239,710,0,0,0,0,0,0,0),(239,975,0,0,0,0,0,0,0),(239,983,0,0,0,0,0,0,0),(240,622,0,0,0,0,0,0,0),(240,624,0,0,0,0,0,0,0),(240,625,0,0,0,0,0,0,0),(240,626,0,0,1,0,0,0,0),(240,632,0,0,0,0,0,0,0),(240,640,0,0,0,0,0,0,0),(240,648,0,0,0,0,0,0,0),(240,650,1,0,0,0,0,0,0),(240,653,2,1,0,0,0,0,0),(240,659,0,1,0,0,0,0,0),(240,660,0,0,1,0,0,0,0),(240,738,0,2,1,0,0,0,0),(240,739,2,0,0,0,0,0,0),(240,740,0,0,0,0,0,0,0),(240,742,0,0,0,0,0,0,0),(240,743,1,0,0,0,0,0,0),(240,748,0,0,0,0,0,0,0),(240,749,0,0,1,0,0,0,0),(240,750,0,0,0,0,0,0,0),(240,751,0,0,0,0,0,0,0),(240,754,0,1,0,0,0,0,0),(241,821,0,0,0,0,0,0,0),(241,825,0,0,0,0,0,0,0),(241,827,0,0,0,0,0,0,0),(241,830,0,0,0,0,0,0,0),(241,836,0,0,0,0,0,0,0),(241,837,1,0,0,0,0,0,0),(241,838,0,0,0,0,0,0,0),(241,839,0,0,1,0,0,0,0),(241,841,0,0,0,0,0,0,0),(241,842,0,0,0,0,0,0,0),(241,845,0,0,0,0,0,0,0),(241,846,0,0,0,0,0,0,0),(241,847,0,0,0,0,0,0,0),(241,849,0,0,0,0,0,0,0),(241,855,0,0,0,0,0,0,0),(241,856,0,0,0,0,0,0,0),(241,857,0,0,0,0,0,0,0),(241,858,0,0,0,0,0,0,0),(241,861,0,0,0,0,0,0,0),(241,862,0,0,1,0,0,0,1),(241,863,0,0,0,0,0,0,0),(241,869,0,0,0,0,0,0,0),(241,870,0,0,0,0,0,0,0),(242,578,0,0,0,0,0,0,0),(242,581,0,0,0,0,0,0,0),(242,582,0,0,0,0,0,0,0),(242,583,0,0,0,0,0,0,0),(242,585,0,0,0,0,0,0,0),(242,588,1,0,0,0,0,0,0),(242,589,0,0,0,0,0,0,0),(242,590,1,0,0,0,0,0,0),(242,591,1,0,0,0,0,0,0),(242,593,0,0,0,0,0,0,0),(242,594,0,0,0,0,0,0,0),(242,595,0,0,0,0,0,0,0),(242,597,0,0,0,0,0,0,0),(242,599,0,0,0,0,0,0,0),(242,874,0,0,0,0,0,0,0),(242,877,0,0,0,0,0,0,0),(242,878,0,0,0,0,0,0,0),(242,881,0,0,0,0,0,0,0),(242,882,1,0,0,0,0,0,0),(242,884,0,0,0,0,0,0,0),(242,886,2,0,0,0,0,0,0),(242,887,0,0,0,0,0,0,0),(242,888,0,0,0,0,0,0,0),(242,890,0,0,0,0,0,0,0),(242,891,0,0,0,0,0,0,0),(242,893,0,0,0,0,0,0,0),(243,540,0,0,0,0,0,0,0),(243,543,0,0,0,0,0,0,0),(243,545,1,0,0,0,0,0,0),(243,547,0,0,0,0,0,0,0),(243,549,2,0,0,0,0,0,0),(243,555,2,1,0,0,0,0,0),(243,556,0,0,0,0,0,0,0),(243,557,1,0,0,0,0,0,0),(243,558,0,0,0,0,0,0,0),(243,563,0,0,0,0,0,0,0),(243,566,2,0,0,0,0,0,0),(243,568,0,0,0,0,0,0,0),(243,569,1,0,0,0,0,0,0),(243,575,0,0,0,0,0,0,0),(243,797,1,0,0,0,0,0,0),(243,804,0,0,0,0,0,0,0),(243,808,0,0,0,0,0,0,0),(243,809,0,0,0,0,0,0,0),(243,810,1,0,0,0,0,0,0),(243,814,0,0,0,0,0,0,0),(243,815,0,0,0,0,0,0,0),(243,817,0,0,0,0,0,0,1),(243,818,0,0,0,0,0,0,0),(243,1002,0,1,0,0,0,0,0),(244,427,0,0,0,0,0,0,0),(244,428,0,0,0,0,0,0,0),(244,429,2,0,0,0,0,0,0),(244,433,0,0,0,0,0,0,0),(244,436,1,0,1,0,0,0,0),(244,437,0,0,0,0,0,0,0),(244,442,0,0,0,0,0,0,0),(244,445,0,0,0,0,0,0,0),(244,446,0,0,0,0,0,0,0),(244,499,0,0,0,0,0,0,0),(244,501,0,0,0,0,0,0,0),(244,505,0,0,0,0,0,0,0),(244,507,0,0,0,0,0,0,0),(244,509,0,0,0,0,0,0,0),(244,511,0,0,0,0,0,0,0),(244,513,0,0,0,0,0,0,0),(244,516,0,0,0,0,0,0,0),(244,517,0,0,0,0,0,0,0),(244,518,0,0,0,0,0,0,0),(244,1004,0,0,0,0,0,0,0),(245,759,0,0,0,0,0,0,0),(245,761,0,0,0,0,0,0,0),(245,767,0,0,0,0,0,0,0),(245,771,0,0,0,0,0,0,0),(245,777,0,0,0,0,0,0,0),(245,779,2,0,0,0,0,0,0),(245,789,0,0,0,0,0,0,0),(245,795,1,0,0,0,0,0,0),(246,449,3,0,0,0,0,0,0),(246,450,1,0,0,0,0,0,0),(246,453,1,0,1,0,0,0,0),(246,455,1,0,0,0,0,0,0),(246,456,0,0,0,0,0,0,0),(246,462,0,0,0,0,0,0,0),(246,465,0,0,0,0,0,0,0),(246,466,0,0,0,0,0,0,0),(246,467,0,0,0,0,0,0,0),(246,520,0,0,1,0,0,0,0),(246,521,0,0,0,0,0,0,0),(246,523,0,0,0,0,0,0,0),(246,524,1,0,0,0,0,0,0),(246,525,1,0,1,0,0,0,0),(246,526,0,0,0,0,0,0,0),(246,527,0,0,0,0,0,0,0),(246,528,0,0,0,0,0,0,0),(246,529,0,0,0,0,0,0,0),(246,535,0,0,0,0,0,0,0),(246,536,0,0,0,0,0,0,0),(246,538,0,0,1,0,0,0,0),(246,539,0,0,0,0,0,0,0),(247,449,0,0,0,0,0,0,0),(247,450,0,0,0,0,0,0,0),(247,451,0,0,0,0,0,0,0),(247,453,0,0,0,0,0,0,0),(247,455,1,0,0,0,0,0,0),(247,456,0,0,0,0,0,0,0),(247,462,0,0,0,0,0,0,0),(247,465,0,0,0,0,0,0,0),(247,466,0,0,1,0,0,0,0),(247,467,0,0,0,0,0,0,0),(247,471,0,0,0,0,0,0,0),(247,472,0,0,0,0,0,0,0),(247,473,0,0,0,0,0,0,0),(247,475,0,0,0,0,0,0,0),(247,479,0,0,1,0,0,0,0),(247,480,0,0,0,0,0,0,0),(247,481,0,0,0,0,0,0,0),(247,483,0,0,0,0,0,0,0),(247,487,0,0,0,0,0,0,0),(247,488,0,0,0,0,0,0,0),(247,492,0,0,1,0,0,0,0),(247,493,0,0,0,0,0,0,0),(248,520,0,0,0,0,0,0,0),(248,521,0,0,0,0,0,0,0),(248,522,0,0,0,0,0,0,0),(248,523,0,0,0,0,0,0,0),(248,525,0,0,0,0,0,0,0),(248,526,0,0,0,0,0,0,0),(248,527,0,0,1,0,0,0,0),(248,529,0,0,0,0,0,0,0),(248,531,0,0,0,0,0,0,0),(248,535,0,0,0,0,0,0,0),(248,536,2,0,0,0,0,0,0),(248,538,1,0,0,0,0,0,0),(248,759,0,0,0,0,0,0,0),(248,761,1,0,0,0,0,0,0),(248,767,1,0,0,0,0,0,0),(248,768,0,0,1,0,0,0,0),(248,771,0,0,0,0,0,0,0),(248,777,0,0,0,0,0,0,0),(248,781,0,0,0,0,0,0,0),(248,789,0,0,0,0,0,0,0),(248,794,0,0,0,0,0,0,1),(248,795,0,0,0,0,0,0,0),(249,602,1,0,0,0,0,0,0),(249,603,0,0,0,0,0,0,0),(249,605,0,0,0,0,0,0,0),(249,606,0,0,0,0,0,0,0),(249,607,0,0,0,0,0,0,0),(249,608,0,0,0,0,0,0,0),(249,609,0,0,0,0,0,0,0),(249,611,0,1,0,0,0,0,0),(249,612,0,0,0,0,0,0,0),(249,616,0,0,0,0,0,0,0),(250,496,0,0,0,0,0,0,0),(250,497,1,0,0,0,0,0,0),(250,498,0,0,0,0,0,0,0),(250,499,2,0,0,0,1,0,0),(250,500,0,0,0,0,0,0,0),(250,501,0,0,0,0,0,0,0),(250,502,0,0,1,0,0,0,0),(250,504,0,0,0,0,0,0,0),(250,505,0,0,0,0,0,0,0),(250,511,0,0,0,0,0,0,0),(250,512,0,0,1,0,0,0,0),(250,516,0,0,0,0,0,0,0),(250,540,0,0,0,0,0,0,0),(250,543,0,0,0,0,0,0,0),(250,545,1,0,0,0,0,0,0),(250,548,0,0,0,0,0,0,0),(250,549,1,0,0,0,0,0,0),(250,556,0,0,0,0,0,0,0),(250,557,0,0,0,0,0,0,0),(250,558,0,0,0,0,0,0,0),(250,559,0,0,0,0,0,0,0),(250,560,0,0,0,0,0,0,0),(250,564,0,0,1,0,0,0,0),(250,566,0,0,0,0,0,0,0),(250,569,0,0,0,0,0,0,0),(250,575,0,0,0,0,0,0,0),(251,801,0,0,0,0,0,0,0),(251,808,0,0,0,0,0,0,0),(251,813,0,0,0,0,0,0,0),(251,814,0,0,0,0,0,0,0),(251,815,0,0,0,0,0,0,0),(251,816,0,0,1,0,0,0,0),(251,820,0,0,0,0,0,0,0),(251,879,0,0,0,0,0,0,0),(251,880,2,0,0,0,0,0,0),(251,881,0,0,0,0,0,0,0),(251,882,2,0,0,0,0,0,0),(251,884,0,0,0,0,0,0,0),(251,886,3,0,0,0,0,0,0),(251,887,0,0,0,0,0,0,0),(251,890,1,0,0,0,0,0,0),(251,891,0,0,0,0,0,0,0),(251,892,0,0,0,0,0,0,0),(251,893,1,0,0,0,0,0,0),(251,979,0,0,0,0,0,0,0),(251,981,0,0,0,0,0,0,0),(252,581,0,0,0,0,0,0,0),(252,582,1,0,0,0,0,0,0),(252,584,1,0,0,0,0,0,0),(252,585,0,0,0,0,0,0,0),(252,588,1,0,0,0,0,0,0),(252,589,0,0,0,0,0,0,0),(252,590,0,0,0,0,0,0,0),(252,591,2,0,0,0,0,0,0),(252,593,0,0,0,0,1,0,0),(252,594,0,0,0,0,0,0,0),(252,597,1,0,0,0,0,0,0),(252,599,1,0,0,0,0,0,0),(252,847,0,0,0,0,0,0,0),(252,849,0,0,0,0,0,0,0),(252,853,0,0,0,0,0,0,0),(252,855,1,0,0,0,0,0,0),(252,861,0,0,1,0,0,0,0),(252,862,0,0,0,0,0,0,0),(252,863,1,0,0,0,0,0,0),(252,867,0,0,0,0,0,0,0),(252,870,0,0,0,0,0,0,0),(253,739,2,0,0,0,0,0,0),(253,740,0,1,0,0,0,0,0),(253,743,1,2,0,0,0,0,0),(253,746,0,0,0,0,0,0,0),(253,747,0,0,0,0,0,0,0),(253,750,0,0,0,0,0,0,0),(253,751,1,0,0,0,0,0,0),(253,756,0,1,0,0,0,0,0),(253,758,0,0,0,0,0,0,0),(253,825,0,0,0,0,0,0,0),(253,827,0,0,0,0,0,0,0),(253,830,0,0,0,0,0,0,0),(253,835,0,0,0,0,0,0,0),(253,836,0,0,0,0,0,0,0),(253,837,0,0,0,0,0,0,0),(253,838,0,0,0,0,0,0,0),(253,840,0,0,0,0,0,0,0),(253,841,0,0,0,0,0,0,0),(253,845,1,0,0,0,0,0,0),(254,408,1,0,0,0,0,0,0),(254,410,0,0,0,0,0,0,0),(254,411,0,0,0,0,0,0,0),(254,412,0,0,0,0,0,0,0),(254,413,0,0,0,0,0,0,0),(254,415,0,0,0,0,0,0,0),(254,416,1,0,0,0,0,0,0),(254,424,4,0,0,0,0,0,0),(254,425,0,0,0,0,0,0,0),(254,426,1,0,0,0,0,0,0),(254,622,0,0,0,0,0,0,0),(254,623,1,1,0,0,0,0,0),(254,624,0,0,0,0,0,0,0),(254,625,0,0,0,0,0,0,0),(254,629,0,0,0,0,0,0,0),(254,632,0,0,0,0,0,0,0),(254,635,0,0,0,0,0,0,0),(254,640,2,0,0,0,0,0,0),(254,650,0,1,0,0,0,0,0),(254,653,1,1,0,0,0,0,0),(254,656,0,1,0,0,0,0,0),(255,663,1,0,0,0,0,0,0),(255,665,1,0,0,0,0,0,0),(255,667,0,0,0,0,0,0,0),(255,668,0,0,0,0,0,0,0),(255,670,0,0,0,0,0,0,0),(255,671,0,0,0,0,0,0,0),(255,672,2,0,1,0,0,0,0),(255,676,1,0,0,0,0,0,0),(255,677,0,0,0,0,0,0,0),(255,684,0,0,0,0,0,0,0),(255,688,0,0,0,0,0,0,0),(255,689,0,0,0,0,0,0,0),(255,691,0,0,0,0,0,0,0),(255,692,0,0,0,0,0,0,0),(255,693,1,0,0,0,0,0,0),(255,695,0,0,0,0,0,0,0),(255,697,0,0,0,0,0,0,0),(255,698,0,0,0,0,0,0,0),(255,700,1,0,0,0,0,0,0),(255,703,0,0,0,0,0,0,0),(255,708,0,0,0,0,0,0,0),(256,472,0,0,0,0,0,0,0),(256,473,0,0,0,0,0,0,0),(256,475,0,0,0,0,0,0,0),(256,480,0,0,0,0,0,0,0),(256,481,1,0,0,0,0,0,0),(256,483,0,0,0,0,0,0,0),(256,484,0,0,0,0,0,0,0),(256,487,0,0,0,0,0,0,0),(256,488,0,0,0,0,0,0,0),(256,492,3,0,1,0,0,0,0),(256,493,0,0,0,0,0,0,0),(256,691,0,0,0,0,0,0,0),(256,692,0,0,0,0,0,0,0),(256,693,0,0,0,0,0,0,0),(256,694,0,0,0,0,0,0,0),(256,695,0,0,0,0,0,0,0),(256,697,0,0,0,0,0,0,0),(256,700,0,0,0,0,0,0,0),(256,706,0,0,0,0,0,0,0),(256,708,0,0,0,0,0,0,0),(256,710,0,0,0,0,0,0,0),(257,622,0,0,1,0,0,0,0),(257,624,0,0,0,0,0,0,0),(257,625,0,0,0,0,0,0,0),(257,626,0,0,0,0,0,1,0),(257,632,0,0,1,0,0,0,0),(257,635,0,0,0,0,0,0,0),(257,638,0,0,0,0,0,0,0),(257,640,0,0,0,0,0,0,0),(257,648,0,0,0,0,0,0,0),(257,660,0,0,0,0,0,0,0),(257,662,1,0,1,0,0,0,0),(257,663,0,0,0,0,0,0,0),(257,665,0,0,0,0,0,0,0),(257,667,0,0,0,0,0,0,0),(257,668,1,0,0,0,0,0,0),(257,670,0,0,0,0,0,0,0),(257,674,0,0,0,0,0,0,0),(257,675,0,0,0,0,0,0,0),(257,678,0,0,0,0,0,0,0),(257,679,1,0,2,0,0,0,0),(257,684,0,0,0,0,0,0,0),(258,408,3,0,0,0,0,0,0),(258,409,3,0,0,0,0,0,0),(258,410,0,0,0,0,0,0,0),(258,411,1,0,0,0,0,0,0),(258,412,0,0,0,0,0,0,0),(258,413,0,0,0,0,0,0,0),(258,415,0,0,0,0,0,0,0),(258,416,2,0,0,0,0,0,0),(258,424,1,0,0,0,0,0,0),(258,425,0,0,0,0,0,0,0),(258,426,0,0,0,0,0,0,0),(258,821,0,0,0,0,0,0,0),(258,825,0,0,0,0,0,0,0),(258,827,0,0,0,0,0,0,0),(258,830,0,0,0,0,0,0,0),(258,831,0,0,0,0,0,0,0),(258,835,0,0,0,0,0,0,0),(258,836,0,0,0,0,0,0,0),(258,837,1,0,0,0,0,0,0),(258,841,0,0,0,0,0,0,0),(258,842,0,0,0,0,0,0,0),(258,845,0,0,0,0,0,0,0),(259,578,2,0,0,0,0,0,0),(259,579,0,0,0,0,0,0,0),(259,580,0,0,0,0,0,0,0),(259,581,0,0,0,0,0,0,0),(259,585,0,0,0,0,0,0,0),(259,588,2,0,0,0,0,0,0),(259,590,2,0,0,0,0,0,0),(259,591,0,0,0,0,0,0,0),(259,594,0,0,0,0,0,0,0),(259,597,0,0,0,0,0,0,0),(259,599,0,0,0,0,0,0,0),(259,600,0,0,0,0,0,0,0),(259,741,0,0,0,0,0,0,0),(259,742,0,0,0,0,0,0,0),(259,743,2,0,0,0,1,0,0),(259,746,0,0,0,0,0,0,0),(259,747,0,0,0,0,0,0,0),(259,748,0,0,1,0,0,0,0),(259,751,0,1,0,0,0,0,0),(259,756,0,0,0,0,0,0,0),(259,758,0,0,0,0,0,0,0),(260,796,0,0,0,0,0,0,0),(260,800,1,1,0,0,0,0,0),(260,809,2,2,0,0,0,0,0),(260,813,2,1,0,0,0,0,0),(260,816,0,0,0,0,0,0,0),(260,818,0,0,0,0,0,0,0),(260,820,0,0,0,0,0,0,0),(260,847,1,0,0,0,0,0,0),(260,853,0,0,0,0,0,0,0),(260,855,2,0,0,0,0,0,0),(260,861,0,0,0,0,0,0,0),(260,862,0,0,0,0,0,0,0),(260,867,0,0,0,0,0,0,0),(260,869,1,0,0,0,0,0,0),(260,870,0,0,0,0,0,0,0),(260,977,0,1,0,0,0,0,0),(260,981,0,0,0,0,0,0,0),(261,495,0,0,0,0,0,0,0),(261,498,0,0,0,0,0,0,0),(261,499,1,0,0,0,0,0,0),(261,500,0,0,0,0,0,0,0),(261,502,0,0,0,0,0,0,0),(261,504,0,0,0,0,0,0,0),(261,505,0,0,0,0,0,0,0),(261,510,0,0,0,0,0,0,0),(261,512,0,0,0,0,0,0,0),(261,517,1,0,0,0,0,0,0),(261,518,1,0,0,0,0,0,0),(261,872,0,0,0,0,0,0,0),(261,874,0,0,0,0,0,0,0),(261,877,0,0,2,0,0,0,0),(261,878,0,0,0,0,0,0,0),(261,879,0,0,0,0,0,0,0),(261,880,0,0,0,0,0,0,0),(261,881,0,0,0,0,0,0,0),(261,882,1,0,0,0,0,0,0),(261,884,0,0,0,0,0,0,0),(261,886,0,0,0,0,0,0,0),(261,887,0,0,0,0,0,0,0),(261,888,0,0,0,0,0,0,0),(261,890,1,0,0,0,0,0,0),(261,892,0,0,0,0,0,0,0),(261,893,0,0,0,0,0,0,0),(261,967,1,0,0,0,0,0,0),(262,427,0,0,0,0,0,0,0),(262,428,0,0,0,0,0,0,0),(262,429,0,0,0,0,0,0,0),(262,433,0,0,0,0,0,0,0),(262,436,1,0,1,0,0,0,0),(262,437,1,0,0,0,0,0,0),(262,442,0,0,0,0,0,0,0),(262,443,0,0,0,0,0,0,0),(262,444,2,0,1,0,0,0,0),(262,446,0,0,0,0,0,0,0),(262,447,0,0,0,0,0,0,0),(262,1005,0,0,0,0,0,0,0),(263,522,0,0,0,0,0,0,0),(263,523,0,0,0,0,0,0,0),(263,525,2,0,0,0,0,0,0),(263,526,0,0,0,0,0,0,0),(263,527,0,0,0,0,0,0,0),(263,528,1,0,0,0,0,0,0),(263,529,0,0,0,0,0,0,0),(263,531,0,0,0,0,0,0,0),(263,533,0,0,0,0,0,0,0),(263,535,0,0,0,0,0,0,0),(263,536,0,0,0,0,0,0,0),(263,537,0,0,1,0,0,0,0),(263,538,0,0,0,0,0,0,0),(263,601,0,0,0,0,0,0,0),(263,602,2,0,0,0,0,0,0),(263,604,0,1,1,0,0,0,0),(263,605,0,0,0,0,0,0,0),(263,607,0,0,0,0,0,0,0),(263,611,0,0,1,0,0,0,0),(263,612,0,0,0,0,0,0,0),(263,613,0,0,0,0,0,0,0),(263,617,0,0,0,0,0,0,0),(263,619,0,0,0,0,0,0,0),(264,449,1,0,0,0,0,0,0),(264,450,1,0,0,0,0,0,0),(264,453,0,0,0,0,0,0,0),(264,455,1,0,0,0,0,0,0),(264,456,0,0,0,0,0,0,0),(264,462,0,0,0,0,0,0,0),(264,465,0,0,0,0,0,0,0),(264,466,0,0,0,0,0,0,0),(264,467,0,0,0,0,0,0,0),(264,471,1,0,1,0,0,0,0),(264,759,0,0,0,0,0,0,0),(264,761,0,0,0,0,0,0,0),(264,767,0,0,0,0,0,0,0),(264,768,0,0,0,0,0,0,0),(264,771,0,0,1,0,0,0,0),(264,777,0,0,0,0,0,0,0),(264,781,0,0,0,0,0,0,0),(264,789,0,0,0,0,0,0,0),(264,794,0,0,0,0,0,0,0),(265,472,0,0,0,0,0,0,0),(265,479,0,0,0,0,0,0,0),(265,480,0,0,0,0,0,0,0),(265,481,1,0,0,0,0,0,0),(265,483,0,0,0,0,0,0,0),(265,484,0,0,0,0,0,0,0),(265,487,3,0,0,0,0,0,0),(265,488,0,0,0,0,0,0,0),(265,493,0,0,0,0,0,0,0),(265,759,0,0,0,0,0,0,0),(265,761,0,0,0,0,0,0,0),(265,767,0,0,0,0,0,0,0),(265,768,0,0,0,0,0,0,0),(265,771,0,0,0,0,0,0,0),(265,777,0,0,0,0,0,0,0),(265,781,0,0,0,0,0,0,0),(265,789,0,0,0,0,0,0,0),(265,795,0,0,0,0,0,0,0),(266,449,0,0,0,0,0,0,0),(266,450,0,0,0,0,0,0,0),(266,451,0,0,0,0,0,0,0),(266,453,0,0,0,0,0,0,0),(266,455,0,0,0,0,0,0,0),(266,456,0,0,0,0,0,0,0),(266,457,0,0,0,0,0,0,0),(266,466,0,0,0,0,0,0,0),(266,467,0,0,0,0,0,0,0),(266,471,3,0,0,0,0,0,0),(266,602,1,0,0,0,0,0,0),(266,604,1,0,1,0,0,0,0),(266,605,1,0,0,0,0,0,0),(266,607,0,0,0,0,0,0,0),(266,608,0,0,0,0,0,0,0),(266,611,1,0,0,0,0,0,0),(266,619,0,0,1,0,0,0,0),(266,621,0,0,0,0,0,0,0),(267,428,0,0,0,0,0,0,0),(267,429,1,0,0,0,0,0,0),(267,433,1,0,1,0,0,0,0),(267,436,1,0,1,0,0,0,0),(267,437,0,0,0,0,0,0,0),(267,440,1,0,0,0,0,0,0),(267,442,0,0,1,0,0,0,0),(267,444,2,0,1,0,0,0,0),(267,445,2,0,0,0,0,0,0),(267,446,0,0,0,0,0,0,0),(267,520,0,0,0,0,0,0,0),(267,521,0,0,0,0,0,0,0),(267,522,0,0,0,0,0,0,0),(267,523,1,0,1,0,0,0,0),(267,525,0,0,0,0,0,0,0),(267,526,0,0,0,0,0,0,0),(267,527,0,0,1,0,0,0,0),(267,528,0,0,0,0,0,0,0),(267,533,0,0,1,0,0,0,0),(267,536,0,0,1,0,0,0,0),(267,537,0,0,0,0,0,0,0),(267,538,1,0,0,0,0,0,0),(268,540,0,0,0,0,0,0,0),(268,545,0,0,0,0,0,0,0),(268,549,2,0,0,0,0,0,0),(268,556,0,0,0,0,0,0,0),(268,557,2,0,0,0,0,0,0),(268,558,0,0,0,0,0,0,0),(268,559,0,0,0,0,0,0,0),(268,560,1,0,0,0,0,0,0),(268,563,0,0,0,0,0,0,0),(268,564,2,0,0,0,0,0,0),(268,568,0,0,0,0,0,0,0),(268,569,0,0,0,0,0,0,0),(268,711,2,0,0,0,0,0,0),(268,712,0,0,0,0,0,0,0),(268,713,1,0,0,0,0,0,0),(268,714,0,0,0,0,0,0,0),(268,717,0,0,0,0,0,0,0),(268,718,0,0,0,0,0,0,0),(268,719,0,0,0,0,0,0,0),(268,722,1,0,0,0,0,0,0),(268,727,0,0,0,0,0,0,1),(268,728,0,0,0,0,0,0,0),(268,729,0,0,0,0,0,0,0),(268,730,0,0,0,0,0,0,0),(268,731,0,0,0,0,0,0,0),(268,732,0,0,0,0,0,0,0),(268,733,1,0,0,0,0,0,0),(268,734,0,0,0,0,0,0,0),(270,498,0,0,0,0,0,0,0),(270,499,3,0,0,0,0,0,0),(270,500,2,0,0,0,0,0,0),(270,502,0,0,0,0,0,0,0),(270,503,0,0,0,0,0,0,0),(270,504,0,0,0,0,0,0,0),(270,505,0,0,0,0,0,0,0),(270,507,0,0,0,0,0,0,0),(270,510,0,0,0,0,0,0,0),(270,511,0,0,0,0,0,0,0),(270,847,0,0,0,0,0,0,0),(270,849,1,0,0,0,0,0,0),(270,851,0,0,0,0,0,0,0),(270,853,0,0,0,0,0,0,0),(270,855,0,0,0,0,0,0,0),(270,858,0,0,0,0,0,0,0),(270,861,0,0,0,0,0,0,0),(270,862,0,0,0,0,0,0,0),(270,863,0,0,0,0,0,0,0),(270,867,0,0,0,0,0,0,0),(270,869,0,0,0,0,0,0,0),(270,870,0,0,0,0,0,0,0),(271,740,1,0,0,0,0,0,0),(271,742,0,4,0,0,0,0,0),(271,743,4,2,0,0,0,0,0),(271,746,0,0,0,0,0,0,0),(271,750,0,2,0,0,0,0,0),(271,751,1,0,0,0,0,0,0),(271,752,1,0,0,0,0,0,0),(271,753,2,0,0,0,0,0,0),(271,756,0,1,0,0,0,0,0),(271,798,0,0,0,0,0,0,0),(271,801,0,0,0,0,1,0,0),(271,802,0,0,0,0,0,0,0),(271,808,0,0,0,0,0,0,0),(271,813,0,0,0,0,0,0,0),(271,814,0,0,1,0,0,0,0),(271,816,0,0,0,0,0,0,0),(271,818,0,0,0,0,0,0,0),(271,820,0,0,0,0,0,0,0),(271,979,0,0,0,0,0,0,0),(272,403,0,0,0,0,0,0,0),(272,405,0,0,0,0,0,0,0),(272,408,0,0,0,0,0,0,0),(272,409,0,0,0,0,0,0,0),(272,410,0,0,0,0,0,0,0),(272,413,0,0,0,0,0,0,0),(272,415,0,0,0,0,0,0,0),(272,416,0,0,0,0,0,0,0),(272,423,0,0,0,0,0,0,0),(272,424,1,0,0,0,0,0,0),(272,425,0,0,0,0,0,0,0),(272,578,0,0,1,0,0,0,0),(272,579,0,0,0,0,0,0,0),(272,580,0,0,0,0,0,0,0),(272,585,0,0,0,0,0,0,0),(272,586,0,0,0,0,0,0,0),(272,588,0,0,0,0,0,0,0),(272,590,0,0,1,0,0,0,0),(272,591,0,0,0,0,0,0,0),(272,593,0,0,0,0,0,0,0),(272,594,0,0,0,0,0,0,0),(272,597,0,0,0,0,0,0,0),(272,599,0,0,0,0,0,0,0),(273,662,1,0,0,0,0,0,0),(273,663,0,0,0,0,0,0,0),(273,665,3,0,0,0,0,0,0),(273,667,0,0,0,0,0,0,0),(273,668,3,0,0,0,0,0,0),(273,670,0,0,0,0,0,0,0),(273,672,3,0,0,0,0,0,0),(273,674,0,0,0,0,0,0,0),(273,675,0,0,0,0,0,0,0),(273,824,0,0,0,0,0,0,0),(273,825,0,0,0,0,0,0,0),(273,826,0,0,0,0,0,0,0),(273,834,0,0,0,0,0,0,0),(273,835,0,0,1,0,0,0,0),(273,836,0,0,0,0,0,0,0),(273,837,1,0,0,0,0,0,0),(273,841,0,0,0,0,0,0,0),(273,842,0,0,0,0,0,0,0),(273,845,0,0,0,0,0,0,0),(274,622,0,0,0,0,0,0,0),(274,623,0,0,0,0,0,0,0),(274,624,0,0,0,0,0,0,0),(274,625,0,0,0,0,0,0,0),(274,635,1,0,0,0,0,0,0),(274,640,0,0,0,0,0,0,0),(274,648,0,0,0,0,0,0,0),(274,649,0,0,0,0,0,0,0),(274,656,0,0,0,0,0,0,0),(274,659,0,0,0,0,0,0,0),(274,660,0,0,1,0,0,0,1),(274,688,0,0,0,0,0,0,0),(274,691,0,0,0,0,0,0,0),(274,692,0,0,0,0,0,0,0),(274,693,0,0,0,0,0,0,0),(274,694,1,0,0,0,0,0,0),(274,697,0,0,0,0,0,0,0),(274,701,1,0,0,0,0,0,0),(274,703,0,0,0,0,0,0,0),(274,708,0,0,0,0,0,0,0),(275,472,0,0,0,0,0,0,0),(275,473,0,0,0,0,0,0,0),(275,475,0,0,0,0,0,0,0),(275,479,1,0,1,0,0,0,0),(275,483,0,0,0,0,0,0,0),(275,484,0,0,0,0,0,0,0),(275,486,0,0,0,0,0,0,0),(275,487,1,0,0,0,1,0,0),(275,488,0,0,0,0,0,0,0),(275,492,0,0,1,0,0,0,0),(275,493,0,0,0,0,0,0,0),(275,622,0,0,0,0,0,0,0),(275,635,0,0,0,0,0,0,0),(275,640,1,0,1,0,0,0,0),(275,643,0,0,1,0,1,0,0),(275,648,0,0,0,0,0,0,0),(275,653,1,0,0,0,0,0,0),(275,656,0,0,0,0,0,0,0),(275,659,0,0,0,0,0,0,0),(276,688,0,0,0,0,0,0,0),(276,689,0,0,0,0,0,0,0),(276,691,0,0,0,0,0,0,0),(276,692,0,0,0,0,0,0,0),(276,693,2,0,1,0,0,0,0),(276,694,1,0,0,0,0,0,0),(276,695,2,0,0,0,0,0,0),(276,697,0,0,0,0,0,0,0),(276,698,1,0,0,0,0,0,0),(276,700,0,0,0,0,0,0,0),(276,708,1,0,0,0,0,0,0),(276,710,0,0,0,0,0,0,0),(276,821,0,0,0,0,0,0,0),(276,822,0,0,0,0,0,0,0),(276,825,0,0,0,0,0,0,0),(276,830,0,0,1,0,0,0,0),(276,836,0,0,0,0,0,0,0),(276,837,1,0,0,0,1,0,0),(276,838,0,0,0,0,0,0,0),(276,840,0,0,0,0,0,0,0),(276,841,0,0,0,0,0,0,0),(276,845,1,0,0,0,0,0,0),(277,578,0,0,0,0,0,0,0),(277,579,0,0,2,0,0,0,0),(277,580,0,0,0,0,0,0,0),(277,581,0,0,0,0,0,0,0),(277,582,0,0,1,0,0,0,0),(277,585,0,0,1,0,0,0,0),(277,586,0,0,0,0,0,0,0),(277,588,1,0,0,0,0,0,0),(277,590,1,0,0,0,0,0,0),(277,591,0,0,0,0,0,0,0),(277,593,2,0,0,0,0,0,0),(277,594,0,0,0,0,0,0,0),(277,597,0,0,0,0,0,0,0),(277,662,0,0,0,0,0,0,0),(277,663,0,0,0,0,0,0,0),(277,665,0,0,0,0,0,0,0),(277,667,0,0,1,0,0,0,0),(277,670,0,0,1,0,0,0,0),(277,672,1,0,0,0,0,0,0),(277,674,0,0,1,0,0,0,0),(277,675,0,0,0,0,0,0,0),(277,676,0,0,0,0,0,0,0),(277,678,0,0,0,0,0,0,0),(278,408,3,0,0,0,0,0,0),(278,409,6,0,0,0,0,0,0),(278,410,0,0,0,0,0,0,0),(278,412,0,0,0,0,0,0,0),(278,413,0,0,0,0,0,0,0),(278,416,0,0,0,0,0,0,0),(278,417,0,0,0,0,0,0,0),(278,419,0,0,0,0,0,0,0),(278,420,0,0,0,0,0,0,0),(278,424,2,0,0,0,0,0,0),(278,425,2,0,0,0,0,0,0),(278,797,1,2,0,0,0,0,0),(278,799,1,1,0,0,0,0,0),(278,800,1,0,0,0,0,0,0),(278,801,0,1,0,0,0,0,0),(278,806,0,0,0,0,0,0,0),(278,808,0,0,0,0,0,0,0),(278,809,0,0,0,0,0,0,0),(278,810,3,0,0,0,0,0,0),(278,813,0,2,0,0,0,0,0),(278,816,0,0,0,0,0,0,0),(278,818,0,0,0,0,0,0,0),(278,820,0,0,0,0,0,0,0),(278,977,0,0,0,0,0,0,0),(279,498,1,0,0,0,0,0,0),(279,499,1,0,0,0,0,0,0),(279,501,0,0,0,0,0,0,0),(279,504,0,0,0,0,0,0,0),(279,505,1,0,0,0,0,0,0),(279,507,0,0,0,0,0,0,0),(279,509,0,0,0,0,0,0,0),(279,511,0,0,0,0,0,0,0),(279,513,0,0,0,0,0,0,0),(279,515,1,0,0,0,0,0,0),(279,516,0,0,0,0,0,0,0),(279,517,1,0,0,0,0,0,0),(279,518,1,0,0,0,0,0,0),(279,738,0,0,0,0,0,0,0),(279,739,0,1,0,0,0,0,0),(279,740,0,0,0,0,0,0,0),(279,741,0,0,0,0,0,0,0),(279,742,0,0,0,0,0,0,0),(279,743,3,0,0,0,0,0,0),(279,748,0,1,0,0,0,0,1),(279,751,0,1,0,0,0,0,0),(279,752,0,0,0,0,0,0,0),(279,756,0,0,0,0,0,0,0),(279,757,0,0,0,0,0,0,0),(279,758,0,0,0,0,0,0,0),(279,1004,0,0,0,0,0,0,0),(281,874,1,0,0,0,0,0,0),(281,880,1,0,0,0,0,0,0),(281,881,0,0,0,0,0,0,0),(281,884,1,0,0,0,0,0,0),(281,886,1,0,0,0,0,0,0),(281,887,0,0,0,0,0,0,0),(281,888,0,0,1,0,0,0,0),(281,889,0,0,0,0,0,0,0),(281,890,0,0,0,0,0,0,0),(281,892,0,0,0,0,0,0,0),(282,520,0,0,1,0,0,0,0),(282,521,0,0,0,0,0,0,0),(282,522,1,0,0,0,0,0,0),(282,523,0,0,0,0,0,0,0),(282,525,0,0,0,0,0,0,0),(282,526,1,0,0,0,0,0,0),(282,529,0,0,0,0,0,0,0),(282,531,0,0,0,0,0,0,0),(282,533,0,0,0,0,0,0,0),(282,534,0,0,0,0,0,0,0),(282,537,2,0,0,0,0,0,0),(282,538,0,0,0,0,1,0,0),(282,540,0,0,0,0,0,0,0),(282,545,2,0,0,0,0,0,0),(282,549,1,0,0,0,0,0,0),(282,553,0,0,0,0,0,0,0),(282,557,1,0,0,0,0,0,0),(282,558,0,0,0,0,0,0,0),(282,559,0,0,0,0,0,0,0),(282,560,0,0,0,0,0,0,0),(282,563,0,0,0,0,0,0,0),(282,566,1,0,0,0,0,0,0),(282,568,0,0,0,0,0,0,0),(283,428,0,0,0,0,0,0,0),(283,429,0,0,0,0,0,0,0),(283,431,0,0,0,0,0,0,0),(283,433,1,0,0,0,0,0,0),(283,440,0,0,0,0,0,0,0),(283,441,1,0,0,0,0,0,0),(283,442,0,0,0,0,0,0,0),(283,443,0,0,1,0,0,0,0),(283,445,0,0,0,0,0,0,0),(283,446,0,0,0,0,0,0,0),(283,449,0,0,0,0,0,0,0),(283,450,0,0,0,0,0,0,0),(283,451,1,0,0,0,0,0,0),(283,453,0,0,1,0,0,0,0),(283,455,1,0,1,0,0,0,0),(283,456,0,0,0,0,0,0,0),(283,460,0,0,0,0,0,0,0),(283,462,0,0,0,0,0,0,0),(283,465,0,0,1,0,0,0,0),(283,466,0,0,0,0,0,0,0),(283,471,0,0,0,0,0,0,0),(284,601,0,0,0,0,0,0,0),(284,603,0,0,0,0,0,0,0),(284,605,0,0,1,0,0,0,0),(284,607,0,0,0,0,0,0,0),(284,608,0,0,0,0,0,0,0),(284,611,0,0,0,0,0,0,0),(284,612,0,0,0,0,0,0,0),(284,615,4,0,0,0,0,0,0),(284,619,0,0,0,0,0,0,0),(284,621,0,0,0,0,0,0,0),(284,759,0,0,0,0,0,0,0),(284,761,1,0,0,0,0,0,0),(284,767,0,0,0,0,0,0,0),(284,768,1,0,0,0,0,0,0),(284,771,0,0,0,0,0,0,0),(284,777,0,0,0,0,0,0,0),(284,781,0,0,0,0,0,0,0),(284,790,0,0,0,0,0,0,0),(284,794,0,0,1,0,0,0,0),(284,795,1,0,0,0,0,0,0),(285,472,0,0,0,0,0,0,0),(285,473,0,0,0,0,0,0,0),(285,475,0,0,0,0,0,0,0),(285,479,1,0,0,0,0,0,0),(285,480,1,0,0,0,0,0,0),(285,481,0,0,0,0,0,0,0),(285,483,0,0,0,0,0,0,0),(285,484,0,0,0,0,0,0,0),(285,486,2,0,0,0,0,0,0),(285,488,1,0,0,0,0,0,0),(285,492,2,0,0,0,0,0,0),(285,493,0,0,0,0,0,0,0),(285,601,0,0,0,0,0,0,0),(285,602,0,0,0,0,0,0,0),(285,603,0,0,0,0,0,0,0),(285,604,1,0,0,0,0,0,0),(285,605,0,0,0,0,0,0,0),(285,614,0,0,0,0,0,0,0),(285,615,3,0,0,0,0,0,0),(285,619,0,0,0,0,0,0,0),(286,427,0,0,0,0,0,0,0),(286,428,0,0,1,0,0,0,0),(286,429,0,0,0,0,0,0,0),(286,433,0,0,0,0,0,0,0),(286,436,0,0,1,0,0,0,0),(286,437,0,0,0,0,0,0,0),(286,440,0,0,0,0,0,0,0),(286,442,0,0,0,0,0,0,0),(286,443,0,0,0,0,0,0,0),(286,444,3,0,1,0,1,0,0),(286,446,0,0,0,0,0,0,0),(286,759,0,0,1,0,0,0,0),(286,767,0,0,0,0,0,0,0),(286,768,0,0,0,0,0,0,0),(286,771,2,0,0,0,0,0,0),(286,777,0,0,0,0,0,0,0),(286,781,0,0,0,0,0,0,0),(286,789,0,0,0,0,0,0,0),(286,794,0,0,1,0,0,0,0),(286,795,1,0,0,0,0,0,0),(287,450,0,0,0,0,0,0,0),(287,451,0,0,0,0,0,0,0),(287,453,0,0,0,0,0,0,0),(287,455,0,0,0,0,0,0,0),(287,456,0,0,0,0,0,0,0),(287,461,0,0,0,0,0,0,0),(287,462,0,0,0,0,0,0,0),(287,466,0,0,1,0,0,0,0),(287,467,0,0,0,0,0,0,0),(287,471,1,0,1,0,0,0,0),(287,545,0,0,0,0,0,0,0),(287,548,0,0,0,0,0,0,0),(287,549,1,0,0,0,0,0,0),(287,552,0,0,0,0,0,0,0),(287,556,0,0,0,0,0,0,0),(287,557,0,0,0,0,0,0,0),(287,558,0,0,0,0,0,0,0),(287,559,0,0,0,0,0,0,0),(287,560,0,0,0,0,0,0,0),(287,564,0,0,0,0,0,0,0),(287,566,1,0,0,0,0,0,0),(287,575,0,0,0,0,0,0,0),(288,521,0,0,0,0,0,0,0),(288,522,0,0,0,0,0,0,0),(288,523,0,0,0,0,0,0,0),(288,525,2,0,0,0,0,0,0),(288,527,0,0,0,0,0,0,0),(288,528,0,0,0,0,1,0,0),(288,529,0,0,0,0,0,0,0),(288,533,0,0,0,0,0,0,0),(288,534,1,0,0,0,0,0,0),(288,538,2,0,0,0,0,0,0),(288,877,0,0,0,0,0,0,0),(288,879,0,0,0,0,0,0,0),(288,880,0,0,0,0,0,0,0),(288,882,2,0,0,0,0,0,0),(288,884,0,0,0,0,0,0,0),(288,886,0,0,0,0,0,0,0),(288,887,0,0,0,0,0,0,0),(288,892,0,0,0,0,0,0,0),(288,893,0,0,0,0,0,0,0),(289,849,0,0,0,0,0,0,0),(289,855,2,0,0,0,0,0,0),(289,857,1,0,0,0,0,0,0),(289,858,0,0,0,0,0,0,0),(289,862,0,0,0,0,0,0,0),(289,863,4,0,0,0,0,0,0),(289,867,0,0,0,0,0,0,0),(289,870,1,0,0,0,0,0,0),(291,403,0,0,0,0,0,0,0),(291,408,2,0,0,0,0,0,0),(291,410,0,0,0,0,0,0,0),(291,412,0,0,0,0,0,0,0),(291,413,0,0,0,0,0,0,0),(291,415,0,0,0,0,0,0,0),(291,416,1,0,0,0,0,0,0),(291,424,0,0,0,0,0,0,0),(291,425,0,0,0,0,0,0,0),(291,496,0,0,0,0,0,0,0),(291,499,0,0,0,0,0,0,0),(291,501,0,0,0,0,0,0,0),(291,503,0,0,0,0,0,0,0),(291,504,0,0,0,0,0,0,0),(291,505,0,0,0,0,0,0,0),(291,509,0,0,0,0,0,0,0),(291,513,0,0,0,0,0,0,0),(291,516,0,0,0,0,0,0,0),(291,517,0,0,0,0,0,0,0),(291,518,0,0,0,0,0,0,0),(292,662,1,0,2,0,0,0,0),(292,663,0,0,0,0,0,0,0),(292,665,0,0,0,0,0,0,0),(292,668,0,0,1,0,0,0,0),(292,670,0,0,1,0,0,0,0),(292,671,2,0,0,0,0,0,0),(292,672,0,0,0,0,0,0,0),(292,674,0,0,2,0,0,0,0),(292,676,0,0,0,0,0,0,0),(292,677,0,0,0,0,0,0,0),(292,684,0,0,0,0,0,0,0),(292,797,3,1,0,0,0,0,0),(292,798,0,1,0,0,0,0,0),(292,799,0,2,0,0,0,0,0),(292,800,0,1,0,0,0,0,0),(292,808,0,0,0,0,0,0,0),(292,809,3,0,1,0,0,0,0),(292,811,0,0,0,0,0,0,0),(292,813,0,1,1,0,0,0,0),(292,814,0,0,0,0,0,0,0),(292,816,0,0,0,0,0,0,0),(293,578,0,0,0,0,0,0,0),(293,579,1,0,0,0,0,0,0),(293,582,0,0,0,0,0,0,0),(293,585,0,0,0,0,0,0,0),(293,586,0,0,0,0,0,0,0),(293,589,0,0,0,0,0,0,0),(293,590,2,0,0,0,0,0,0),(293,591,0,0,0,0,0,0,0),(293,593,0,0,0,0,0,0,0),(293,597,0,0,0,0,0,0,0),(293,598,0,0,0,0,0,0,0),(293,687,0,0,0,0,0,0,0),(293,689,0,0,0,0,0,0,0),(293,691,0,0,0,0,0,0,0),(293,692,0,0,0,0,0,0,0),(293,693,0,0,0,0,0,0,0),(293,694,0,0,0,0,0,0,0),(293,698,0,0,0,0,0,0,0),(293,700,0,0,0,0,0,0,0),(293,701,0,0,0,0,0,0,0),(293,708,0,0,0,0,0,0,0),(293,710,0,0,0,0,0,0,0),(294,624,1,0,0,0,0,0,0),(294,625,0,0,0,0,0,0,0),(294,626,1,0,0,0,0,0,0),(294,635,0,0,0,0,0,0,0),(294,643,0,0,0,0,0,0,0),(294,648,0,0,0,0,0,0,0),(294,653,1,0,0,0,0,0,0),(294,656,0,0,0,0,0,0,0),(294,659,0,0,0,0,0,0,0),(294,660,0,0,1,0,0,0,0),(294,821,0,0,0,0,0,0,0),(294,822,0,0,0,0,0,0,0),(294,830,1,0,0,0,0,0,0),(294,831,0,0,1,0,0,0,0),(294,836,0,0,0,0,0,0,0),(294,837,0,0,0,0,0,0,0),(294,838,0,0,0,0,0,0,0),(294,845,2,0,0,0,0,0,0),(295,472,0,0,0,0,0,0,0),(295,473,0,0,0,0,0,0,0),(295,475,0,0,0,0,0,0,0),(295,479,0,0,0,0,0,0,0),(295,480,1,0,0,0,1,0,0),(295,483,0,0,0,0,0,0,0),(295,484,0,0,0,0,0,0,0),(295,486,0,0,0,0,0,0,0),(295,487,0,0,0,0,0,0,0),(295,492,0,0,0,0,0,0,0),(295,493,0,0,0,0,0,0,0),(295,494,0,0,0,0,0,0,0),(295,821,0,0,0,0,0,0,0),(295,825,0,0,0,0,0,0,0),(295,827,0,0,0,0,0,0,0),(295,830,0,0,0,0,0,0,0),(295,831,0,0,0,0,0,0,0),(295,832,0,0,0,0,0,0,0),(295,835,0,0,0,0,0,0,0),(295,836,0,0,0,0,0,0,0),(295,838,0,0,0,0,0,0,0),(295,841,0,0,0,0,0,0,0),(295,845,0,0,0,0,0,0,0),(296,579,1,0,0,0,0,0,0),(296,580,0,0,0,0,0,0,0),(296,581,1,0,0,0,0,0,0),(296,582,0,0,0,0,0,0,0),(296,585,0,0,0,0,0,0,0),(296,586,0,0,1,0,0,0,0),(296,589,0,0,0,0,0,0,0),(296,590,3,0,1,0,0,0,0),(296,591,0,0,0,0,0,0,0),(296,592,1,0,0,0,0,0,0),(296,593,0,0,0,0,0,0,0),(296,594,0,0,0,0,0,0,0),(296,597,0,0,0,0,0,0,0),(296,598,0,0,0,0,0,0,0),(296,622,0,0,0,0,0,0,1),(296,624,0,1,0,0,0,0,0),(296,625,0,0,0,0,0,0,0),(296,626,0,0,0,0,0,0,0),(296,632,0,1,0,0,0,0,0),(296,635,2,0,0,0,0,0,0),(296,640,0,0,1,0,0,0,0),(296,643,0,0,0,0,0,0,0),(296,644,0,0,0,0,0,0,0),(296,647,0,0,0,0,0,0,0),(296,652,0,3,0,0,0,0,0),(296,653,3,0,0,0,0,0,0),(296,656,0,0,0,0,0,0,0),(296,660,0,0,0,0,0,0,0),(297,686,0,0,0,0,0,0,0),(297,689,1,0,0,0,0,0,0),(297,691,0,0,0,0,0,0,0),(297,692,0,0,0,0,0,0,0),(297,693,2,0,0,0,0,0,0),(297,694,0,0,0,0,0,0,0),(297,697,0,0,0,0,0,0,0),(297,700,0,0,0,0,0,0,0),(297,705,0,0,0,0,0,0,0),(297,706,1,0,0,0,0,0,0),(297,708,1,0,0,0,0,0,0),(297,797,1,0,0,0,0,0,0),(297,799,0,1,0,0,0,0,0),(297,800,0,1,0,0,0,0,0),(297,803,0,0,0,0,0,0,0),(297,808,0,0,0,0,0,0,0),(297,809,1,0,0,0,0,0,0),(297,811,0,0,0,0,0,0,0),(297,813,0,0,0,0,0,0,0),(297,814,0,0,0,0,0,0,0),(297,815,0,0,0,0,0,0,0),(297,816,0,0,0,0,0,0,0),(297,818,0,0,0,0,0,0,0),(297,820,0,0,0,0,0,0,0),(298,495,0,0,0,0,0,0,0),(298,496,0,0,0,0,0,0,0),(298,498,1,0,0,0,0,0,0),(298,499,5,0,0,0,0,0,0),(298,500,0,0,0,0,0,0,0),(298,504,0,0,0,0,0,0,0),(298,510,0,0,0,0,0,0,0),(298,511,0,0,0,0,0,0,0),(298,513,0,0,0,0,0,0,0),(298,517,0,0,0,0,0,0,0),(298,662,2,0,0,0,0,0,0),(298,663,0,0,0,0,0,0,0),(298,665,0,0,0,0,0,0,0),(298,670,0,0,0,0,0,0,0),(298,672,0,0,0,0,0,0,0),(298,674,0,0,1,0,0,0,0),(298,676,0,0,0,0,0,0,0),(298,678,0,0,0,0,0,0,0),(298,684,0,0,0,0,0,0,0),(298,685,0,0,0,0,0,0,0),(298,1006,0,0,0,0,0,0,0),(299,711,1,0,0,0,0,0,0),(299,712,0,0,0,0,0,0,0),(299,713,0,0,0,0,0,0,0),(299,714,0,0,0,0,0,0,0),(299,718,0,0,0,0,0,0,0),(299,719,0,0,0,0,0,0,0),(299,722,0,0,0,0,0,0,0),(299,727,0,0,0,0,0,0,0),(299,728,0,0,0,0,0,0,0),(299,729,0,0,0,0,0,0,0),(299,730,0,0,0,0,0,0,0),(299,731,0,0,0,0,0,0,0),(299,732,0,0,0,0,0,0,0),(299,733,2,0,0,0,0,0,0),(299,734,2,0,0,0,0,0,0),(299,738,2,0,0,0,0,0,0),(299,740,0,0,0,0,0,0,0),(299,742,0,0,0,0,0,0,0),(299,743,1,0,0,0,0,0,0),(299,744,0,0,0,0,0,0,0),(299,745,0,0,0,0,0,0,0),(299,746,0,0,0,0,0,0,0),(299,748,0,0,0,0,0,0,0),(299,750,0,0,0,0,0,0,0),(299,752,0,0,0,0,0,0,0),(299,754,0,0,0,0,0,0,0),(299,756,0,0,0,0,0,0,0),(299,757,0,0,0,0,0,0,0),(299,758,0,0,0,0,0,0,0),(300,520,0,0,0,0,0,0,0),(300,521,0,0,0,0,0,0,0),(300,522,0,0,0,0,0,0,0),(300,523,0,0,0,0,0,0,0),(300,525,1,0,0,0,0,0,0),(300,526,0,0,0,0,0,0,0),(300,527,1,0,0,0,0,0,0),(300,528,0,0,0,0,0,0,0),(300,529,0,0,0,0,0,0,0),(300,533,0,0,1,0,0,0,0),(300,534,0,0,0,0,0,0,0),(300,537,0,0,1,0,0,0,0),(300,538,0,0,0,0,0,0,0),(300,848,0,0,1,0,0,0,0),(300,849,0,0,0,0,0,0,0),(300,852,0,0,0,0,0,0,0),(300,853,0,0,0,0,0,0,0),(300,855,0,0,0,0,0,0,0),(300,858,0,0,0,0,0,0,0),(300,859,1,0,0,0,0,0,0),(300,861,0,0,0,0,0,0,0),(300,862,0,0,0,0,0,0,0),(300,863,0,0,0,0,0,0,0),(300,867,0,0,0,0,0,0,0),(300,870,0,0,0,0,0,0,0),(301,449,6,0,0,0,0,0,0),(301,450,6,0,0,0,0,0,0),(301,451,3,0,0,0,0,0,0),(301,453,0,0,0,0,0,0,0),(301,455,0,0,0,0,0,0,0),(301,456,2,0,0,0,0,0,0),(301,461,1,0,0,0,0,0,0),(301,462,1,0,0,0,0,0,0),(301,467,1,0,0,0,0,0,0),(301,871,0,0,0,0,0,0,0),(301,874,1,0,0,0,0,0,0),(301,876,0,0,0,0,0,0,0),(301,878,0,0,0,0,0,0,0),(301,882,2,0,0,0,0,0,0),(301,884,0,0,0,0,0,0,0),(301,886,0,0,0,0,0,0,0),(301,888,0,0,0,0,0,0,0),(302,540,0,0,0,0,0,0,0),(302,549,1,0,0,0,0,0,0),(302,552,0,0,0,0,0,0,0),(302,557,2,0,0,0,0,0,0),(302,558,0,0,1,0,0,0,0),(302,560,0,0,0,0,0,0,0),(302,563,0,0,0,0,0,0,0),(302,564,0,0,0,0,0,0,0),(302,568,0,0,0,0,0,0,0),(302,575,0,0,1,0,0,0,0),(302,759,0,0,0,0,0,0,0),(302,767,0,0,0,0,0,0,0),(302,768,1,0,0,0,0,0,0),(302,771,0,0,0,0,0,0,0),(302,777,0,0,0,0,0,0,0),(302,781,0,0,0,0,0,0,0),(302,794,0,0,0,0,0,0,0),(302,795,0,0,0,0,0,0,0),(304,427,0,0,0,0,0,0,0),(304,428,0,0,0,0,0,0,0),(304,433,0,0,0,0,0,0,0),(304,436,0,0,0,0,0,0,0),(304,437,0,0,1,0,0,0,0),(304,440,0,0,0,0,0,0,0),(304,442,0,0,0,0,0,0,0),(304,443,0,0,1,0,0,0,0),(304,444,2,0,0,0,0,0,0),(304,472,0,0,0,0,0,0,1),(304,475,0,0,0,0,0,0,0),(304,479,2,0,1,0,0,0,0),(304,480,0,0,0,0,0,0,0),(304,481,1,0,1,0,0,0,0),(304,483,0,0,0,0,0,0,0),(304,484,0,0,0,0,0,0,0),(304,486,0,0,0,0,0,0,0),(304,488,0,0,0,0,0,0,0),(304,492,1,0,0,0,0,0,0),(304,1007,0,0,0,0,0,0,0),(304,1008,0,0,0,0,0,0,0),(305,540,0,0,0,0,0,0,0),(305,545,0,0,0,0,0,0,0),(305,547,0,0,0,0,0,0,0),(305,549,0,0,0,0,0,0,0),(305,552,1,0,0,0,0,0,0),(305,557,1,0,0,0,0,0,0),(305,558,0,0,0,0,0,0,0),(305,560,0,0,0,0,0,0,0),(305,566,1,0,0,0,0,0,0),(305,568,0,0,0,0,0,0,0),(305,575,0,0,0,0,0,0,0),(305,602,0,0,0,0,0,0,0),(305,603,1,0,1,0,0,0,0),(305,604,0,0,1,0,0,0,0),(305,605,3,0,0,1,0,0,0),(305,607,0,0,0,0,0,0,0),(305,608,0,0,0,0,0,0,0),(305,611,0,0,1,0,0,0,0),(305,612,0,0,0,0,0,0,0),(305,619,0,0,0,0,0,0,0),(306,759,0,0,0,0,0,0,0),(306,767,2,0,0,0,0,0,0),(306,768,2,0,0,0,0,0,0),(306,771,1,0,0,0,0,0,0),(306,777,0,0,0,0,0,0,0),(306,781,0,0,0,0,0,0,0),(306,789,0,0,0,0,0,0,0),(306,794,0,0,0,0,0,0,0),(306,795,1,0,0,0,0,0,0),(306,874,0,0,0,0,0,0,0),(306,880,0,0,0,0,0,0,0),(306,881,0,0,0,0,0,0,0),(306,882,1,0,0,0,0,0,0),(306,884,0,0,0,0,0,0,0),(306,885,0,0,0,0,0,0,0),(306,886,1,0,0,0,0,0,0),(306,887,0,0,0,0,0,0,0),(306,890,0,0,0,0,0,0,0),(306,892,0,0,0,0,0,0,0),(306,1009,0,0,0,0,0,0,0),(307,449,2,0,0,0,0,0,0),(307,450,0,0,0,0,0,0,0),(307,451,1,0,0,0,0,0,0),(307,453,0,0,0,0,0,0,0),(307,455,0,0,0,0,0,0,0),(307,456,0,0,1,0,0,0,0),(307,461,0,0,0,0,0,0,0),(307,462,0,0,0,0,0,0,0),(307,466,0,0,0,0,0,0,0),(307,846,0,0,0,0,0,0,0),(307,853,0,0,0,0,0,0,0),(307,861,0,0,0,0,0,0,0),(307,862,0,0,0,0,0,0,0),(307,863,0,0,0,0,0,0,0),(307,864,0,0,0,0,0,0,0),(307,867,0,0,0,0,0,0,0),(307,869,0,0,0,0,0,0,0),(307,870,0,0,0,0,0,0,0),(308,520,0,0,1,0,0,0,0),(308,521,0,0,0,0,0,0,0),(308,522,0,0,0,0,0,0,0),(308,523,0,0,0,0,0,0,0),(308,525,0,0,1,0,0,0,0),(308,526,0,0,0,0,0,0,0),(308,527,1,0,0,0,0,0,0),(308,528,0,0,0,0,0,0,0),(308,529,0,0,0,0,0,0,0),(308,534,0,0,0,0,0,0,0),(308,536,0,0,0,0,0,0,0),(308,537,0,0,0,0,0,0,0),(308,538,1,0,0,0,0,0,0),(308,739,0,0,0,0,0,0,0),(308,740,0,0,0,0,0,0,0),(308,741,0,0,0,0,0,0,0),(308,743,0,0,0,0,0,0,0),(308,744,0,0,0,0,0,0,0),(308,745,0,0,0,0,0,0,0),(308,747,0,0,0,0,0,0,0),(308,748,0,0,1,0,0,0,0),(308,751,0,0,0,0,0,0,0),(308,752,0,0,0,0,0,0,0),(308,753,0,0,0,0,0,0,0),(308,755,0,0,0,0,0,0,0),(308,756,0,0,0,0,0,0,0),(308,757,0,0,0,0,0,0,0),(308,758,0,0,0,0,0,0,0),(309,408,1,0,0,0,0,0,0),(309,410,0,0,0,0,0,0,0),(309,413,0,0,0,0,0,0,0),(309,415,0,0,0,0,0,0,0),(309,417,0,0,0,0,0,0,0),(309,423,0,0,0,0,0,0,0),(309,424,0,0,0,0,0,0,0),(309,425,0,0,0,0,0,0,0),(309,426,3,0,0,0,0,0,0),(309,711,0,0,0,0,0,0,0),(309,712,0,0,0,0,0,0,0),(309,713,0,0,0,0,0,0,0),(309,714,0,0,0,0,0,0,0),(309,717,0,0,0,0,0,0,0),(309,719,2,0,0,0,0,0,0),(309,727,0,0,0,0,0,0,0),(309,728,1,0,0,0,0,0,0),(309,729,0,0,0,0,0,0,0),(309,731,0,0,0,0,0,0,0),(309,733,0,0,0,0,0,0,0),(309,734,0,0,0,0,0,0,0),(310,499,2,0,0,0,0,0,0),(310,500,0,0,0,0,0,0,0),(310,501,3,0,0,0,0,0,0),(310,503,2,0,0,0,0,0,0),(310,508,1,0,0,0,0,0,0),(310,509,1,0,0,0,0,0,0),(310,513,0,0,0,0,0,0,0),(310,516,0,0,0,0,0,0,0),(310,517,0,0,0,0,0,0,0),(310,688,1,0,0,0,0,0,0),(310,689,0,0,0,0,0,0,0),(310,691,0,0,0,0,0,0,0),(310,692,0,0,0,0,0,0,0),(310,694,0,0,0,0,0,0,0),(310,697,2,0,0,0,0,0,0),(310,698,0,0,0,0,0,0,0),(310,701,0,0,0,0,0,0,0),(310,705,0,0,0,0,0,0,0),(310,706,0,0,0,0,0,0,0),(310,708,0,0,0,0,0,0,0),(310,710,0,0,0,0,0,0,0),(311,624,0,2,0,0,0,0,0),(311,625,0,0,0,0,0,0,0),(311,632,0,0,0,0,0,0,0),(311,635,1,2,0,0,0,0,0),(311,640,0,0,0,0,0,0,0),(311,643,0,0,0,0,0,0,0),(311,644,0,0,0,0,0,0,0),(311,647,2,1,0,0,0,0,0),(311,650,1,0,0,0,0,0,0),(311,656,1,0,0,0,0,0,0),(311,660,0,0,0,0,0,0,0),(311,796,1,2,0,0,0,0,0),(311,797,3,3,0,0,0,0,0),(311,799,0,1,0,0,0,0,0),(311,800,0,0,0,0,0,0,0),(311,803,1,0,0,0,0,0,0),(311,808,0,0,0,0,0,0,0),(311,811,0,0,0,0,0,0,0),(311,813,0,1,0,0,0,0,0),(311,814,1,0,1,0,0,0,0),(311,815,1,0,0,0,0,0,0),(311,816,0,0,0,0,0,0,0),(312,578,0,0,0,0,0,0,0),(312,579,2,0,0,0,0,0,0),(312,580,0,0,1,0,0,0,0),(312,581,0,0,0,0,0,0,0),(312,586,0,0,0,0,0,0,0),(312,589,1,0,0,0,0,0,0),(312,591,0,0,0,0,0,0,0),(312,592,0,0,0,0,0,0,0),(312,593,1,0,0,0,0,0,0),(312,594,0,0,0,0,0,0,0),(312,597,0,0,0,0,0,0,0),(312,599,0,0,0,0,0,0,0),(312,821,0,0,0,0,0,0,0),(312,822,0,0,0,0,0,0,0),(312,825,0,0,0,0,0,0,0),(312,827,0,0,1,0,0,0,0),(312,836,0,0,0,0,0,0,0),(312,837,0,0,0,0,0,0,0),(312,838,0,0,0,0,0,0,0),(312,840,0,0,0,0,0,0,0),(312,841,0,0,0,0,0,0,0),(312,845,0,0,0,0,0,0,0),(312,1010,0,0,0,0,0,0,0);
/*!40000 ALTER TABLE `players_in_match` ENABLE KEYS */;
UNLOCK TABLES;
/*!50003 SET @saved_cs_client      = @@character_set_client */ ;
/*!50003 SET @saved_cs_results     = @@character_set_results */ ;
/*!50003 SET @saved_col_connection = @@collation_connection */ ;
/*!50003 SET character_set_client  = utf8 */ ;
/*!50003 SET character_set_results = utf8 */ ;
/*!50003 SET collation_connection  = utf8_general_ci */ ;
/*!50003 SET @saved_sql_mode       = @@sql_mode */ ;
/*!50003 SET sql_mode              = 'STRICT_TRANS_TABLES,NO_AUTO_CREATE_USER,NO_ENGINE_SUBSTITUTION' */ ;
DELIMITER ;;
/*!50003 CREATE*/ /*!50017 DEFINER=`root`@`localhost`*/ /*!50003 trigger  tr_aft_ins_players_in_match after insert on players_in_match
for each row
begin 

declare l_id int;
declare l_count_goals int ;
declare l_count_assist int;
declare l_yellow int;
declare l_red int;
declare l_penalty int;
declare l_penalty_out int;
declare l_own_goal int;

set l_id = new.id_player;
set l_count_goals = new.count_goals;
set l_count_assist = new.count_assist;
set l_yellow = new.yellow;
set l_red = new.red;
set l_penalty = new.penalty;
set l_penalty_out = new.penalty_out;
set l_own_goal = new.own_goal;



update players_statistics ps
set games = games + 1, 
	goal = goal + l_count_goals, 
	assist = assist + l_count_assist,
	yellow_card = yellow_card + l_yellow, 
    red_card = red_card + l_red, 
    ps.penalty = ps.penalty + l_penalty,
	ps.penalty_out = ps.penalty_out + l_penalty_out, 
    ps.own_goal = ps.own_goal + l_own_goal
where ps.id_player = l_id;
	



end */;;
DELIMITER ;
/*!50003 SET sql_mode              = @saved_sql_mode */ ;
/*!50003 SET character_set_client  = @saved_cs_client */ ;
/*!50003 SET character_set_results = @saved_cs_results */ ;
/*!50003 SET collation_connection  = @saved_col_connection */ ;

--
-- Table structure for table `players_statistics`
--

DROP TABLE IF EXISTS `players_statistics`;
/*!40101 SET @saved_cs_client     = @@character_set_client */;
/*!40101 SET character_set_client = utf8 */;
CREATE TABLE `players_statistics` (
  `id_season` int(11) NOT NULL,
  `id_player` int(11) NOT NULL,
  `id_team` int(11) NOT NULL,
  `games` int(11) DEFAULT NULL,
  `goal` int(11) DEFAULT NULL,
  `assist` int(11) DEFAULT NULL,
  `yellow_card` int(11) DEFAULT NULL,
  `red_card` int(11) DEFAULT NULL,
  `penalty` int(11) DEFAULT NULL,
  `own_goal` int(11) DEFAULT NULL,
  `penalty_out` int(11) DEFAULT NULL,
  PRIMARY KEY (`id_season`,`id_player`,`id_team`),
  KEY `fk_players_has_sesons_sesons1_idx` (`id_season`),
  KEY `fk_players_has_sesons_players1_idx` (`id_player`),
  KEY `fk_players_statistics_teams1_idx` (`id_team`),
  CONSTRAINT `fk_players_has_sesons_players1` FOREIGN KEY (`id_player`) REFERENCES `players` (`id_player`) ON DELETE CASCADE ON UPDATE CASCADE,
  CONSTRAINT `fk_players_has_sesons_sesons1` FOREIGN KEY (`id_season`) REFERENCES `sesons` (`id_season`) ON DELETE CASCADE ON UPDATE CASCADE
) ENGINE=InnoDB DEFAULT CHARSET=utf8;
/*!40101 SET character_set_client = @saved_cs_client */;

--
-- Dumping data for table `players_statistics`
--

LOCK TABLES `players_statistics` WRITE;
/*!40000 ALTER TABLE `players_statistics` DISABLE KEYS */;
INSERT INTO `players_statistics` VALUES (1,1,1,1,0,0,0,0,0,0,0),(1,2,1,11,8,1,0,0,0,0,0),(1,3,1,12,12,1,1,0,0,0,0),(1,4,1,11,5,5,0,0,0,0,0),(1,5,1,11,2,5,0,0,0,0,0),(1,6,1,10,0,0,0,0,0,0,0),(1,7,1,8,0,0,0,0,0,0,0),(1,8,1,13,3,3,1,0,0,0,0),(1,9,1,0,0,0,0,0,0,0,0),(1,10,1,14,4,7,0,0,0,0,0),(1,11,1,13,4,2,1,0,0,0,1),(1,12,1,7,0,0,0,0,0,0,0),(1,13,1,11,2,2,0,0,0,0,0),(1,14,1,12,6,1,0,0,0,0,0),(1,15,1,0,0,0,0,0,0,0,0),(1,16,1,11,1,6,1,0,0,0,0),(1,17,1,12,3,6,1,0,0,0,0),(1,18,1,14,3,10,1,0,0,0,0),(1,19,1,11,1,0,0,0,0,0,0),(1,20,1,11,6,5,0,0,0,0,0),(1,21,1,9,0,1,0,0,0,0,0),(1,22,1,2,1,2,0,0,0,0,1),(1,23,1,9,1,2,0,0,0,0,0),(1,24,1,11,7,3,0,0,1,0,1),(1,25,1,13,6,6,1,0,0,0,0),(1,26,2,2,1,0,0,0,0,0,0),(1,27,2,12,13,4,2,0,0,0,0),(1,28,2,9,4,5,0,0,0,0,0),(1,29,2,12,3,3,0,0,0,0,0),(1,31,2,13,17,12,1,0,0,0,0),(1,32,2,13,13,6,0,0,0,0,0),(1,33,2,4,0,0,0,0,0,0,0),(1,34,2,0,0,0,0,0,0,0,0),(1,35,2,0,0,0,0,0,0,0,0),(1,36,2,0,0,0,0,0,0,0,0),(1,37,2,12,2,0,3,0,1,0,0),(1,38,2,8,1,3,1,0,0,0,0),(1,39,2,0,0,0,0,0,0,0,0),(1,40,2,10,0,2,0,0,0,0,0),(1,41,2,7,0,10,2,0,0,0,0),(1,42,2,4,1,1,0,0,0,0,0),(1,43,2,13,1,2,1,0,0,0,0),(1,44,2,0,0,0,0,0,0,0,0),(1,45,2,0,0,0,0,0,0,0,0),(1,46,2,12,0,0,0,0,0,0,0),(1,47,2,11,5,6,2,1,0,0,0),(1,48,2,13,0,2,1,0,0,0,0),(1,49,2,7,5,0,0,0,0,0,0),(1,50,3,8,1,0,3,0,0,0,0),(1,51,3,1,1,0,0,0,0,0,0),(1,52,3,0,0,0,0,0,0,0,0),(1,53,3,12,2,2,0,0,1,0,0),(1,54,3,7,0,0,1,0,0,0,0),(1,55,3,13,1,0,0,0,0,0,0),(1,56,3,9,1,0,0,0,0,0,0),(1,57,3,15,20,12,1,0,0,0,0),(1,58,3,11,2,10,4,0,0,0,0),(1,59,3,13,4,6,0,0,0,0,0),(1,60,3,0,0,0,0,0,0,0,0),(1,61,3,13,7,2,0,0,0,0,0),(1,62,3,12,0,1,1,0,0,0,0),(1,63,3,10,1,1,0,0,0,0,0),(1,64,3,6,0,1,0,0,0,0,0),(1,65,3,14,8,4,0,0,0,0,0),(1,66,3,14,6,6,3,0,0,0,0),(1,67,3,13,1,3,1,0,0,0,0),(1,68,3,11,1,4,1,0,0,0,0),(1,69,3,9,3,4,0,0,0,0,0),(1,70,3,1,0,0,0,0,0,0,0),(1,71,3,12,0,0,0,0,0,0,0),(1,72,3,10,4,3,0,0,0,0,0),(1,73,3,0,0,0,0,0,0,0,0),(1,74,3,7,9,0,0,0,1,0,0),(1,75,4,8,1,2,0,0,0,0,0),(1,76,4,7,2,2,0,0,0,0,0),(1,77,4,15,8,9,1,0,0,0,0),(1,78,4,0,0,0,0,0,0,0,0),(1,79,4,11,3,3,0,0,0,0,0),(1,80,4,1,0,1,0,0,0,0,0),(1,81,4,7,0,0,0,0,0,0,0),(1,82,4,4,4,3,0,0,0,0,0),(1,83,4,0,0,0,0,0,0,0,0),(1,84,4,3,0,0,0,0,0,0,0),(1,85,4,0,0,0,0,0,0,0,0),(1,86,4,0,0,0,0,0,0,0,0),(1,87,4,15,16,11,0,0,0,0,0),(1,88,4,0,0,0,0,0,0,0,0),(1,89,4,7,2,0,0,0,0,0,0),(1,90,4,11,6,2,0,0,0,0,0),(1,91,4,8,4,5,2,0,0,0,0),(1,92,4,10,1,0,1,0,0,0,0),(1,93,4,11,1,0,0,0,0,0,0),(1,94,4,5,0,1,0,0,0,0,0),(1,95,4,11,8,5,1,0,0,0,0),(1,96,4,1,0,0,0,0,0,0,0),(1,97,4,3,2,1,0,0,0,0,0),(1,98,4,11,0,0,0,0,0,0,0),(1,99,4,0,0,0,0,0,0,0,0),(1,100,4,1,0,0,1,0,0,0,0),(1,101,4,8,0,0,0,0,0,0,0),(1,102,4,0,0,0,0,0,0,0,0),(1,103,4,11,4,2,0,0,0,0,0),(1,104,4,7,1,2,3,0,0,0,0),(1,105,4,0,0,0,0,0,0,0,0),(1,106,4,3,0,0,0,0,0,0,0),(1,107,4,0,0,0,0,0,0,0,0),(1,108,4,1,0,0,0,0,0,0,0),(1,109,4,0,0,0,0,0,0,0,0),(1,110,4,14,0,1,3,0,0,0,0),(1,111,4,9,0,0,0,0,0,0,0),(1,112,4,13,4,2,1,0,0,0,0),(1,113,4,7,0,0,0,0,0,0,0),(1,114,4,0,0,0,0,0,0,0,0),(1,115,5,15,12,7,3,0,0,0,1),(1,116,5,14,4,6,0,0,0,0,0),(1,117,5,4,0,0,0,0,0,0,0),(1,118,5,0,0,0,0,0,0,0,0),(1,119,5,14,17,8,1,0,0,0,0),(1,120,5,12,0,1,2,0,0,0,0),(1,121,5,7,2,1,0,0,0,0,0),(1,122,5,3,1,3,0,0,0,0,0),(1,123,5,13,3,1,0,0,0,0,0),(1,124,5,14,0,1,1,0,0,0,0),(1,125,5,11,0,1,0,0,0,1,0),(1,126,5,10,0,1,0,0,0,0,0),(1,127,5,4,2,1,0,0,0,0,0),(1,128,5,2,0,0,0,0,0,0,0),(1,129,5,2,1,0,0,0,0,0,0),(1,130,5,4,7,2,0,0,0,0,0),(1,131,5,9,4,6,0,0,0,0,0),(1,132,5,1,0,1,0,0,0,0,0),(1,133,5,5,0,1,0,0,0,0,0),(1,134,5,3,0,0,0,0,0,0,0),(1,135,5,15,0,5,3,0,0,0,0),(1,136,5,1,1,1,0,0,0,0,0),(1,137,5,14,6,4,0,0,0,0,1),(1,138,5,12,0,2,1,0,0,0,0),(1,139,6,14,2,3,1,0,0,0,0),(1,140,6,14,1,3,2,0,0,1,0),(1,141,6,0,0,0,0,0,0,0,0),(1,142,6,0,0,0,0,0,0,0,0),(1,143,6,15,3,0,0,0,0,0,0),(1,144,6,1,0,0,0,0,0,0,0),(1,145,6,0,0,0,0,0,0,0,0),(1,146,6,2,0,0,0,0,0,0,0),(1,147,6,0,0,0,0,0,0,0,0),(1,148,6,10,2,3,0,0,0,0,0),(1,149,6,15,1,1,0,0,0,0,0),(1,150,6,5,0,0,0,0,0,0,0),(1,151,6,14,2,1,5,0,0,0,0),(1,152,6,14,1,1,0,0,0,0,0),(1,153,6,13,11,9,1,0,0,0,0),(1,154,6,6,1,0,2,0,0,0,0),(1,155,6,11,1,1,2,0,0,0,0),(1,156,6,14,1,5,1,0,0,0,0),(1,157,6,13,0,1,0,0,0,0,0),(1,158,6,14,5,2,1,0,0,0,0),(1,159,6,14,6,1,3,0,0,0,0),(1,160,6,9,2,1,0,0,0,0,0),(1,161,6,13,2,0,1,0,0,0,0),(1,162,6,0,0,0,0,0,0,0,0),(1,163,6,3,0,0,0,0,0,0,0),(1,164,7,0,0,0,0,0,0,0,0),(1,165,7,14,10,6,0,0,1,0,0),(1,166,7,9,0,1,0,0,0,0,0),(1,167,7,12,1,1,1,0,0,0,0),(1,168,7,13,0,3,0,0,0,0,0),(1,169,7,0,0,0,0,0,0,0,0),(1,170,7,0,0,0,0,0,0,0,0),(1,171,7,4,4,0,0,0,0,0,0),(1,172,7,13,1,8,1,0,0,0,0),(1,173,7,0,0,0,0,0,0,0,0),(1,174,7,6,4,3,1,0,0,0,0),(1,175,7,4,0,0,0,0,0,0,0),(1,176,7,14,1,2,0,0,0,0,0),(1,177,7,14,0,2,0,0,0,0,0),(1,178,7,2,1,0,0,0,0,0,0),(1,179,7,0,0,0,0,0,0,0,0),(1,180,7,13,4,4,0,0,0,0,0),(1,181,7,10,0,3,1,0,0,0,0),(1,182,7,11,0,2,2,0,0,0,0),(1,183,7,10,1,0,0,0,0,0,0),(1,184,7,6,6,0,0,0,0,0,0),(1,185,7,5,0,0,1,0,0,0,0),(1,186,7,14,5,1,0,0,0,0,0),(1,187,7,6,5,1,0,0,0,0,0),(1,188,8,7,0,1,1,0,0,0,0),(1,189,8,12,2,1,0,0,0,0,0),(1,190,8,14,0,1,1,0,0,1,0),(1,191,8,8,8,2,6,0,0,0,0),(1,192,8,10,1,3,0,0,0,0,0),(1,193,8,10,4,0,0,0,0,0,0),(1,194,8,5,3,2,1,0,0,0,0),(1,195,8,12,4,0,2,0,0,0,0),(1,196,8,6,0,0,0,0,0,0,0),(1,197,8,7,1,1,1,0,0,0,0),(1,198,8,8,1,1,0,0,0,0,0),(1,199,8,3,0,0,0,0,0,0,0),(1,200,8,13,1,0,0,0,0,0,0),(1,201,8,8,1,4,2,0,0,0,0),(1,202,8,12,0,0,0,0,0,0,0),(1,203,8,13,0,0,0,0,0,1,0),(1,204,8,10,1,0,0,0,0,0,0),(1,205,8,0,0,0,0,0,0,0,0),(1,206,8,6,0,0,0,0,0,0,0),(1,207,8,6,2,0,0,0,0,0,0),(1,208,8,2,0,0,0,0,0,0,0),(1,209,8,11,0,2,3,0,0,0,0),(1,210,8,3,0,0,0,0,0,0,0),(1,211,8,5,1,2,0,0,0,0,0),(1,212,8,6,0,0,0,0,0,0,0),(1,213,9,14,6,1,0,0,0,0,0),(1,214,9,0,0,0,0,0,0,0,0),(1,215,9,1,0,0,0,0,0,0,0),(1,216,9,1,0,0,0,0,0,0,0),(1,217,9,9,0,0,0,0,0,0,0),(1,218,9,0,0,0,0,0,0,0,0),(1,219,9,12,4,1,2,0,0,0,0),(1,220,9,0,0,0,0,0,0,0,0),(1,221,9,0,0,0,0,0,0,0,0),(1,222,9,2,0,0,0,0,0,0,0),(1,223,9,2,0,0,1,0,0,0,0),(1,224,9,0,0,0,0,0,0,0,0),(1,225,9,3,0,2,0,0,0,0,0),(1,226,9,0,0,0,0,0,0,0,0),(1,227,9,0,0,0,0,0,0,0,0),(1,228,9,3,1,1,0,0,0,0,0),(1,229,9,5,0,0,0,0,0,0,0),(1,230,9,15,1,0,0,0,0,0,0),(1,231,9,0,0,0,0,0,0,0,0),(1,232,9,0,0,0,0,0,0,0,0),(1,233,9,0,0,0,0,0,0,0,0),(1,234,9,12,4,1,2,0,0,0,0),(1,235,9,15,1,3,0,0,0,0,0),(1,236,9,0,0,0,0,0,0,0,0),(1,237,9,0,0,0,0,0,0,0,0),(1,238,9,1,0,0,0,0,0,0,0),(1,239,9,0,0,0,0,0,0,0,0),(1,240,9,0,0,0,0,0,0,0,0),(1,241,9,0,0,0,0,0,0,0,0),(1,242,9,15,4,5,1,0,0,0,0),(1,243,9,6,3,1,0,0,0,0,0),(1,244,9,0,0,0,0,0,0,0,0),(1,245,9,1,0,0,0,0,0,0,0),(1,246,9,0,0,0,0,0,0,0,0),(1,247,9,15,2,0,2,0,0,0,0),(1,248,10,6,0,0,1,0,0,0,0),(1,249,10,2,0,1,0,0,0,0,0),(1,250,10,4,0,0,1,0,0,0,0),(1,251,10,0,0,0,0,0,0,0,0),(1,252,10,9,7,3,1,0,1,0,0),(1,253,10,2,0,0,0,0,0,0,0),(1,254,10,2,0,0,0,0,0,0,0),(1,255,10,3,0,0,0,0,0,0,0),(1,256,10,5,0,0,0,0,0,0,0),(1,257,10,6,0,1,0,0,0,0,0),(1,258,10,7,2,0,1,0,0,0,0),(1,259,10,6,1,2,0,0,0,0,0),(1,260,10,0,0,0,0,0,0,0,0),(1,261,10,1,0,0,0,0,0,0,0),(1,262,10,0,0,0,0,0,0,0,0),(1,263,10,3,1,0,0,0,0,0,0),(1,264,10,13,4,6,0,0,0,0,0),(1,265,10,0,0,0,0,0,0,0,0),(1,266,10,0,0,0,0,0,0,0,0),(1,267,10,1,0,0,0,0,0,0,0),(1,268,10,0,0,0,0,0,0,0,0),(1,269,10,0,0,0,0,0,0,0,0),(1,270,10,2,0,0,0,0,0,0,0),(1,271,10,1,0,0,0,0,0,0,0),(1,272,10,2,0,0,0,0,0,0,0),(1,273,10,1,0,0,0,0,0,0,0),(1,274,10,12,2,0,1,0,0,0,0),(1,275,10,0,0,0,0,0,0,0,0),(1,276,10,12,0,0,0,0,0,0,0),(1,277,10,12,5,2,3,0,0,0,1),(1,278,10,0,0,0,0,0,0,0,0),(1,279,10,6,0,0,0,0,0,0,0),(1,280,10,3,0,0,1,0,0,0,0),(1,281,10,1,0,0,0,0,0,0,0),(1,282,10,10,2,5,0,0,0,1,0),(1,283,10,5,2,0,0,0,0,0,0),(1,284,10,7,1,0,0,0,0,0,0),(1,285,10,2,1,0,0,0,0,0,0),(1,286,10,0,0,0,0,0,0,0,0),(1,287,10,14,2,3,1,0,1,0,0),(1,288,11,13,1,1,1,0,0,0,1),(1,289,11,15,1,1,3,0,0,1,0),(1,290,11,3,0,0,0,0,0,0,0),(1,291,11,9,0,0,0,0,0,0,0),(1,292,11,9,5,2,0,0,0,0,0),(1,293,11,11,0,2,0,0,0,0,0),(1,294,11,13,7,3,4,0,0,0,0),(1,295,11,12,1,0,1,0,0,0,0),(1,296,11,7,0,0,0,0,0,0,0),(1,297,11,3,0,1,0,0,0,0,0),(1,298,11,0,0,0,0,0,0,0,0),(1,299,11,5,0,0,1,0,0,0,0),(1,300,11,5,0,0,0,0,0,0,0),(1,301,11,11,1,1,0,0,0,0,0),(1,302,11,8,2,2,0,0,0,0,0),(1,303,11,11,4,2,1,0,0,0,0),(1,304,11,15,0,2,1,0,0,1,0),(1,305,11,0,0,0,0,0,0,0,0),(1,306,11,4,5,2,0,0,0,0,0),(1,307,11,5,0,0,0,0,0,0,0),(1,308,11,12,9,3,1,0,1,0,0),(1,309,11,7,2,1,0,0,0,0,0),(1,310,11,2,0,0,0,0,0,0,0),(1,311,11,6,0,0,0,0,0,0,0),(1,312,11,12,1,1,1,0,0,0,0),(1,313,12,12,8,7,0,0,0,0,1),(1,314,12,3,0,0,0,0,0,0,0),(1,315,12,10,2,0,0,0,0,0,0),(1,316,12,7,0,2,0,0,0,0,0),(1,317,12,8,8,2,0,0,0,0,0),(1,318,12,2,0,0,0,0,0,1,0),(1,319,12,10,0,0,0,0,0,0,0),(1,320,12,11,3,8,0,0,0,0,0),(1,321,12,13,0,10,0,0,0,0,0),(1,322,12,11,0,0,0,1,0,0,0),(1,324,12,7,1,0,1,0,0,0,0),(1,325,12,14,4,7,0,0,0,0,0),(1,326,12,1,2,0,0,0,0,0,0),(1,327,12,8,0,0,0,0,0,0,0),(1,328,12,2,0,2,0,0,0,0,0),(1,329,12,12,1,1,0,0,0,0,0),(1,330,13,6,2,0,0,0,0,0,0),(1,331,13,9,1,0,0,1,0,0,0),(1,332,13,0,0,0,0,0,0,0,0),(1,333,13,0,0,0,0,0,0,0,0),(1,334,13,4,5,3,0,0,0,0,0),(1,335,13,0,0,0,0,0,0,0,0),(1,336,13,13,4,3,1,0,0,0,0),(1,337,13,3,2,0,0,0,0,0,0),(1,338,13,10,1,2,1,0,0,0,0),(1,339,13,0,0,0,0,0,0,0,0),(1,340,13,0,0,0,0,0,0,0,0),(1,341,13,13,0,0,1,0,0,0,0),(1,342,13,10,3,1,2,0,0,0,0),(1,343,13,0,0,0,0,0,0,0,0),(1,344,13,0,0,0,0,0,0,0,0),(1,345,13,1,0,0,0,0,0,0,0),(1,346,13,13,0,2,1,0,1,0,0),(1,347,13,4,5,3,1,0,0,0,0),(1,348,13,4,1,1,0,0,0,0,0),(1,349,13,12,2,1,0,0,0,0,0),(1,350,13,0,0,0,0,0,0,0,0),(1,351,13,11,2,6,0,0,0,0,0),(1,352,13,4,0,1,1,0,0,0,0),(1,353,13,13,10,1,0,0,0,0,0),(1,354,13,6,5,5,0,0,0,0,0),(1,355,14,7,0,1,0,0,0,1,0),(1,356,14,2,0,0,0,0,0,0,0),(1,357,14,5,1,1,0,0,0,0,0),(1,358,14,0,0,0,0,0,0,0,0),(1,359,14,12,3,3,1,0,0,0,0),(1,360,14,11,0,0,0,0,0,0,0),(1,361,14,0,0,0,0,0,0,0,0),(1,362,14,0,0,0,0,0,0,0,0),(1,363,14,13,0,0,2,0,0,0,0),(1,364,14,0,0,0,0,0,0,0,0),(1,365,14,1,0,0,0,0,0,0,0),(1,366,14,4,0,0,0,0,0,0,0),(1,367,14,6,2,0,0,0,0,1,0),(1,368,14,10,0,2,1,0,0,0,0),(1,369,14,8,4,1,0,0,0,0,0),(1,370,14,4,0,0,0,0,0,0,0),(1,371,14,13,1,1,5,0,0,0,0),(1,372,14,14,7,6,1,0,0,0,0),(1,373,14,7,1,1,0,0,0,0,0),(1,374,14,4,0,1,0,0,0,0,0),(1,375,14,9,0,0,0,0,0,0,0),(1,376,14,11,2,0,0,0,0,1,0),(1,377,14,8,0,1,0,0,0,0,0),(1,378,15,0,0,0,0,0,0,0,0),(1,379,15,11,1,2,0,0,0,0,0),(1,380,15,12,3,1,0,0,0,0,0),(1,381,15,11,1,2,1,0,0,0,0),(1,382,15,4,0,0,0,0,0,0,0),(1,383,15,1,0,0,0,0,0,0,0),(1,384,15,0,0,0,0,0,0,0,0),(1,385,15,9,0,2,0,0,0,0,0),(1,386,15,12,3,0,1,0,0,0,0),(1,387,15,8,0,2,1,0,0,0,0),(1,388,15,13,0,0,0,0,0,0,0),(1,389,15,8,3,0,0,0,0,0,0),(1,390,15,8,0,1,2,0,0,0,0),(1,391,15,9,0,0,0,0,0,0,0),(1,392,15,9,1,4,2,0,0,0,0),(1,393,15,0,0,0,0,0,0,0,0),(1,394,15,13,1,0,0,0,0,0,0),(1,395,15,4,0,0,0,0,0,0,0),(1,396,15,5,1,0,0,0,0,0,0),(1,397,15,12,1,0,1,0,0,0,0),(1,398,15,8,2,0,1,0,0,0,0),(1,399,15,0,0,0,0,0,0,0,0),(1,400,15,7,0,0,0,0,0,0,0),(1,401,15,5,1,0,0,0,0,0,0),(1,402,16,0,0,0,0,0,0,0,0),(1,403,16,14,7,0,0,0,0,0,0),(1,404,16,2,0,0,0,0,0,0,0),(1,405,16,3,0,0,0,0,0,0,0),(1,406,16,0,0,0,0,0,0,0,0),(1,407,16,0,0,0,0,0,0,0,0),(1,408,16,13,18,0,0,0,0,0,0),(1,409,16,12,31,0,1,0,0,0,1),(1,410,16,13,1,0,2,1,0,0,0),(1,411,16,6,2,0,0,0,0,0,0),(1,412,16,13,0,0,0,0,0,0,0),(1,413,16,15,7,0,0,0,0,0,0),(1,414,16,5,1,0,0,0,0,0,0),(1,415,16,15,0,0,0,0,0,0,0),(1,416,16,16,13,1,1,0,0,0,0),(1,417,16,8,0,0,0,0,0,0,0),(1,418,16,1,0,0,0,0,0,0,0),(1,419,16,6,0,0,1,0,0,1,0),(1,420,16,5,0,0,0,0,0,0,0),(1,421,16,0,0,0,0,0,0,0,0),(1,422,16,1,0,0,0,0,0,0,0),(1,423,16,12,0,0,2,0,0,0,0),(1,424,16,11,22,0,0,0,0,0,0),(1,425,16,19,10,0,0,0,0,0,0),(1,426,16,10,8,0,0,0,0,0,0),(1,427,17,16,2,0,0,0,0,0,0),(1,428,17,14,0,0,2,0,0,0,0),(1,429,17,11,6,0,0,0,0,0,0),(1,430,17,8,1,0,0,0,0,0,0),(1,431,17,1,0,0,0,0,0,0,0),(1,432,17,0,0,0,0,0,0,0,0),(1,433,17,18,19,0,2,0,0,0,0),(1,434,17,2,0,0,0,0,0,0,0),(1,435,17,2,3,0,0,0,0,0,0),(1,436,17,10,7,0,4,0,0,0,0),(1,437,17,9,3,0,1,0,0,0,0),(1,438,17,1,0,0,0,0,0,0,0),(1,439,17,10,1,0,1,0,0,0,0),(1,440,17,13,8,0,1,0,0,0,0),(1,441,17,1,1,0,0,0,0,0,0),(1,442,17,17,0,0,2,0,0,0,0),(1,443,17,11,0,0,4,0,0,0,0),(1,444,17,12,31,0,4,0,3,0,1),(1,445,17,4,3,0,0,0,0,0,0),(1,446,17,13,0,0,0,0,0,0,0),(1,447,17,6,0,0,0,0,0,0,0),(1,448,18,3,1,0,0,0,0,0,0),(1,449,18,18,32,0,0,0,1,0,1),(1,450,18,20,11,0,0,0,0,0,0),(1,451,18,17,8,0,0,0,0,0,0),(1,452,18,0,0,0,0,0,0,0,0),(1,453,18,19,1,0,3,0,0,0,0),(1,454,18,0,0,0,0,0,0,0,0),(1,455,18,18,5,0,2,0,0,0,0),(1,456,18,19,7,0,2,0,0,0,0),(1,457,18,2,0,0,0,0,0,0,0),(1,458,18,1,0,0,0,0,0,0,0),(1,459,18,1,0,0,0,0,0,0,0),(1,460,18,6,0,0,0,0,0,0,0),(1,461,18,6,1,0,0,0,0,0,0),(1,462,18,18,6,0,1,0,0,0,0),(1,463,18,1,0,0,0,0,0,0,0),(1,464,18,0,0,0,0,0,0,0,0),(1,465,18,12,3,0,3,0,0,0,0),(1,466,18,15,4,0,2,0,0,0,0),(1,467,18,11,1,0,0,0,0,0,0),(1,468,18,0,0,0,0,0,0,0,0),(1,469,18,0,0,0,0,0,0,0,0),(1,470,18,2,1,0,0,0,0,0,0),(1,471,18,12,10,0,2,0,0,0,0),(1,472,19,19,1,0,1,0,0,1,0),(1,473,19,11,2,0,0,0,0,0,0),(1,474,19,0,0,0,0,0,0,0,0),(1,475,19,19,0,0,1,0,0,0,0),(1,476,19,4,0,0,0,0,0,0,0),(1,477,19,0,0,0,0,0,0,0,0),(1,478,19,0,0,0,0,0,0,0,0),(1,479,19,17,8,0,7,0,0,0,0),(1,480,19,18,19,0,0,0,1,0,1),(1,481,19,10,9,0,1,0,0,0,0),(1,482,19,1,0,0,0,0,0,0,0),(1,483,19,19,0,0,0,0,0,0,0),(1,484,19,15,0,0,0,0,0,0,0),(1,485,19,2,0,0,0,0,0,0,0),(1,486,19,14,3,0,1,0,0,0,0),(1,487,19,15,11,0,0,0,1,0,0),(1,488,19,16,7,0,1,1,0,0,0),(1,489,19,0,0,0,0,0,0,0,0),(1,490,19,2,0,0,0,0,0,0,0),(1,491,19,0,0,0,0,0,0,0,0),(1,492,19,16,8,0,6,0,0,0,0),(1,493,19,14,0,0,1,0,0,0,0),(1,494,19,9,0,0,0,0,0,0,0),(1,495,20,6,1,0,0,0,0,0,0),(1,496,20,10,2,0,1,0,0,0,0),(1,497,20,7,1,0,0,1,0,0,0),(1,498,20,15,5,0,1,0,0,0,0),(1,499,20,18,28,0,0,0,1,0,0),(1,500,20,9,3,0,0,0,0,0,0),(1,501,20,14,8,0,0,0,0,0,0),(1,502,20,11,3,0,3,0,0,0,0),(1,503,20,3,2,0,0,0,0,0,0),(1,504,20,6,0,0,0,0,0,0,0),(1,505,20,6,1,0,0,0,0,0,0),(1,506,20,1,0,0,0,0,0,0,0),(1,507,20,8,0,0,0,0,0,0,0),(1,508,20,1,1,0,0,0,0,0,0),(1,509,20,14,8,0,0,0,0,0,0),(1,510,20,9,0,0,0,0,0,0,0),(1,511,20,12,2,0,0,0,0,0,0),(1,512,20,13,1,0,1,0,2,0,0),(1,513,20,16,2,1,1,0,0,0,0),(1,514,20,3,5,0,0,0,0,0,0),(1,515,20,1,1,0,0,0,0,0,0),(1,516,20,9,0,0,0,0,0,0,0),(1,517,20,15,2,0,0,0,0,0,0),(1,518,20,5,3,0,0,0,0,0,0),(1,519,21,4,0,0,0,0,0,0,0),(1,520,21,13,0,0,4,0,0,0,0),(1,521,21,16,0,0,1,0,0,0,0),(1,522,21,15,2,0,0,0,0,0,0),(1,523,21,15,1,0,3,0,0,0,0),(1,524,21,12,15,0,0,0,0,0,0),(1,525,21,15,8,0,3,0,0,0,0),(1,526,21,14,5,0,0,0,0,0,0),(1,527,21,18,7,0,4,0,0,0,0),(1,528,21,11,3,0,0,0,1,0,0),(1,529,21,17,3,0,0,0,0,0,0),(1,530,21,0,0,0,0,0,0,0,0),(1,531,21,8,3,0,1,0,0,0,0),(1,532,21,2,0,0,1,0,0,0,0),(1,533,21,7,1,0,3,1,0,0,0),(1,534,21,9,1,0,0,0,0,0,0),(1,535,21,8,0,0,0,0,0,0,0),(1,536,21,14,7,0,1,0,0,0,0),(1,537,21,8,3,0,2,0,0,0,0),(1,538,21,18,11,0,1,0,1,0,0),(1,539,21,3,1,0,0,0,0,0,0),(1,540,22,8,0,0,0,0,0,0,0),(1,541,22,0,0,0,0,0,0,0,0),(1,542,22,0,0,0,0,0,0,0,0),(1,543,22,13,4,0,1,0,0,0,0),(1,544,22,5,1,0,0,0,0,0,0),(1,545,22,18,11,0,2,0,0,0,0),(1,546,22,0,0,0,0,0,0,0,0),(1,547,22,9,0,0,0,0,0,0,0),(1,548,22,2,0,0,0,0,0,0,0),(1,549,22,19,19,0,0,0,0,0,0),(1,550,22,0,0,0,0,0,0,0,0),(1,551,22,0,0,0,0,0,0,0,0),(1,552,22,11,1,0,1,0,0,0,0),(1,553,22,1,0,0,0,0,0,0,0),(1,554,22,0,0,0,0,0,0,0,0),(1,555,22,1,2,1,0,0,0,0,0),(1,556,22,4,0,0,0,0,0,0,0),(1,557,22,19,15,0,0,0,0,0,0),(1,558,22,18,1,0,2,0,0,0,0),(1,559,22,13,1,0,3,0,0,0,0),(1,560,22,17,1,0,1,0,0,0,0),(1,561,22,0,0,0,0,0,0,0,0),(1,562,22,0,0,0,0,0,0,0,0),(1,563,22,7,0,0,1,0,0,0,0),(1,564,22,16,3,0,4,0,0,1,0),(1,565,22,0,0,0,0,0,0,0,0),(1,566,22,10,6,0,0,0,0,0,0),(1,567,22,1,0,0,0,0,0,0,0),(1,568,22,17,0,0,0,0,0,0,0),(1,569,22,8,1,0,0,0,0,0,0),(1,570,22,0,0,0,0,0,0,0,0),(1,571,22,0,0,0,0,0,0,0,0),(1,572,22,0,0,0,0,0,0,0,0),(1,573,22,0,0,0,0,0,0,0,0),(1,574,22,1,0,0,0,0,0,0,0),(1,575,22,13,1,0,2,0,0,0,0),(1,576,23,0,0,0,0,0,0,0,0),(1,577,23,5,0,0,0,0,0,0,0),(1,578,23,16,6,0,4,0,0,0,0),(1,579,23,15,5,0,3,0,0,0,0),(1,580,23,13,0,0,1,0,0,1,0),(1,581,23,17,2,0,3,0,1,0,0),(1,582,23,9,1,0,1,0,0,0,0),(1,583,23,2,0,0,0,0,0,0,0),(1,584,23,5,1,0,1,0,0,0,0),(1,585,23,15,0,0,1,0,0,0,0),(1,586,23,5,0,0,1,0,0,0,0),(1,587,23,0,0,0,0,0,0,0,0),(1,588,23,11,9,0,0,0,0,0,0),(1,589,23,13,4,0,1,0,0,0,0),(1,590,23,18,15,0,4,0,0,0,0),(1,591,23,20,5,0,0,0,0,0,0),(1,592,23,4,3,0,0,0,0,0,0),(1,593,23,19,7,0,1,0,3,0,0),(1,594,23,13,0,0,1,0,0,0,1),(1,595,23,8,0,0,0,0,0,0,0),(1,596,23,3,0,0,0,0,0,0,0),(1,597,23,16,3,0,0,0,0,0,0),(1,598,23,10,0,0,0,0,0,0,0),(1,599,23,8,1,0,0,0,0,0,0),(1,600,23,1,0,0,0,0,0,0,0),(1,601,24,4,0,0,0,0,0,0,0),(1,602,24,9,8,0,0,0,0,0,0),(1,603,24,13,3,0,2,0,0,0,0),(1,604,24,15,4,2,5,1,0,0,0),(1,605,24,16,7,6,4,1,2,0,0),(1,606,24,5,0,0,0,0,0,0,0),(1,607,24,17,5,2,0,0,0,0,0),(1,608,24,15,1,1,0,0,0,0,0),(1,609,24,4,0,0,0,0,0,0,0),(1,610,24,0,0,0,0,0,0,0,0),(1,611,24,15,7,2,5,0,0,0,0),(1,612,24,13,2,3,1,0,0,0,0),(1,613,24,3,0,0,0,0,0,0,0),(1,614,24,3,0,0,0,0,0,0,0),(1,615,24,3,9,0,0,0,0,0,0),(1,616,24,7,0,0,0,0,0,0,0),(1,617,24,3,0,0,0,0,0,0,0),(1,618,24,0,0,0,0,0,0,0,0),(1,619,24,15,0,0,3,0,0,0,0),(1,620,24,6,1,0,0,0,0,0,0),(1,621,24,6,0,1,0,0,0,0,0),(1,622,25,8,0,0,1,0,0,1,0),(1,623,25,4,2,2,0,0,0,0,0),(1,624,25,11,1,4,0,0,0,0,0),(1,625,25,15,1,1,0,0,0,0,0),(1,626,25,11,7,2,2,0,0,0,1),(1,627,25,0,0,0,0,0,0,0,0),(1,628,25,0,0,0,0,0,0,0,0),(1,629,25,3,0,0,0,0,0,0,0),(1,630,25,0,0,0,0,0,0,0,0),(1,631,25,1,0,0,0,0,0,0,0),(1,632,25,11,1,1,3,0,0,0,0),(1,633,25,1,0,0,0,0,0,0,0),(1,634,25,0,0,0,0,0,0,0,0),(1,635,25,17,7,7,0,0,0,0,0),(1,636,25,0,0,0,0,0,0,0,0),(1,637,25,2,1,0,0,0,0,0,0),(1,638,25,4,1,0,0,0,0,0,0),(1,639,25,0,0,0,0,0,0,0,0),(1,640,25,18,12,4,2,0,0,0,0),(1,641,25,1,0,0,0,0,0,0,0),(1,642,25,2,0,0,0,0,0,0,0),(1,643,25,10,1,1,3,0,1,1,0),(1,644,25,3,0,0,0,0,0,0,0),(1,645,25,0,0,0,0,0,0,0,0),(1,646,25,0,0,0,0,0,0,0,0),(1,647,25,3,2,3,0,0,0,0,0),(1,648,25,10,0,0,0,0,0,0,0),(1,649,25,4,2,4,0,0,0,0,0),(1,650,25,9,6,3,0,0,0,0,0),(1,651,25,0,0,0,0,0,0,0,0),(1,652,25,11,1,7,0,0,0,0,0),(1,653,25,13,15,3,0,0,2,0,0),(1,654,25,2,0,1,0,0,0,0,0),(1,655,25,0,0,0,0,0,0,0,0),(1,656,25,9,2,4,0,0,0,0,0),(1,657,25,0,0,0,0,0,0,0,0),(1,658,25,1,0,0,0,0,0,0,0),(1,659,25,13,2,1,1,0,0,0,0),(1,660,25,14,2,1,4,0,0,2,0),(1,661,25,0,0,0,0,0,0,0,0),(1,662,26,15,10,0,7,0,1,0,0),(1,663,26,18,2,0,1,0,0,0,0),(1,664,26,0,0,0,0,0,0,0,0),(1,665,26,15,8,0,3,0,0,0,0),(1,666,26,0,0,0,0,0,0,0,0),(1,667,26,16,0,0,1,0,0,0,0),(1,668,26,13,10,0,3,0,1,0,0),(1,669,26,0,0,0,0,0,0,0,0),(1,670,26,19,1,0,3,0,0,0,0),(1,671,26,9,2,0,0,0,0,0,0),(1,672,26,15,11,0,3,0,0,0,0),(1,673,26,4,1,0,0,0,0,0,0),(1,674,26,12,2,0,5,1,0,0,0),(1,675,26,12,0,0,0,0,0,0,0),(1,676,26,12,1,0,2,0,0,0,0),(1,677,26,9,4,0,0,0,0,0,0),(1,678,26,12,0,0,0,0,1,0,0),(1,679,26,10,2,0,7,0,0,0,0),(1,680,26,3,0,0,0,0,0,0,0),(1,681,26,0,0,0,0,0,0,0,0),(1,682,26,1,0,0,0,0,0,0,0),(1,683,26,2,2,0,0,0,0,0,0),(1,684,26,6,0,0,0,0,0,0,0),(1,685,26,6,0,0,0,0,0,0,0),(1,686,27,1,0,0,0,0,0,0,0),(1,687,27,2,0,0,0,0,0,0,0),(1,688,27,5,1,0,0,0,0,0,0),(1,689,27,14,2,0,1,0,0,0,0),(1,690,27,0,0,0,0,0,0,0,0),(1,691,27,19,0,0,0,0,0,0,0),(1,692,27,18,0,0,0,0,0,0,0),(1,693,27,17,7,10,2,0,1,0,0),(1,694,27,16,3,0,4,0,0,0,0),(1,695,27,12,8,0,0,0,0,0,0),(1,696,27,0,0,0,0,0,0,0,0),(1,697,27,18,3,0,0,0,0,0,0),(1,698,27,11,1,0,1,0,0,0,0),(1,699,27,0,0,0,0,0,0,0,0),(1,700,27,14,1,0,0,1,0,0,0),(1,701,27,8,2,0,0,0,0,0,0),(1,702,27,2,0,0,1,0,0,0,0),(1,703,27,15,6,0,1,0,0,1,0),(1,704,27,4,0,0,0,0,0,0,0),(1,705,27,2,0,0,0,0,0,0,0),(1,706,27,7,6,0,0,0,0,0,0),(1,707,27,0,0,0,0,0,0,0,0),(1,708,27,18,10,0,0,0,0,0,0),(1,709,27,0,0,0,0,0,0,0,0),(1,710,27,12,0,0,0,0,0,0,0),(1,711,28,3,3,0,0,0,0,0,0),(1,712,28,3,0,0,0,0,0,0,0),(1,713,28,3,1,0,0,0,0,0,0),(1,714,28,3,0,0,0,0,0,0,0),(1,715,28,0,0,0,0,0,0,0,0),(1,716,28,0,0,0,0,0,0,0,0),(1,717,28,2,0,0,0,0,0,0,0),(1,718,28,2,0,0,0,0,0,0,0),(1,719,28,3,2,0,0,0,0,0,0),(1,720,28,0,0,0,0,0,0,0,0),(1,721,28,0,0,0,0,0,0,0,0),(1,722,28,2,1,0,0,0,0,0,0),(1,723,28,0,0,0,0,0,0,0,0),(1,724,28,0,0,0,0,0,0,0,0),(1,725,28,0,0,0,0,0,0,0,0),(1,726,28,0,0,0,0,0,0,0,0),(1,727,28,3,0,0,0,0,0,1,0),(1,728,28,3,1,0,0,0,0,0,0),(1,729,28,3,0,0,0,0,0,0,0),(1,730,28,2,0,0,0,0,0,0,0),(1,731,28,3,0,0,0,0,0,0,0),(1,732,28,2,0,0,0,0,0,0,0),(1,733,28,3,3,0,0,0,0,0,0),(1,734,28,3,2,0,0,0,0,0,0),(1,735,28,0,0,0,0,0,0,0,0),(1,736,29,1,0,0,0,0,0,0,0),(1,737,29,0,0,0,0,0,0,0,0),(1,738,29,8,2,2,1,0,0,0,0),(1,739,29,12,9,3,3,0,0,0,0),(1,740,29,16,1,2,0,0,0,1,0),(1,741,29,7,0,0,0,0,0,0,0),(1,742,29,13,0,5,0,0,0,0,0),(1,743,29,18,25,7,1,0,3,0,0),(1,744,29,2,0,0,0,0,0,0,0),(1,745,29,2,0,0,0,0,0,0,0),(1,746,29,11,0,0,0,0,0,0,0),(1,747,29,3,0,0,0,0,0,0,0),(1,748,29,15,0,2,2,0,0,2,0),(1,749,29,8,1,0,1,0,0,0,0),(1,750,29,13,0,2,0,0,0,0,0),(1,751,29,18,4,8,1,0,0,0,0),(1,752,29,7,1,0,0,0,0,0,0),(1,753,29,6,2,0,0,0,0,0,0),(1,754,29,8,0,1,1,0,0,0,0),(1,755,29,5,2,0,0,0,0,0,0),(1,756,29,12,0,2,0,0,0,0,0),(1,757,29,11,0,1,0,0,0,0,0),(1,758,29,11,0,1,0,0,0,0,0),(1,759,30,13,0,0,1,0,0,0,0),(1,760,30,0,0,0,0,0,0,0,0),(1,761,30,6,2,0,0,0,0,0,0),(1,762,30,1,0,0,0,0,0,0,0),(1,763,30,1,0,0,0,0,0,0,0),(1,764,30,1,0,0,0,0,0,0,0),(1,765,30,0,0,0,0,0,0,0,0),(1,766,30,2,0,0,0,0,0,0,0),(1,767,30,18,7,1,0,0,1,0,0),(1,768,30,17,9,0,2,0,0,0,0),(1,769,30,1,0,0,0,0,0,0,0),(1,770,30,2,0,0,0,0,0,0,0),(1,771,30,19,4,0,1,0,0,0,0),(1,772,30,4,1,0,0,0,0,0,0),(1,773,30,0,0,0,0,0,0,0,0),(1,774,30,0,0,0,0,0,0,0,0),(1,775,30,1,1,0,0,0,0,0,0),(1,776,30,0,0,0,0,0,0,0,0),(1,777,30,18,0,0,0,0,0,0,0),(1,778,30,1,0,0,1,0,0,0,0),(1,779,30,2,2,0,0,0,0,0,0),(1,780,30,0,0,0,0,0,0,0,0),(1,781,30,15,4,0,2,0,0,0,0),(1,782,30,1,0,0,0,0,0,0,0),(1,783,30,1,0,0,0,0,0,0,0),(1,784,30,0,0,0,0,0,0,0,0),(1,785,30,1,0,0,1,0,0,0,0),(1,786,30,0,0,0,0,0,0,0,0),(1,787,30,0,0,0,0,0,0,0,0),(1,788,30,5,0,1,0,0,0,0,0),(1,789,30,10,2,0,0,0,0,0,0),(1,790,30,8,1,0,1,0,0,0,0),(1,791,30,0,0,0,0,0,0,0,0),(1,792,30,0,0,0,0,0,0,0,0),(1,793,30,0,0,0,0,0,0,0,0),(1,794,30,15,0,0,3,0,0,1,0),(1,795,30,12,7,0,0,0,0,0,0),(1,796,31,10,3,8,0,0,0,0,0),(1,797,31,17,29,10,0,0,1,0,0),(1,798,31,6,1,2,0,0,0,0,0),(1,799,31,4,1,5,0,0,0,0,0),(1,800,31,5,2,3,0,0,0,0,0),(1,801,31,9,1,3,0,0,2,0,0),(1,802,31,1,0,0,0,0,0,0,0),(1,803,31,2,1,0,0,0,0,0,0),(1,804,31,6,0,1,3,0,0,0,0),(1,805,31,4,1,1,0,0,0,0,0),(1,806,31,4,0,0,0,0,0,0,0),(1,807,31,3,0,4,0,0,0,0,0),(1,808,31,14,0,0,1,0,0,0,0),(1,809,31,9,7,2,2,0,0,0,0),(1,810,31,9,7,6,0,0,0,0,0),(1,811,31,3,0,0,0,0,0,0,0),(1,812,31,0,0,0,0,0,0,0,0),(1,813,31,10,2,6,2,0,0,0,0),(1,814,31,14,1,0,2,0,0,0,0),(1,815,31,4,1,0,0,0,0,0,0),(1,816,31,19,1,0,5,0,0,0,0),(1,817,31,6,0,0,0,0,0,1,0),(1,818,31,11,1,0,0,0,0,0,0),(1,819,31,0,0,0,0,0,0,0,0),(1,820,31,10,0,0,0,0,0,0,0),(1,821,32,17,4,0,0,0,0,0,0),(1,822,32,6,0,0,1,0,0,0,0),(1,823,32,6,3,0,0,0,0,0,0),(1,824,32,6,0,0,0,0,0,1,0),(1,825,32,15,5,0,0,0,0,0,0),(1,826,32,1,0,0,0,0,0,0,0),(1,827,32,6,0,0,1,0,0,0,0),(1,828,32,0,0,0,0,0,0,0,0),(1,829,32,0,0,0,0,0,0,0,0),(1,830,32,16,4,0,1,0,0,1,0),(1,831,32,8,2,0,1,0,0,0,0),(1,832,32,1,0,0,0,0,0,0,0),(1,833,32,0,0,0,0,0,0,0,0),(1,834,32,4,0,0,0,0,0,0,0),(1,835,32,8,0,0,1,0,0,0,0),(1,836,32,16,1,0,1,0,0,0,0),(1,837,32,14,11,0,0,0,1,0,0),(1,838,32,12,0,0,2,0,0,0,0),(1,839,32,9,7,0,4,0,0,0,0),(1,840,32,11,0,0,0,0,0,0,0),(1,841,32,17,1,0,0,0,0,0,0),(1,842,32,3,0,0,0,0,0,0,0),(1,843,32,9,0,0,1,0,0,0,0),(1,844,32,1,0,0,0,0,0,0,0),(1,845,32,9,4,0,0,0,0,0,0),(1,846,33,2,0,0,0,0,0,0,0),(1,847,33,14,3,0,0,0,0,0,0),(1,848,33,5,0,0,1,1,0,0,0),(1,849,33,15,5,0,0,0,0,0,0),(1,850,33,2,0,0,0,0,0,0,0),(1,851,33,1,0,0,0,0,0,0,0),(1,852,33,9,0,0,0,0,0,0,0),(1,853,33,14,0,0,0,0,0,0,0),(1,854,33,0,0,0,0,0,0,0,0),(1,855,33,17,9,0,0,0,0,0,0),(1,856,33,4,0,0,0,0,0,0,0),(1,857,33,2,1,0,0,0,0,0,0),(1,858,33,9,1,0,0,0,0,0,0),(1,859,33,4,2,0,0,0,0,0,0),(1,860,33,1,0,0,0,0,0,0,0),(1,861,33,8,0,0,1,0,0,0,0),(1,862,33,17,0,0,5,0,0,1,0),(1,863,33,12,10,0,0,0,0,0,0),(1,864,33,1,0,0,0,0,0,0,0),(1,865,33,5,2,0,0,0,0,0,0),(1,866,33,0,0,0,0,0,0,0,0),(1,867,33,18,0,0,1,0,0,0,0),(1,868,33,1,0,0,0,0,0,0,0),(1,869,33,10,3,0,1,0,0,0,0),(1,870,33,17,1,0,0,0,0,0,0),(1,871,34,3,0,0,0,0,0,0,0),(1,872,34,1,0,0,0,0,0,0,0),(1,873,34,1,0,0,0,0,0,0,0),(1,874,34,14,5,0,1,0,0,0,0),(1,875,34,0,0,0,0,0,0,0,0),(1,876,34,11,4,0,0,0,0,0,0),(1,877,34,9,0,0,2,0,0,0,0),(1,878,34,4,1,0,0,0,0,0,0),(1,879,34,8,0,0,0,0,0,0,0),(1,880,34,12,4,0,0,0,0,0,0),(1,881,34,14,0,0,0,0,0,0,0),(1,882,34,12,15,0,0,0,0,0,0),(1,883,34,0,0,0,0,0,0,0,0),(1,884,34,17,2,0,0,0,0,0,0),(1,885,34,6,0,0,0,0,0,0,0),(1,886,34,13,10,0,1,0,0,0,0),(1,887,34,12,3,0,0,0,0,0,0),(1,888,34,14,0,0,1,0,0,0,0),(1,889,34,6,0,0,1,0,0,0,0),(1,890,34,10,2,0,1,0,0,0,0),(1,891,34,5,0,0,0,0,0,0,0),(1,892,34,8,0,0,0,0,0,0,0),(1,893,34,15,1,0,2,0,0,0,0),(1,894,35,0,0,0,0,0,0,0,0),(1,895,35,6,1,0,2,0,0,0,0),(1,896,35,0,0,0,0,0,0,0,0),(1,897,35,6,0,0,0,0,0,0,0),(1,898,35,0,0,0,0,0,0,0,0),(1,899,35,7,6,0,1,0,0,0,0),(1,900,35,4,0,0,0,0,0,1,0),(1,901,35,4,0,0,0,0,0,0,0),(1,902,35,0,0,0,0,0,0,0,0),(1,903,35,0,0,0,0,0,0,0,0),(1,904,35,5,2,0,0,0,0,0,0),(1,905,35,2,0,0,1,0,0,0,0),(1,906,35,0,0,0,0,0,0,0,0),(1,907,35,4,0,0,0,0,0,0,0),(1,908,35,2,0,0,0,0,0,0,0),(1,909,35,2,1,0,0,0,0,0,0),(1,910,35,6,0,0,0,0,0,1,0),(1,915,36,3,0,1,0,0,0,0,0),(1,916,36,5,2,0,0,0,0,0,0),(1,917,36,7,0,1,0,0,0,1,0),(1,918,36,5,1,1,1,0,0,0,0),(1,919,36,1,0,0,0,0,0,0,0),(1,920,36,3,1,0,1,0,0,0,0),(1,921,36,2,0,0,0,0,0,0,0),(1,922,36,12,5,2,0,0,0,0,0),(1,923,36,1,0,0,0,0,0,0,0),(1,924,36,1,0,0,0,0,0,0,0),(1,925,36,2,0,1,0,0,0,0,0),(1,926,36,10,5,1,0,0,0,0,0),(1,927,38,0,0,0,0,0,0,0,0),(1,928,38,6,0,1,0,0,0,0,0),(1,929,38,6,0,1,0,0,0,0,0),(1,930,38,7,0,0,0,0,0,0,0),(1,931,38,8,2,2,0,0,0,0,0),(1,932,38,1,0,0,0,0,0,0,0),(1,933,38,7,4,0,2,0,0,0,0),(1,934,38,8,0,3,1,0,0,0,0),(1,935,38,6,1,1,2,0,0,0,0),(1,936,38,4,0,2,0,0,0,0,0),(1,937,38,9,7,2,0,0,0,0,0),(1,939,38,8,0,0,0,0,0,0,0),(1,940,38,1,0,0,0,0,0,0,0),(1,941,38,3,0,2,1,0,0,0,0),(1,942,38,6,1,1,0,0,0,0,0),(1,943,38,3,0,2,0,0,0,0,0),(1,944,38,1,1,0,0,0,0,0,0),(1,946,36,11,4,2,1,0,0,0,1),(1,947,36,10,0,0,0,0,0,0,0),(1,950,38,8,7,2,1,0,1,0,1),(1,951,36,1,0,0,0,0,0,0,0),(1,952,36,8,0,1,1,0,0,0,0),(1,953,36,9,1,1,0,0,0,0,0),(1,954,36,9,19,0,0,0,0,0,0),(1,955,36,4,1,1,0,0,0,0,0),(1,956,36,1,0,0,1,0,0,0,0),(1,957,36,2,0,0,0,0,0,0,0),(1,958,36,2,1,0,0,0,0,0,0),(1,959,36,1,0,0,0,0,0,0,0),(1,960,36,3,1,0,1,0,0,0,0),(1,961,36,2,0,0,0,0,0,0,0),(1,962,36,1,0,0,0,0,0,0,0),(1,963,36,2,0,0,0,0,0,0,0),(1,964,36,1,0,0,0,0,0,0,0),(1,965,36,5,0,0,1,0,0,0,1),(1,966,36,5,1,0,2,0,0,0,0),(1,967,36,6,1,0,2,0,0,0,0),(1,968,36,8,5,0,1,0,0,0,0),(1,969,36,7,2,0,0,0,0,0,0),(1,970,36,4,1,0,0,0,0,0,0),(1,971,36,7,3,0,2,0,0,0,0),(1,972,36,3,1,0,0,0,0,0,0),(1,973,36,3,1,0,0,0,0,0,0),(1,974,36,5,3,0,0,0,0,0,0),(1,975,36,12,7,0,0,0,0,0,0),(1,976,36,4,1,3,0,0,0,0,0),(1,977,36,10,0,1,0,0,0,0,0),(1,978,36,8,1,3,0,0,0,0,0),(1,979,36,10,0,0,0,0,0,0,0),(1,980,36,5,0,0,0,0,0,0,0),(1,981,36,5,0,1,1,0,0,0,0),(1,982,36,6,0,0,1,0,0,0,0),(1,983,36,8,0,0,0,0,0,0,0),(1,984,36,3,1,0,0,0,0,0,0),(1,985,36,1,0,0,0,0,0,0,0),(1,986,36,2,0,0,0,0,0,0,0),(1,987,36,1,0,0,0,0,0,0,0),(1,988,36,1,0,0,0,0,0,0,0),(1,989,36,1,0,0,0,0,0,0,0),(1,990,36,2,1,0,0,0,0,0,0),(1,991,36,1,0,0,0,0,0,0,0),(1,992,36,1,0,1,0,0,0,0,0),(1,993,36,1,0,0,1,0,0,0,0),(1,994,36,2,0,0,0,0,0,0,0),(1,995,36,1,0,0,0,0,0,0,0),(1,996,36,2,0,0,0,0,0,0,0),(1,997,36,1,0,0,0,0,0,0,0),(1,998,36,1,0,0,0,0,0,0,0),(1,999,36,2,0,0,0,0,0,0,0),(1,1000,36,3,0,0,0,0,0,0,0),(1,1001,36,3,0,1,0,0,0,0,0),(1,1002,36,3,0,1,0,0,0,0,0),(1,1003,36,1,0,0,0,0,0,0,0),(1,1004,36,2,0,0,0,0,0,0,0),(1,1005,36,1,0,0,0,0,0,0,0),(1,1006,36,1,0,0,0,0,0,0,0),(1,1007,36,1,0,0,0,0,0,0,0),(1,1008,36,1,0,0,0,0,0,0,0),(1,1009,36,1,0,0,0,0,0,0,0),(1,1010,36,1,0,0,0,0,0,0,0);
/*!40000 ALTER TABLE `players_statistics` ENABLE KEYS */;
UNLOCK TABLES;

--
-- Table structure for table `position`
--

DROP TABLE IF EXISTS `position`;
/*!40101 SET @saved_cs_client     = @@character_set_client */;
/*!40101 SET character_set_client = utf8 */;
CREATE TABLE `position` (
  `id_pos` int(11) NOT NULL AUTO_INCREMENT,
  `pos_name` varchar(45) DEFAULT NULL,
  PRIMARY KEY (`id_pos`)
) ENGINE=InnoDB AUTO_INCREMENT=5 DEFAULT CHARSET=utf8;
/*!40101 SET character_set_client = @saved_cs_client */;

--
-- Dumping data for table `position`
--

LOCK TABLES `position` WRITE;
/*!40000 ALTER TABLE `position` DISABLE KEYS */;
INSERT INTO `position` VALUES (1,'Руководитель'),(2,'Главный судья'),(3,'Судья 1 категории'),(4,'Судья 2 категории');
/*!40000 ALTER TABLE `position` ENABLE KEYS */;
UNLOCK TABLES;

--
-- Table structure for table `sesons`
--

DROP TABLE IF EXISTS `sesons`;
/*!40101 SET @saved_cs_client     = @@character_set_client */;
/*!40101 SET character_set_client = utf8 */;
CREATE TABLE `sesons` (
  `id_season` int(11) NOT NULL AUTO_INCREMENT,
  `year_end` date DEFAULT NULL,
  `year_start` date DEFAULT NULL,
  PRIMARY KEY (`id_season`)
) ENGINE=InnoDB AUTO_INCREMENT=3 DEFAULT CHARSET=utf8;
/*!40101 SET character_set_client = @saved_cs_client */;

--
-- Dumping data for table `sesons`
--

LOCK TABLES `sesons` WRITE;
/*!40000 ALTER TABLE `sesons` DISABLE KEYS */;
INSERT INTO `sesons` VALUES (1,'2019-07-01','2018-08-01'),(2,'2018-07-01','2017-08-01');
/*!40000 ALTER TABLE `sesons` ENABLE KEYS */;
UNLOCK TABLES;

--
-- Table structure for table `stadiums`
--

DROP TABLE IF EXISTS `stadiums`;
/*!40101 SET @saved_cs_client     = @@character_set_client */;
/*!40101 SET character_set_client = utf8 */;
CREATE TABLE `stadiums` (
  `id_stadium` int(11) NOT NULL AUTO_INCREMENT,
  `name_stadium` varchar(45) DEFAULT NULL,
  `location` varchar(100) DEFAULT NULL,
  PRIMARY KEY (`id_stadium`)
) ENGINE=InnoDB AUTO_INCREMENT=5 DEFAULT CHARSET=utf8;
/*!40101 SET character_set_client = @saved_cs_client */;

--
-- Dumping data for table `stadiums`
--

LOCK TABLES `stadiums` WRITE;
/*!40000 ALTER TABLE `stadiums` DISABLE KEYS */;
INSERT INTO `stadiums` VALUES (1,'Спартак-1','Академия Спартака'),(2,'Спартак-2','Академия Спартака'),(3,'Спартак-3','Академия Спартака'),(4,'Спартак-4','Академия Спартака');
/*!40000 ALTER TABLE `stadiums` ENABLE KEYS */;
UNLOCK TABLES;

--
-- Table structure for table `staff`
--

DROP TABLE IF EXISTS `staff`;
/*!40101 SET @saved_cs_client     = @@character_set_client */;
/*!40101 SET character_set_client = utf8 */;
CREATE TABLE `staff` (
  `id_staff` int(11) NOT NULL AUTO_INCREMENT,
  `staff_name` varchar(70) DEFAULT NULL,
  `id_pos` int(11) DEFAULT NULL,
  `num_phone` int(11) DEFAULT NULL,
  PRIMARY KEY (`id_staff`),
  KEY `fk_staff_position1_idx` (`id_pos`),
  CONSTRAINT `fk_staff_position1` FOREIGN KEY (`id_pos`) REFERENCES `position` (`id_pos`) ON DELETE NO ACTION ON UPDATE NO ACTION
) ENGINE=InnoDB AUTO_INCREMENT=31 DEFAULT CHARSET=utf8;
/*!40101 SET character_set_client = @saved_cs_client */;

--
-- Dumping data for table `staff`
--

LOCK TABLES `staff` WRITE;
/*!40000 ALTER TABLE `staff` DISABLE KEYS */;
INSERT INTO `staff` VALUES (1,'Бодров Д.',3,NULL),(2,'Боярский Д.',3,NULL),(3,'Аветисов С.',3,NULL),(4,'Бородин И.',3,NULL),(5,'Сергеев А.',3,NULL),(6,'Коржевский В.',3,NULL),(7,NULL,3,NULL),(8,NULL,3,NULL),(9,'Ершов Д.',3,NULL),(10,NULL,3,NULL),(11,NULL,3,NULL),(12,NULL,3,NULL),(13,NULL,3,NULL),(14,'Силованов В.',3,NULL),(15,'Барсуков В.',3,NULL),(16,'Агапов А.',3,NULL),(17,'Никитин С.',3,NULL),(18,NULL,3,NULL),(19,NULL,3,NULL),(20,NULL,3,NULL),(21,NULL,3,NULL),(22,NULL,3,NULL),(23,NULL,3,NULL),(24,NULL,3,NULL),(25,NULL,3,NULL),(26,NULL,3,NULL),(27,NULL,3,NULL),(28,'Давыдов А.',3,NULL),(29,'-',3,NULL),(30,NULL,3,NULL);
/*!40000 ALTER TABLE `staff` ENABLE KEYS */;
UNLOCK TABLES;
/*!50003 SET @saved_cs_client      = @@character_set_client */ ;
/*!50003 SET @saved_cs_results     = @@character_set_results */ ;
/*!50003 SET @saved_col_connection = @@collation_connection */ ;
/*!50003 SET character_set_client  = utf8 */ ;
/*!50003 SET character_set_results = utf8 */ ;
/*!50003 SET collation_connection  = utf8_general_ci */ ;
/*!50003 SET @saved_sql_mode       = @@sql_mode */ ;
/*!50003 SET sql_mode              = 'STRICT_TRANS_TABLES,NO_AUTO_CREATE_USER,NO_ENGINE_SUBSTITUTION' */ ;
DELIMITER ;;
/*!50003 CREATE*/ /*!50017 DEFINER=`root`@`localhost`*/ /*!50003 trigger tr_bef_ins_staff before insert on staff
for each row 
begin
	declare l_new_name char(100);
    declare l_f int;
    set l_new_name = new.staff_name;
    
    select count(1)
		into l_f
	from staff
		where staff_name like l_new_name;
        
	if l_f = 0 then 
		set new.staff_name = l_new_name,
			new.id_pos = 3;
	else
		SIGNAL SQLSTATE '02000' SET MESSAGE_TEXT = 'Warning: This name have already exist';
    end if;
    
end */;;
DELIMITER ;
/*!50003 SET sql_mode              = @saved_sql_mode */ ;
/*!50003 SET character_set_client  = @saved_cs_client */ ;
/*!50003 SET character_set_results = @saved_cs_results */ ;
/*!50003 SET collation_connection  = @saved_col_connection */ ;

--
-- Table structure for table `teams`
--

DROP TABLE IF EXISTS `teams`;
/*!40101 SET @saved_cs_client     = @@character_set_client */;
/*!40101 SET character_set_client = utf8 */;
CREATE TABLE `teams` (
  `id_team` int(11) NOT NULL AUTO_INCREMENT,
  `id_division` int(11) DEFAULT NULL,
  `team_name` varchar(100) NOT NULL,
  `creation_date` date DEFAULT NULL,
  `logo` varchar(45) DEFAULT NULL,
  `id_parent` int(11) DEFAULT NULL COMMENT 'Дубль основной команды',
  PRIMARY KEY (`id_team`),
  KEY `fk_teams_teams1_idx` (`id_parent`)
) ENGINE=InnoDB AUTO_INCREMENT=39 DEFAULT CHARSET=utf8;
/*!40101 SET character_set_client = @saved_cs_client */;

--
-- Dumping data for table `teams`
--

LOCK TABLES `teams` WRITE;
/*!40000 ALTER TABLE `teams` DISABLE KEYS */;
INSERT INTO `teams` VALUES (1,1,'Авангард',NULL,'авангард.png',NULL),(2,1,'Усадьба Банная',NULL,'усадьба банная.png',NULL),(3,1,'Селтик',NULL,'селтик.png',NULL),(4,1,'Селтик-2',NULL,'селтик-2.png',NULL),(5,1,'Нижгары',NULL,'нижгары.png',NULL),(6,1,'Дизайн-окно-Связист',NULL,'дизайн-окно-связист.png',NULL),(7,1,'Трансгарант',NULL,'трансгарант.png',NULL),(8,1,'Альбасете',NULL,'альбасете.png',NULL),(9,1,'Профит-Хаста',NULL,'профит-хаста.png',NULL),(10,1,'Регион-13',NULL,'регион-13.png',NULL),(11,1,'СКА',NULL,'ска.png',NULL),(12,1,'Экспресс Москва',NULL,'экспресс москва.png',NULL),(13,1,'Титан',NULL,'титан.png',NULL),(14,1,'Бриг',NULL,'бриг.png',NULL),(15,1,'Бастион',NULL,'бастион.png',NULL),(16,2,'Фут. академия Ю.В. Гаврилова',NULL,'фут. академия ю.в. гаврилова.png',NULL),(17,2,'СтройЭкспо',NULL,'стройэкспо.png',NULL),(18,2,'Жилкомплекс-Королёв',NULL,'жилкомплекс-королёв.png',NULL),(19,2,'Эрствак',NULL,'эрствак.png',NULL),(20,2,'Торпедо',NULL,'торпедо.png',NULL),(21,2,'Косино',NULL,'косино.png',NULL),(22,2,'Гравити',NULL,'гравити.png',NULL),(23,2,'Бобби Дэззлер',NULL,'бобби дэззлер.png',NULL),(24,2,'Атлетик',NULL,'атлетик.png',NULL),(25,2,'ЛФК Империя',NULL,'лфк империя.png',NULL),(26,2,'Лефортово',NULL,'лефортово.png',NULL),(27,2,'Фора',NULL,'фора.png',NULL),(28,2,'Колхоз',NULL,'колхоз.png',NULL),(29,2,'Профком Юнайтед-Москва',NULL,'профком юнайтед-москва.png',NULL),(30,2,'Морс',NULL,'морс.png',NULL),(31,2,'Зубр',NULL,'зубр.png',NULL),(32,2,'Прайм',NULL,'прайм.png',NULL),(33,2,'Чума востока',NULL,'чума востока.png',NULL),(34,2,'Аэротрейд',NULL,'аэротрейд.png',NULL),(35,2,'ЛИТ',NULL,'лит.png',NULL),(36,NULL,'свободный агент',NULL,NULL,NULL),(38,1,'РМА',NULL,'рма.png',NULL);
/*!40000 ALTER TABLE `teams` ENABLE KEYS */;
UNLOCK TABLES;
/*!50003 SET @saved_cs_client      = @@character_set_client */ ;
/*!50003 SET @saved_cs_results     = @@character_set_results */ ;
/*!50003 SET @saved_col_connection = @@collation_connection */ ;
/*!50003 SET character_set_client  = utf8 */ ;
/*!50003 SET character_set_results = utf8 */ ;
/*!50003 SET collation_connection  = utf8_general_ci */ ;
/*!50003 SET @saved_sql_mode       = @@sql_mode */ ;
/*!50003 SET sql_mode              = 'STRICT_TRANS_TABLES,NO_AUTO_CREATE_USER,NO_ENGINE_SUBSTITUTION' */ ;
DELIMITER ;;
/*!50003 CREATE*/ /*!50017 DEFINER=`root`@`localhost`*/ /*!50003 trigger tr_aft_ins_teams after insert on teams
for each row
begin 

if new.team_name <> 'cвободный агент' then
	insert into tournament_table
	set id_season = (select id_season from sesons
						where curdate() between year_start and year_end),
		id_division = new.id_division,
		id_team = new.id_team,
		games = 0, wins = 0, draws = 0, losses = 0, goals_scored = 0, goals_conceded = 0, points = 0;
end if;

end */;;
DELIMITER ;
/*!50003 SET sql_mode              = @saved_sql_mode */ ;
/*!50003 SET character_set_client  = @saved_cs_client */ ;
/*!50003 SET character_set_results = @saved_cs_results */ ;
/*!50003 SET collation_connection  = @saved_col_connection */ ;

--
-- Table structure for table `tournament_table`
--

DROP TABLE IF EXISTS `tournament_table`;
/*!40101 SET @saved_cs_client     = @@character_set_client */;
/*!40101 SET character_set_client = utf8 */;
CREATE TABLE `tournament_table` (
  `id_season` int(11) NOT NULL,
  `id_division` int(11) NOT NULL,
  `id_team` int(11) NOT NULL,
  `games` int(11) DEFAULT '0',
  `wins` int(11) DEFAULT '0',
  `draws` int(11) DEFAULT '0',
  `losses` int(11) DEFAULT '0',
  `goals_scored` int(11) DEFAULT '0',
  `goals_conceded` int(11) DEFAULT '0',
  `points` int(11) DEFAULT '0',
  PRIMARY KEY (`id_season`,`id_division`,`id_team`),
  KEY `fk_tournament_table_teams1_idx` (`id_team`),
  KEY `fk_tournament_table_divisions1_idx` (`id_division`),
  KEY `fk_tournament_table_sesons1_idx` (`id_season`),
  CONSTRAINT `fk_tournament_table_divisions1` FOREIGN KEY (`id_division`) REFERENCES `divisions` (`id_division`) ON DELETE NO ACTION ON UPDATE NO ACTION,
  CONSTRAINT `fk_tournament_table_sesons1` FOREIGN KEY (`id_season`) REFERENCES `sesons` (`id_season`) ON DELETE NO ACTION ON UPDATE NO ACTION,
  CONSTRAINT `fk_tournament_table_teams1` FOREIGN KEY (`id_team`) REFERENCES `teams` (`id_team`) ON DELETE CASCADE ON UPDATE CASCADE
) ENGINE=InnoDB DEFAULT CHARSET=utf8;
/*!40101 SET character_set_client = @saved_cs_client */;

--
-- Dumping data for table `tournament_table`
--

LOCK TABLES `tournament_table` WRITE;
/*!40000 ALTER TABLE `tournament_table` DISABLE KEYS */;
INSERT INTO `tournament_table` VALUES (1,1,1,14,12,2,0,76,16,38),(1,1,2,14,12,1,1,74,12,37),(1,1,3,15,11,3,1,81,28,36),(1,1,4,15,12,1,2,70,26,37),(1,1,5,15,9,1,5,65,50,28),(1,1,6,15,8,2,5,42,35,26),(1,1,7,14,6,4,4,46,31,22),(1,1,8,15,6,0,9,37,66,18),(1,1,9,15,4,4,7,36,49,16),(1,1,10,15,4,1,10,38,76,13),(1,1,11,15,5,0,10,38,67,15),(1,1,12,14,4,1,9,46,57,13),(1,1,13,14,3,1,10,41,57,10),(1,1,14,15,2,0,13,29,77,6),(1,1,15,14,2,0,12,18,68,6),(1,1,38,11,4,1,6,26,48,13),(1,2,16,19,17,0,2,118,35,51),(1,2,17,19,14,2,3,94,32,44),(1,2,18,20,15,1,4,94,36,46),(1,2,19,20,14,2,4,72,37,44),(1,2,20,20,13,1,6,84,52,40),(1,2,21,19,12,2,5,73,59,38),(1,2,22,19,11,3,5,70,51,36),(1,2,23,20,11,2,7,68,46,35),(1,2,24,19,8,4,7,49,53,28),(1,2,25,20,8,3,9,69,81,27),(1,2,26,19,6,5,8,59,63,23),(1,2,27,20,8,2,10,59,65,26),(1,2,28,20,7,0,13,58,74,21),(1,2,29,19,5,2,12,50,78,17),(1,2,30,19,5,2,12,43,65,17),(1,2,31,20,5,1,14,64,126,16),(1,2,32,19,3,3,13,45,82,12),(1,2,33,19,3,2,14,40,74,11),(1,2,34,19,2,4,13,57,126,10),(1,2,35,9,1,1,7,21,52,4);
/*!40000 ALTER TABLE `tournament_table` ENABLE KEYS */;
UNLOCK TABLES;

--
-- Temporary view structure for view `v_first_div_tournament_table`
--

DROP TABLE IF EXISTS `v_first_div_tournament_table`;
/*!50001 DROP VIEW IF EXISTS `v_first_div_tournament_table`*/;
SET @saved_cs_client     = @@character_set_client;
SET character_set_client = utf8;
/*!50001 CREATE VIEW `v_first_div_tournament_table` AS SELECT 
 1 AS `name_division`,
 1 AS `id_division`,
 1 AS `team_name`,
 1 AS `id_team`,
 1 AS `games`,
 1 AS `wins`,
 1 AS `draws`,
 1 AS `losses`,
 1 AS `goals_scored`,
 1 AS `goals_conceded`,
 1 AS `sc_con`,
 1 AS `points`*/;
SET character_set_client = @saved_cs_client;

--
-- Temporary view structure for view `v_high_div_tournament_table`
--

DROP TABLE IF EXISTS `v_high_div_tournament_table`;
/*!50001 DROP VIEW IF EXISTS `v_high_div_tournament_table`*/;
SET @saved_cs_client     = @@character_set_client;
SET character_set_client = utf8;
/*!50001 CREATE VIEW `v_high_div_tournament_table` AS SELECT 
 1 AS `name_division`,
 1 AS `id_division`,
 1 AS `team_name`,
 1 AS `id_team`,
 1 AS `games`,
 1 AS `wins`,
 1 AS `draws`,
 1 AS `losses`,
 1 AS `goals_scored`,
 1 AS `goals_conceded`,
 1 AS `sc_con`,
 1 AS `points`*/;
SET character_set_client = @saved_cs_client;

--
-- Temporary view structure for view `v_matches`
--

DROP TABLE IF EXISTS `v_matches`;
/*!50001 DROP VIEW IF EXISTS `v_matches`*/;
SET @saved_cs_client     = @@character_set_client;
SET character_set_client = utf8;
/*!50001 CREATE VIEW `v_matches` AS SELECT 
 1 AS `id_match`,
 1 AS `name_division`,
 1 AS `id_tour`,
 1 AS `team_home`,
 1 AS `goal_home`,
 1 AS `goal_guest`,
 1 AS `team_guest`,
 1 AS `m_date`,
 1 AS `name_stadium`,
 1 AS `staff_name`,
 1 AS `transfer`*/;
SET character_set_client = @saved_cs_client;

--
-- Temporary view structure for view `v_tournament_table`
--

DROP TABLE IF EXISTS `v_tournament_table`;
/*!50001 DROP VIEW IF EXISTS `v_tournament_table`*/;
SET @saved_cs_client     = @@character_set_client;
SET character_set_client = utf8;
/*!50001 CREATE VIEW `v_tournament_table` AS SELECT 
 1 AS `name_division`,
 1 AS `id_division`,
 1 AS `team_name`,
 1 AS `id_team`,
 1 AS `games`,
 1 AS `wins`,
 1 AS `draws`,
 1 AS `losses`,
 1 AS `goals_scored`,
 1 AS `goals_conceded`,
 1 AS `points`*/;
SET character_set_client = @saved_cs_client;

--
-- Dumping events for database 'football_main'
--

--
-- Dumping routines for database 'football_main'
--
/*!50003 DROP PROCEDURE IF EXISTS `insertStaff` */;
/*!50003 SET @saved_cs_client      = @@character_set_client */ ;
/*!50003 SET @saved_cs_results     = @@character_set_results */ ;
/*!50003 SET @saved_col_connection = @@collation_connection */ ;
/*!50003 SET character_set_client  = utf8 */ ;
/*!50003 SET character_set_results = utf8 */ ;
/*!50003 SET collation_connection  = utf8_general_ci */ ;
/*!50003 SET @saved_sql_mode       = @@sql_mode */ ;
/*!50003 SET sql_mode              = 'STRICT_TRANS_TABLES,NO_AUTO_CREATE_USER,NO_ENGINE_SUBSTITUTION' */ ;
DELIMITER ;;
CREATE DEFINER=`root`@`localhost` PROCEDURE `insertStaff`(in name_ref varchar(70) )
begin 
	
    declare f int default 0; #переменная для проверки условия
    
    select count(1)
     into f
    from staff
     where staff_name like name_ref;
     
     if f = 0 then
		insert into staff
        set staff_name = name_ref, id_pos = 3;
	 else
		select 'This name have already exiat' as waring;
        #SIGNAL SQLSTATE '02000' SET MESSAGE_TEXT = 'Warning: This name have already exist';
     end if;

end ;;
DELIMITER ;
/*!50003 SET sql_mode              = @saved_sql_mode */ ;
/*!50003 SET character_set_client  = @saved_cs_client */ ;
/*!50003 SET character_set_results = @saved_cs_results */ ;
/*!50003 SET collation_connection  = @saved_col_connection */ ;
/*!50003 DROP PROCEDURE IF EXISTS `insPlayerInMatche` */;
/*!50003 SET @saved_cs_client      = @@character_set_client */ ;
/*!50003 SET @saved_cs_results     = @@character_set_results */ ;
/*!50003 SET @saved_col_connection = @@collation_connection */ ;
/*!50003 SET character_set_client  = utf8 */ ;
/*!50003 SET character_set_results = utf8 */ ;
/*!50003 SET collation_connection  = utf8_general_ci */ ;
/*!50003 SET @saved_sql_mode       = @@sql_mode */ ;
/*!50003 SET sql_mode              = 'STRICT_TRANS_TABLES,NO_AUTO_CREATE_USER,NO_ENGINE_SUBSTITUTION' */ ;
DELIMITER ;;
CREATE DEFINER=`root`@`localhost` PROCEDURE `insPlayerInMatche`(
	in t_home varchar(50),
    in t_guest varchar(50),
    in tour int,
    in name_player varchar(50),
    in t_player varchar(50),
    in goals int,
    in assists int,
    in c_yellow int,
    in c_red int,
    in l_penalty int,
    in l_penalty_out int,
    in l_own_goal int)
begin
	declare l_id_match int;
    declare l_id_player int;
	declare f int;
    declare f_2 int default 0;
    #вытаскиваем id матча
    select id_match
     into l_id_match
    from v_matches
    where team_home like t_home and team_guest like t_guest and id_tour = tour;
    #вытаскиваем кол-во. Если 1 то вытаскиваем игрока просто по имени, если нет то вытаскиваем и с командой
    select count(1)
     into f
	from players 
    where name like name_player;
    
    if f > 1 then 
		select id_player
         into l_id_player
        from players
        where name like name_player and id_team = (select id_team from teams where team_name like t_player);
        
		select count(1)
		 into f_2
        from players_in_match pm, v_matches m
        where pm.id_match = m.id_match
        and m.id_tour = tour
        and m.team_home = t_home
        and m.team_guest = t_guest
        and pm.id_player = l_id_player;
        
        
    else 
		select id_player
		 into l_id_player
		from players 
        where name like name_player;
        
    end if;
    
    if l_id_player is null then 
		insert into players
        set name = name_player, id_team = 36;
        
        select id_player
         into l_id_player
        from players
        where name = name_player;
	end if;
    #добавляем игрока
    if f_2 <> 1 then 
		insert into players_in_match
		set id_match = l_id_match,
			id_player = l_id_player,
			count_goals = goals,
			count_assist = assists,
			yellow = c_yellow,
			red = c_red,
			penalty = l_penalty,
			penalty_out = l_penalty_out,
			own_goal = l_own_goal;
	end if;
end ;;
DELIMITER ;
/*!50003 SET sql_mode              = @saved_sql_mode */ ;
/*!50003 SET character_set_client  = @saved_cs_client */ ;
/*!50003 SET character_set_results = @saved_cs_results */ ;
/*!50003 SET collation_connection  = @saved_col_connection */ ;

--
-- Final view structure for view `v_first_div_tournament_table`
--

/*!50001 DROP VIEW IF EXISTS `v_first_div_tournament_table`*/;
/*!50001 SET @saved_cs_client          = @@character_set_client */;
/*!50001 SET @saved_cs_results         = @@character_set_results */;
/*!50001 SET @saved_col_connection     = @@collation_connection */;
/*!50001 SET character_set_client      = utf8 */;
/*!50001 SET character_set_results     = utf8 */;
/*!50001 SET collation_connection      = utf8_general_ci */;
/*!50001 CREATE ALGORITHM=UNDEFINED */
/*!50013 DEFINER=`root`@`localhost` SQL SECURITY DEFINER */
/*!50001 VIEW `v_first_div_tournament_table` AS select `d`.`name_division` AS `name_division`,`tt`.`id_division` AS `id_division`,`t`.`team_name` AS `team_name`,`tt`.`id_team` AS `id_team`,`tt`.`games` AS `games`,`tt`.`wins` AS `wins`,`tt`.`draws` AS `draws`,`tt`.`losses` AS `losses`,`tt`.`goals_scored` AS `goals_scored`,`tt`.`goals_conceded` AS `goals_conceded`,(`tt`.`goals_scored` - `tt`.`goals_conceded`) AS `sc_con`,`tt`.`points` AS `points` from ((`tournament_table` `tt` join `teams` `t`) join `divisions` `d`) where ((`tt`.`id_team` = `t`.`id_team`) and (`tt`.`id_division` = `d`.`id_division`) and (`d`.`id_division` = 2)) order by `tt`.`points` desc,(`tt`.`goals_scored` - `tt`.`goals_conceded`) desc */;
/*!50001 SET character_set_client      = @saved_cs_client */;
/*!50001 SET character_set_results     = @saved_cs_results */;
/*!50001 SET collation_connection      = @saved_col_connection */;

--
-- Final view structure for view `v_high_div_tournament_table`
--

/*!50001 DROP VIEW IF EXISTS `v_high_div_tournament_table`*/;
/*!50001 SET @saved_cs_client          = @@character_set_client */;
/*!50001 SET @saved_cs_results         = @@character_set_results */;
/*!50001 SET @saved_col_connection     = @@collation_connection */;
/*!50001 SET character_set_client      = utf8 */;
/*!50001 SET character_set_results     = utf8 */;
/*!50001 SET collation_connection      = utf8_general_ci */;
/*!50001 CREATE ALGORITHM=UNDEFINED */
/*!50013 DEFINER=`root`@`localhost` SQL SECURITY DEFINER */
/*!50001 VIEW `v_high_div_tournament_table` AS select `d`.`name_division` AS `name_division`,`tt`.`id_division` AS `id_division`,`t`.`team_name` AS `team_name`,`tt`.`id_team` AS `id_team`,`tt`.`games` AS `games`,`tt`.`wins` AS `wins`,`tt`.`draws` AS `draws`,`tt`.`losses` AS `losses`,`tt`.`goals_scored` AS `goals_scored`,`tt`.`goals_conceded` AS `goals_conceded`,(`tt`.`goals_scored` - `tt`.`goals_conceded`) AS `sc_con`,`tt`.`points` AS `points` from ((`tournament_table` `tt` join `teams` `t`) join `divisions` `d`) where ((`tt`.`id_team` = `t`.`id_team`) and (`tt`.`id_division` = `d`.`id_division`) and (`d`.`id_division` = 1)) order by `tt`.`points` desc,(`tt`.`goals_scored` - `tt`.`goals_conceded`) desc */;
/*!50001 SET character_set_client      = @saved_cs_client */;
/*!50001 SET character_set_results     = @saved_cs_results */;
/*!50001 SET collation_connection      = @saved_col_connection */;

--
-- Final view structure for view `v_matches`
--

/*!50001 DROP VIEW IF EXISTS `v_matches`*/;
/*!50001 SET @saved_cs_client          = @@character_set_client */;
/*!50001 SET @saved_cs_results         = @@character_set_results */;
/*!50001 SET @saved_col_connection     = @@collation_connection */;
/*!50001 SET character_set_client      = utf8 */;
/*!50001 SET character_set_results     = utf8 */;
/*!50001 SET collation_connection      = utf8_general_ci */;
/*!50001 CREATE ALGORITHM=UNDEFINED */
/*!50013 DEFINER=`root`@`localhost` SQL SECURITY DEFINER */
/*!50001 VIEW `v_matches` AS select `m`.`id_match` AS `id_match`,`d`.`name_division` AS `name_division`,`m`.`id_tour` AS `id_tour`,`th`.`team_name` AS `team_home`,`m`.`goal_home` AS `goal_home`,`m`.`goal_guest` AS `goal_guest`,`tg`.`team_name` AS `team_guest`,`m`.`m_date` AS `m_date`,`s`.`name_stadium` AS `name_stadium`,`st`.`staff_name` AS `staff_name`,`m`.`transfer` AS `transfer` from (((((`matches` `m` join `teams` `th` on((`th`.`id_team` = `m`.`team_home`))) join `teams` `tg` on((`tg`.`id_team` = `m`.`team_guest`))) join `stadiums` `s` on((`s`.`id_stadium` = `m`.`id_stadium`))) join `divisions` `d` on((`d`.`id_division` = `m`.`id_division`))) join `staff` `st` on((`st`.`id_staff` = `m`.`id_referee`))) */;
/*!50001 SET character_set_client      = @saved_cs_client */;
/*!50001 SET character_set_results     = @saved_cs_results */;
/*!50001 SET collation_connection      = @saved_col_connection */;

--
-- Final view structure for view `v_tournament_table`
--

/*!50001 DROP VIEW IF EXISTS `v_tournament_table`*/;
/*!50001 SET @saved_cs_client          = @@character_set_client */;
/*!50001 SET @saved_cs_results         = @@character_set_results */;
/*!50001 SET @saved_col_connection     = @@collation_connection */;
/*!50001 SET character_set_client      = utf8 */;
/*!50001 SET character_set_results     = utf8 */;
/*!50001 SET collation_connection      = utf8_general_ci */;
/*!50001 CREATE ALGORITHM=UNDEFINED */
/*!50013 DEFINER=`root`@`localhost` SQL SECURITY DEFINER */
/*!50001 VIEW `v_tournament_table` AS select `d`.`name_division` AS `name_division`,`tt`.`id_division` AS `id_division`,`t`.`team_name` AS `team_name`,`tt`.`id_team` AS `id_team`,`tt`.`games` AS `games`,`tt`.`wins` AS `wins`,`tt`.`draws` AS `draws`,`tt`.`losses` AS `losses`,`tt`.`goals_scored` AS `goals_scored`,`tt`.`goals_conceded` AS `goals_conceded`,`tt`.`points` AS `points` from ((`tournament_table` `tt` join `teams` `t`) join `divisions` `d`) where ((`tt`.`id_team` = `t`.`id_team`) and (`tt`.`id_division` = `d`.`id_division`)) */;
/*!50001 SET character_set_client      = @saved_cs_client */;
/*!50001 SET character_set_results     = @saved_cs_results */;
/*!50001 SET collation_connection      = @saved_col_connection */;
/*!40103 SET TIME_ZONE=@OLD_TIME_ZONE */;

/*!40101 SET SQL_MODE=@OLD_SQL_MODE */;
/*!40014 SET FOREIGN_KEY_CHECKS=@OLD_FOREIGN_KEY_CHECKS */;
/*!40014 SET UNIQUE_CHECKS=@OLD_UNIQUE_CHECKS */;
/*!40101 SET CHARACTER_SET_CLIENT=@OLD_CHARACTER_SET_CLIENT */;
/*!40101 SET CHARACTER_SET_RESULTS=@OLD_CHARACTER_SET_RESULTS */;
/*!40101 SET COLLATION_CONNECTION=@OLD_COLLATION_CONNECTION */;
/*!40111 SET SQL_NOTES=@OLD_SQL_NOTES */;

-- Dump completed on 2019-01-30 22:38:13
